officer_id,department,role,period,complaints_assigned,complaints_resolved,resolution_rate_pct,avg_resolution_days,sla_breach_count,sla_breach_rate_pct,projects_managed,workload_score,skill_factor
OFF-0001,ROADS,Junior Engineer,2022-01,21,13,61.9,0.9,0,2.1,1,0.214,0.909
OFF-0001,ROADS,Junior Engineer,2022-02,21,14,66.7,3.6,0,2.0,2,0.417,0.909
OFF-0001,ROADS,Junior Engineer,2022-03,26,22,84.6,1.1,0,1.8,0,0.259,0.909
OFF-0001,ROADS,Junior Engineer,2022-04,30,25,83.3,0.8,0,2.6,1,0.269,0.909
OFF-0001,ROADS,Junior Engineer,2022-05,25,18,72.0,3.2,0,3.5,1,0.418,0.909
OFF-0001,ROADS,Junior Engineer,2022-06,50,31,62.0,2.4,1,3.3,0,0.523,0.909
OFF-0001,ROADS,Junior Engineer,2022-07,38,27,71.1,0.9,1,3.1,2,0.329,0.909
OFF-0001,ROADS,Junior Engineer,2022-08,37,29,78.4,0.5,0,2.6,0,0.292,0.909
OFF-0001,ROADS,Junior Engineer,2022-09,34,21,61.8,3.0,0,2.6,2,0.46,0.909
OFF-0001,ROADS,Junior Engineer,2022-10,28,22,78.6,0.5,0,3.5,2,0.235,0.909
OFF-0001,ROADS,Junior Engineer,2022-11,28,22,78.6,2.5,0,2.8,3,0.384,0.909
OFF-0001,ROADS,Junior Engineer,2022-12,26,20,76.9,1.9,0,3.3,0,0.327,0.909
OFF-0001,ROADS,Junior Engineer,2023-01,23,19,82.6,2.8,0,2.1,0,0.367,0.909
OFF-0001,ROADS,Junior Engineer,2023-02,30,24,80.0,1.3,0,1.2,2,0.298,0.909
OFF-0001,ROADS,Junior Engineer,2023-03,23,14,60.9,1.8,0,1.4,3,0.295,0.909
OFF-0001,ROADS,Junior Engineer,2023-04,21,17,81.0,2.7,0,1.6,0,0.344,0.909
OFF-0001,ROADS,Junior Engineer,2023-05,31,23,74.2,4.4,0,1.4,0,0.511,0.909
OFF-0001,ROADS,Junior Engineer,2023-06,33,23,69.7,0.6,0,1.8,3,0.272,0.909
OFF-0001,ROADS,Junior Engineer,2023-07,31,23,74.2,4.1,0,2.2,1,0.513,0.909
OFF-0001,ROADS,Junior Engineer,2023-08,36,23,63.9,3.0,0,2.4,3,0.474,0.909
OFF-0001,ROADS,Junior Engineer,2023-09,38,30,78.9,2.9,1,3.3,1,0.478,0.909
OFF-0001,ROADS,Junior Engineer,2023-10,24,19,79.2,0.5,0,1.5,3,0.202,0.909
OFF-0001,ROADS,Junior Engineer,2023-11,25,16,64.0,1.3,0,2.3,1,0.274,0.909
OFF-0001,ROADS,Junior Engineer,2023-12,27,20,74.1,2.9,0,2.4,1,0.403,0.909
OFF-0001,ROADS,Junior Engineer,2024-01,25,17,68.0,1.3,0,3.5,2,0.278,0.909
OFF-0001,ROADS,Junior Engineer,2024-02,25,17,68.0,2.9,0,1.4,1,0.387,0.909
OFF-0001,ROADS,Junior Engineer,2024-03,30,23,76.7,1.8,0,1.1,3,0.342,0.909
OFF-0001,ROADS,Junior Engineer,2024-04,29,20,69.0,2.2,0,1.5,1,0.36,0.909
OFF-0001,ROADS,Junior Engineer,2024-05,23,19,82.6,1.2,0,3.2,0,0.251,0.909
OFF-0001,ROADS,Junior Engineer,2024-06,35,22,62.9,1.1,0,1.2,3,0.319,0.909
OFF-0001,ROADS,Junior Engineer,2024-07,42,25,59.5,1.8,1,3.6,1,0.427,0.909
OFF-0001,ROADS,Junior Engineer,2024-08,48,30,62.5,3.4,0,1.6,1,0.578,0.909
OFF-0001,ROADS,Junior Engineer,2024-09,38,32,84.2,0.6,0,1.1,0,0.302,0.909
OFF-0001,ROADS,Junior Engineer,2024-10,24,19,79.2,2.1,0,1.0,2,0.317,0.909
OFF-0001,ROADS,Junior Engineer,2024-11,23,19,82.6,1.1,0,2.7,4,0.241,0.909
OFF-0001,ROADS,Junior Engineer,2024-12,21,14,66.7,3.5,0,1.6,2,0.408,0.909
OFF-0002,ROADS,Assistant Engineer,2022-01,22,17,77.3,2.7,0,0.0,0,0.345,1.026
OFF-0002,ROADS,Assistant Engineer,2022-02,27,18,66.7,2.5,0,0.0,4,0.371,1.026
OFF-0002,ROADS,Assistant Engineer,2022-03,24,20,83.3,3.7,0,0.0,3,0.438,1.026
OFF-0002,ROADS,Assistant Engineer,2022-04,25,21,84.0,1.7,0,0.0,2,0.296,1.026
OFF-0002,ROADS,Assistant Engineer,2022-05,26,19,73.1,4.7,0,0.0,1,0.473,1.026
OFF-0002,ROADS,Assistant Engineer,2022-06,34,28,82.4,1.6,0,0.0,1,0.344,1.026
OFF-0002,ROADS,Assistant Engineer,2022-07,39,30,76.9,1.2,0,0.0,3,0.351,1.026
OFF-0002,ROADS,Assistant Engineer,2022-08,33,26,78.8,1.5,0,0.0,0,0.329,1.026
OFF-0002,ROADS,Assistant Engineer,2022-09,27,21,77.8,1.7,0,0.0,1,0.308,1.026
OFF-0002,ROADS,Assistant Engineer,2022-10,25,20,80.0,1.8,0,0.0,2,0.301,1.026
OFF-0002,ROADS,Assistant Engineer,2022-11,28,21,75.0,1.4,0,0.0,2,0.291,1.026
OFF-0002,ROADS,Assistant Engineer,2022-12,25,19,76.0,0.8,0,0.0,1,0.229,1.026
OFF-0002,ROADS,Assistant Engineer,2023-01,22,19,86.4,0.8,0,0.0,1,0.203,1.026
OFF-0002,ROADS,Assistant Engineer,2023-02,21,20,95.2,1.1,0,0.0,2,0.224,1.026
OFF-0002,ROADS,Assistant Engineer,2023-03,26,19,73.1,1.2,0,0.0,2,0.26,1.026
OFF-0002,ROADS,Assistant Engineer,2023-04,24,19,79.2,2.1,0,0.0,0,0.314,1.026
OFF-0002,ROADS,Assistant Engineer,2023-05,27,20,74.1,2.6,0,0.0,1,0.377,1.026
OFF-0002,ROADS,Assistant Engineer,2023-06,41,33,80.5,1.4,0,0.0,2,0.377,1.026
OFF-0002,ROADS,Assistant Engineer,2023-07,34,27,79.4,1.4,0,0.0,0,0.333,1.026
OFF-0002,ROADS,Assistant Engineer,2023-08,30,27,90.0,0.6,0,0.0,1,0.244,1.026
OFF-0002,ROADS,Assistant Engineer,2023-09,35,26,74.3,3.1,0,0.0,2,0.469,1.026
OFF-0002,ROADS,Assistant Engineer,2023-10,24,20,83.3,3.0,0,0.0,1,0.386,1.026
OFF-0002,ROADS,Assistant Engineer,2023-11,24,17,70.8,2.3,0,0.0,3,0.331,1.026
OFF-0002,ROADS,Assistant Engineer,2023-12,24,21,87.5,2.2,0,0.0,2,0.321,1.026
OFF-0002,ROADS,Assistant Engineer,2024-01,20,17,85.0,1.2,0,0.0,0,0.223,1.026
OFF-0002,ROADS,Assistant Engineer,2024-02,20,18,90.0,1.8,0,0.0,0,0.27,1.026
OFF-0002,ROADS,Assistant Engineer,2024-03,21,19,90.5,3.3,0,0.0,0,0.387,1.026
OFF-0002,ROADS,Assistant Engineer,2024-04,23,20,87.0,1.8,0,0.0,0,0.289,1.026
OFF-0002,ROADS,Assistant Engineer,2024-05,19,14,73.7,4.3,0,0.0,1,0.427,1.026
OFF-0002,ROADS,Assistant Engineer,2024-06,48,39,81.2,0.5,0,0.0,3,0.358,1.026
OFF-0002,ROADS,Assistant Engineer,2024-07,39,26,66.7,1.7,0,0.0,1,0.39,1.026
OFF-0002,ROADS,Assistant Engineer,2024-08,36,32,88.9,1.0,0,0.0,1,0.314,1.026
OFF-0002,ROADS,Assistant Engineer,2024-09,38,26,68.4,0.5,0,0.0,1,0.291,1.026
OFF-0002,ROADS,Assistant Engineer,2024-10,26,22,84.6,4.4,0,0.0,1,0.473,1.026
OFF-0002,ROADS,Assistant Engineer,2024-11,22,17,77.3,1.6,0,0.0,3,0.263,1.026
OFF-0002,ROADS,Assistant Engineer,2024-12,22,17,77.3,2.5,0,0.0,0,0.334,1.026
OFF-0003,ROADS,Junior Engineer,2022-01,39,32,82.1,2.7,1,2.6,2,0.47,0.93
OFF-0003,ROADS,Junior Engineer,2022-02,41,25,61.0,2.6,0,1.1,1,0.475,0.93
OFF-0003,ROADS,Junior Engineer,2022-03,41,25,61.0,2.1,0,2.0,0,0.439,0.93
OFF-0003,ROADS,Junior Engineer,2022-04,34,28,82.4,2.5,0,1.0,0,0.417,0.93
OFF-0003,ROADS,Junior Engineer,2022-05,37,28,75.7,0.5,0,1.8,0,0.29,0.93
OFF-0003,ROADS,Junior Engineer,2022-06,58,38,65.5,1.1,1,2.0,1,0.477,0.93
OFF-0003,ROADS,Junior Engineer,2022-07,66,41,62.1,2.2,1,1.7,0,0.57,0.93
OFF-0003,ROADS,Junior Engineer,2022-08,50,33,66.0,2.7,1,2.6,2,0.542,0.93
OFF-0003,ROADS,Junior Engineer,2022-09,53,43,81.1,1.7,0,1.5,3,0.487,0.93
OFF-0003,ROADS,Junior Engineer,2022-10,38,25,65.8,4.0,0,1.0,1,0.554,0.93
OFF-0003,ROADS,Junior Engineer,2022-11,34,23,67.6,2.1,0,2.6,1,0.394,0.93
OFF-0003,ROADS,Junior Engineer,2022-12,37,28,75.7,1.5,0,1.4,1,0.36,0.93
OFF-0003,ROADS,Junior Engineer,2023-01,41,33,80.5,2.0,0,1.3,2,0.427,0.93
OFF-0003,ROADS,Junior Engineer,2023-02,40,27,67.5,3.3,0,1.9,2,0.523,0.93
OFF-0003,ROADS,Junior Engineer,2023-03,37,27,73.0,1.8,0,1.6,2,0.384,0.93
OFF-0003,ROADS,Junior Engineer,2023-04,30,21,70.0,4.1,0,2.4,2,0.507,0.93
OFF-0003,ROADS,Junior Engineer,2023-05,40,28,70.0,2.8,0,0.8,2,0.477,0.93
OFF-0003,ROADS,Junior Engineer,2023-06,55,38,69.1,2.4,1,2.4,0,0.557,0.93
OFF-0003,ROADS,Junior Engineer,2023-07,62,51,82.3,2.9,0,1.4,0,0.622,0.93
OFF-0003,ROADS,Junior Engineer,2023-08,56,44,78.6,0.6,1,2.5,0,0.427,0.93
OFF-0003,ROADS,Junior Engineer,2023-09,53,37,69.8,1.0,1,2.4,4,0.436,0.93
OFF-0003,ROADS,Junior Engineer,2023-10,38,26,68.4,2.3,0,1.6,2,0.432,0.93
OFF-0003,ROADS,Junior Engineer,2023-11,38,25,65.8,2.8,0,1.8,0,0.467,0.93
OFF-0003,ROADS,Junior Engineer,2023-12,34,27,79.4,2.7,0,2.6,0,0.434,0.93
OFF-0003,ROADS,Junior Engineer,2024-01,32,19,59.4,3.7,0,1.7,3,0.493,0.93
OFF-0003,ROADS,Junior Engineer,2024-02,33,28,84.8,3.2,0,2.2,3,0.469,0.93
OFF-0003,ROADS,Junior Engineer,2024-03,38,28,73.7,2.4,0,2.1,2,0.441,0.93
OFF-0003,ROADS,Junior Engineer,2024-04,40,35,87.5,2.1,0,1.3,0,0.429,0.93
OFF-0003,ROADS,Junior Engineer,2024-05,34,22,64.7,2.0,0,1.0,0,0.379,0.93
OFF-0003,ROADS,Junior Engineer,2024-06,50,32,64.0,0.5,0,1.3,3,0.375,0.93
OFF-0003,ROADS,Junior Engineer,2024-07,49,42,85.7,1.8,0,1.1,0,0.464,0.93
OFF-0003,ROADS,Junior Engineer,2024-08,74,56,75.7,3.0,1,2.0,3,0.635,0.93
OFF-0003,ROADS,Junior Engineer,2024-09,68,48,70.6,2.4,1,2.0,2,0.587,0.93
OFF-0003,ROADS,Junior Engineer,2024-10,30,22,73.3,0.5,0,2.1,1,0.244,0.93
OFF-0003,ROADS,Junior Engineer,2024-11,37,22,59.5,2.8,0,0.9,1,0.457,0.93
OFF-0003,ROADS,Junior Engineer,2024-12,41,28,68.3,3.2,0,2.3,0,0.517,0.93
OFF-0004,ROADS,Assistant Engineer,2022-01,30,25,83.3,1.5,0,0.0,1,0.313,1.023
OFF-0004,ROADS,Assistant Engineer,2022-02,32,29,90.6,0.5,0,0.0,0,0.251,1.023
OFF-0004,ROADS,Assistant Engineer,2022-03,26,20,76.9,1.6,0,0.0,0,0.293,1.023
OFF-0004,ROADS,Assistant Engineer,2022-04,24,16,66.7,3.1,0,0.0,3,0.396,1.023
OFF-0004,ROADS,Assistant Engineer,2022-05,22,20,90.9,2.3,0,0.0,0,0.315,1.023
OFF-0004,ROADS,Assistant Engineer,2022-06,48,36,75.0,0.5,0,0.0,1,0.358,1.023
OFF-0004,ROADS,Assistant Engineer,2022-07,37,34,91.9,0.5,0,0.0,2,0.284,1.023
OFF-0004,ROADS,Assistant Engineer,2022-08,49,33,67.3,1.6,0,0.0,3,0.443,1.023
OFF-0004,ROADS,Assistant Engineer,2022-09,42,38,90.5,3.4,0,0.0,2,0.537,1.023
OFF-0004,ROADS,Assistant Engineer,2022-10,31,21,67.7,1.2,0,0.0,0,0.298,1.023
OFF-0004,ROADS,Assistant Engineer,2022-11,24,20,83.3,1.0,0,0.0,1,0.237,1.023
OFF-0004,ROADS,Assistant Engineer,2022-12,22,17,77.3,3.6,0,0.0,1,0.414,1.023
OFF-0004,ROADS,Assistant Engineer,2023-01,25,20,80.0,3.2,0,0.0,2,0.406,1.023
OFF-0004,ROADS,Assistant Engineer,2023-02,31,21,67.7,2.3,0,0.0,2,0.377,1.023
OFF-0004,ROADS,Assistant Engineer,2023-03,30,26,86.7,1.1,0,0.0,0,0.285,1.023
OFF-0004,ROADS,Assistant Engineer,2023-04,24,17,70.8,1.4,0,0.0,0,0.264,1.023
OFF-0004,ROADS,Assistant Engineer,2023-05,27,23,85.2,2.4,0,0.0,1,0.357,1.023
OFF-0004,ROADS,Assistant Engineer,2023-06,40,27,67.5,2.8,0,0.0,3,0.479,1.023
OFF-0004,ROADS,Assistant Engineer,2023-07,32,30,93.8,1.7,0,0.0,0,0.341,1.023
OFF-0004,ROADS,Assistant Engineer,2023-08,38,34,89.5,2.4,0,0.0,0,0.43,1.023
OFF-0004,ROADS,Assistant Engineer,2023-09,50,36,72.0,1.5,0,0.0,1,0.446,1.023
OFF-0004,ROADS,Assistant Engineer,2023-10,32,24,75.0,1.2,0,0.0,3,0.304,1.023
OFF-0004,ROADS,Assistant Engineer,2023-11,28,26,92.9,2.1,0,0.0,0,0.343,1.023
OFF-0004,ROADS,Assistant Engineer,2023-12,32,21,65.6,1.2,0,0.0,2,0.303,1.023
OFF-0004,ROADS,Assistant Engineer,2024-01,30,27,90.0,2.2,0,0.0,1,0.369,1.023
OFF-0004,ROADS,Assistant Engineer,2024-02,24,21,87.5,2.4,0,0.0,2,0.338,1.023
OFF-0004,ROADS,Assistant Engineer,2024-03,30,23,76.7,2.9,0,0.0,1,0.419,1.023
OFF-0004,ROADS,Assistant Engineer,2024-04,25,21,84.0,3.6,0,0.0,3,0.436,1.023
OFF-0004,ROADS,Assistant Engineer,2024-05,32,27,84.4,2.9,0,0.0,1,0.434,1.023
OFF-0004,ROADS,Assistant Engineer,2024-06,36,33,91.7,1.9,0,0.0,2,0.385,1.023
OFF-0004,ROADS,Assistant Engineer,2024-07,42,29,69.0,0.9,0,0.0,1,0.345,1.023
OFF-0004,ROADS,Assistant Engineer,2024-08,43,37,86.0,1.2,0,0.0,4,0.374,1.023
OFF-0004,ROADS,Assistant Engineer,2024-09,51,40,78.4,2.2,0,0.0,3,0.502,1.023
OFF-0004,ROADS,Assistant Engineer,2024-10,28,22,78.6,1.9,0,0.0,2,0.328,1.023
OFF-0004,ROADS,Assistant Engineer,2024-11,32,24,75.0,1.5,0,0.0,1,0.328,1.023
OFF-0004,ROADS,Assistant Engineer,2024-12,33,30,90.9,0.5,0,0.0,1,0.258,1.023
OFF-0005,ROADS,Executive Engineer,2022-01,15,14,93.3,2.6,0,0.0,3,0.298,1.056
OFF-0005,ROADS,Executive Engineer,2022-02,19,14,73.7,1.9,0,0.0,4,0.271,1.056
OFF-0005,ROADS,Executive Engineer,2022-03,17,16,94.1,3.2,0,0.0,2,0.351,1.056
OFF-0005,ROADS,Executive Engineer,2022-04,18,13,72.2,2.8,0,0.0,3,0.333,1.056
OFF-0005,ROADS,Executive Engineer,2022-05,15,14,93.3,2.2,0,0.0,3,0.268,1.056
OFF-0005,ROADS,Executive Engineer,2022-06,23,16,69.6,2.6,0,0.0,1,0.348,1.056
OFF-0005,ROADS,Executive Engineer,2022-07,30,29,96.7,2.6,0,0.0,0,0.392,1.056
OFF-0005,ROADS,Executive Engineer,2022-08,26,18,69.2,2.4,0,0.0,0,0.354,1.056
OFF-0005,ROADS,Executive Engineer,2022-09,23,19,82.6,0.5,0,0.0,1,0.191,1.056
OFF-0005,ROADS,Executive Engineer,2022-10,17,14,82.4,2.3,0,0.0,0,0.286,1.056
OFF-0005,ROADS,Executive Engineer,2022-11,14,11,78.6,2.1,0,0.0,3,0.251,1.056
OFF-0005,ROADS,Executive Engineer,2022-12,19,18,94.7,1.8,0,0.0,1,0.265,1.056
OFF-0005,ROADS,Executive Engineer,2023-01,16,11,68.8,2.3,0,0.0,2,0.275,1.056
OFF-0005,ROADS,Executive Engineer,2023-02,13,10,76.9,3.4,0,0.0,1,0.341,1.056
OFF-0005,ROADS,Executive Engineer,2023-03,19,15,78.9,3.5,0,0.0,0,0.391,1.056
OFF-0005,ROADS,Executive Engineer,2023-04,16,12,75.0,2.4,0,0.0,4,0.29,1.056
OFF-0005,ROADS,Executive Engineer,2023-05,18,14,77.8,2.5,0,0.0,2,0.305,1.056
OFF-0005,ROADS,Executive Engineer,2023-06,32,27,84.4,1.2,0,0.0,4,0.302,1.056
OFF-0005,ROADS,Executive Engineer,2023-07,31,23,74.2,2.6,0,0.0,0,0.398,1.056
OFF-0005,ROADS,Executive Engineer,2023-08,21,16,76.2,2.2,0,0.0,3,0.304,1.056
OFF-0005,ROADS,Executive Engineer,2023-09,29,26,89.7,0.5,0,0.0,3,0.231,1.056
OFF-0005,ROADS,Executive Engineer,2023-10,16,11,68.8,0.7,0,0.0,2,0.158,1.056
OFF-0005,ROADS,Executive Engineer,2023-11,18,12,66.7,1.2,0,0.0,1,0.211,1.056
OFF-0005,ROADS,Executive Engineer,2023-12,15,12,80.0,1.3,0,0.0,2,0.198,1.056
OFF-0005,ROADS,Executive Engineer,2024-01,19,16,84.2,2.4,0,0.0,0,0.31,1.056
OFF-0005,ROADS,Executive Engineer,2024-02,14,12,85.7,1.0,0,0.0,0,0.17,1.056
OFF-0005,ROADS,Executive Engineer,2024-03,18,16,88.9,1.6,0,0.0,1,0.24,1.056
OFF-0005,ROADS,Executive Engineer,2024-04,19,18,94.7,2.8,0,0.0,1,0.339,1.056
OFF-0005,ROADS,Executive Engineer,2024-05,17,11,64.7,0.5,0,0.0,1,0.151,1.056
OFF-0005,ROADS,Executive Engineer,2024-06,25,22,88.0,2.0,0,0.0,0,0.318,1.056
OFF-0005,ROADS,Executive Engineer,2024-07,32,24,75.0,1.1,0,0.0,3,0.298,1.056
OFF-0005,ROADS,Executive Engineer,2024-08,35,29,82.9,2.0,0,0.0,0,0.384,1.056
OFF-0005,ROADS,Executive Engineer,2024-09,24,22,91.7,1.6,0,0.0,2,0.278,1.056
OFF-0005,ROADS,Executive Engineer,2024-10,17,16,94.1,0.9,0,0.0,1,0.181,1.056
OFF-0005,ROADS,Executive Engineer,2024-11,19,17,89.5,0.9,0,0.0,1,0.191,1.056
OFF-0005,ROADS,Executive Engineer,2024-12,16,15,93.8,1.4,0,0.0,3,0.213,1.056
OFF-0006,ROADS,Coordinator,2022-01,49,36,73.5,3.2,0,1.4,1,0.573,0.895
OFF-0006,ROADS,Coordinator,2022-02,50,29,58.0,3.9,0,1.3,3,0.632,0.895
OFF-0006,ROADS,Coordinator,2022-03,38,25,65.8,0.9,0,2.5,1,0.328,0.895
OFF-0006,ROADS,Coordinator,2022-04,39,26,66.7,2.2,1,3.6,3,0.438,0.895
OFF-0006,ROADS,Coordinator,2022-05,49,30,61.2,1.2,1,3.6,0,0.431,0.895
OFF-0006,ROADS,Coordinator,2022-06,76,52,68.4,1.1,2,3.8,2,0.497,0.895
OFF-0006,ROADS,Coordinator,2022-07,79,66,83.5,1.9,2,3.5,1,0.552,0.895
OFF-0006,ROADS,Coordinator,2022-08,61,43,70.5,1.9,1,2.5,2,0.549,0.895
OFF-0006,ROADS,Coordinator,2022-09,82,48,58.5,2.1,2,2.9,0,0.569,0.895
OFF-0006,ROADS,Coordinator,2022-10,36,28,77.8,3.7,1,4.2,1,0.529,0.895
OFF-0006,ROADS,Coordinator,2022-11,36,23,63.9,1.9,0,2.3,0,0.391,0.895
OFF-0006,ROADS,Coordinator,2022-12,45,36,80.0,3.4,0,2.1,2,0.564,0.895
OFF-0006,ROADS,Coordinator,2023-01,36,30,83.3,3.6,1,3.2,2,0.517,0.895
OFF-0006,ROADS,Coordinator,2023-02,44,25,56.8,0.5,1,2.4,2,0.338,0.895
OFF-0006,ROADS,Coordinator,2023-03,50,41,82.0,3.6,1,2.4,0,0.61,0.895
OFF-0006,ROADS,Coordinator,2023-04,52,42,80.8,1.9,1,2.2,1,0.494,0.895
OFF-0006,ROADS,Coordinator,2023-05,47,35,74.5,3.3,1,2.3,1,0.569,0.895
OFF-0006,ROADS,Coordinator,2023-06,61,44,72.1,1.8,1,3.0,1,0.545,0.895
OFF-0006,ROADS,Coordinator,2023-07,58,48,82.8,1.3,0,1.4,1,0.486,0.895
OFF-0006,ROADS,Coordinator,2023-08,61,43,70.5,2.2,2,3.7,1,0.575,0.895
OFF-0006,ROADS,Coordinator,2023-09,57,46,80.7,1.7,0,1.4,2,0.513,0.895
OFF-0006,ROADS,Coordinator,2023-10,50,29,58.0,0.8,1,3.3,2,0.403,0.895
OFF-0006,ROADS,Coordinator,2023-11,48,39,81.2,2.1,0,1.7,0,0.483,0.895
OFF-0006,ROADS,Coordinator,2023-12,46,37,80.4,2.5,1,3.8,0,0.505,0.895
OFF-0006,ROADS,Coordinator,2024-01,43,27,62.8,1.9,0,1.6,3,0.434,0.895
OFF-0006,ROADS,Coordinator,2024-02,43,26,60.5,3.4,1,3.2,0,0.549,0.895
OFF-0006,ROADS,Coordinator,2024-03,35,24,68.6,1.0,1,3.6,0,0.319,0.895
OFF-0006,ROADS,Coordinator,2024-04,46,36,78.3,1.4,0,1.3,1,0.419,0.895
OFF-0006,ROADS,Coordinator,2024-05,48,29,60.4,1.3,1,2.3,1,0.424,0.895
OFF-0006,ROADS,Coordinator,2024-06,62,49,79.0,2.2,1,2.3,4,0.574,0.895
OFF-0006,ROADS,Coordinator,2024-07,61,36,59.0,2.3,1,3.0,2,0.582,0.895
OFF-0006,ROADS,Coordinator,2024-08,56,44,78.6,3.9,1,2.7,0,0.677,0.895
OFF-0006,ROADS,Coordinator,2024-09,60,48,80.0,2.9,1,2.6,1,0.624,0.895
OFF-0006,ROADS,Coordinator,2024-10,37,21,56.8,2.7,0,2.5,0,0.46,0.895
OFF-0006,ROADS,Coordinator,2024-11,51,36,70.6,2.5,1,2.7,3,0.539,0.895
OFF-0006,ROADS,Coordinator,2024-12,40,28,70.0,1.9,0,1.2,1,0.409,0.895
OFF-0007,ROADS,Assistant Engineer,2022-01,42,41,97.6,2.8,0,0.0,1,0.49,1.097
OFF-0007,ROADS,Assistant Engineer,2022-02,48,47,97.9,1.8,0,0.0,0,0.458,1.097
OFF-0007,ROADS,Assistant Engineer,2022-03,37,36,97.3,1.3,0,0.0,2,0.343,1.097
OFF-0007,ROADS,Assistant Engineer,2022-04,37,31,83.8,3.4,0,0.0,0,0.504,1.097
OFF-0007,ROADS,Assistant Engineer,2022-05,48,37,77.1,1.0,0,0.0,1,0.392,1.097
OFF-0007,ROADS,Assistant Engineer,2022-06,70,65,92.9,1.7,0,0.0,2,0.53,1.097
OFF-0007,ROADS,Assistant Engineer,2022-07,79,63,79.7,3.4,0,0.0,1,0.654,1.097
OFF-0007,ROADS,Assistant Engineer,2022-08,52,41,78.8,3.5,0,0.0,1,0.61,1.097
OFF-0007,ROADS,Assistant Engineer,2022-09,57,55,96.5,4.5,0,0.0,1,0.68,1.097
OFF-0007,ROADS,Assistant Engineer,2022-10,35,34,97.1,1.2,0,0.0,0,0.327,1.097
OFF-0007,ROADS,Assistant Engineer,2022-11,48,47,97.9,1.5,0,0.0,4,0.43,1.097
OFF-0007,ROADS,Assistant Engineer,2022-12,42,33,78.6,0.5,0,0.0,2,0.317,1.097
OFF-0007,ROADS,Assistant Engineer,2023-01,33,32,97.0,1.5,0,0.0,4,0.33,1.097
OFF-0007,ROADS,Assistant Engineer,2023-02,35,33,94.3,1.8,0,0.0,0,0.372,1.097
OFF-0007,ROADS,Assistant Engineer,2023-03,37,33,89.2,0.5,0,0.0,1,0.284,1.097
OFF-0007,ROADS,Assistant Engineer,2023-04,47,44,93.6,1.4,0,0.0,1,0.415,1.097
OFF-0007,ROADS,Assistant Engineer,2023-05,40,30,75.0,1.6,0,0.0,2,0.387,1.097
OFF-0007,ROADS,Assistant Engineer,2023-06,66,62,93.9,2.4,0,0.0,3,0.584,1.097
OFF-0007,ROADS,Assistant Engineer,2023-07,60,43,71.7,0.5,0,0.0,4,0.438,1.097
OFF-0007,ROADS,Assistant Engineer,2023-08,53,38,71.7,1.9,0,0.0,0,0.493,1.097
OFF-0007,ROADS,Assistant Engineer,2023-09,49,48,98.0,1.8,0,0.0,1,0.458,1.097
OFF-0007,ROADS,Assistant Engineer,2023-10,37,33,89.2,1.2,0,0.0,1,0.335,1.097
OFF-0007,ROADS,Assistant Engineer,2023-11,43,41,95.3,1.9,0,0.0,2,0.426,1.097
OFF-0007,ROADS,Assistant Engineer,2023-12,39,29,74.4,1.9,0,0.0,0,0.4,1.097
OFF-0007,ROADS,Assistant Engineer,2024-01,38,28,73.7,0.7,0,0.0,3,0.304,1.097
OFF-0007,ROADS,Assistant Engineer,2024-02,42,41,97.6,3.0,0,0.0,1,0.503,1.097
OFF-0007,ROADS,Assistant Engineer,2024-03,42,35,83.3,2.0,0,0.0,1,0.428,1.097
OFF-0007,ROADS,Assistant Engineer,2024-04,39,38,97.4,2.6,0,0.0,0,0.458,1.097
OFF-0007,ROADS,Assistant Engineer,2024-05,45,44,97.8,1.9,0,0.0,1,0.443,1.097
OFF-0007,ROADS,Assistant Engineer,2024-06,56,49,87.5,3.5,0,0.0,0,0.636,1.097
OFF-0007,ROADS,Assistant Engineer,2024-07,57,41,71.9,2.7,0,0.0,0,0.585,1.097
OFF-0007,ROADS,Assistant Engineer,2024-08,50,49,98.0,0.5,0,0.0,2,0.371,1.097
OFF-0007,ROADS,Assistant Engineer,2024-09,61,59,96.7,2.2,0,0.0,0,0.564,1.097
OFF-0007,ROADS,Assistant Engineer,2024-10,35,25,71.4,1.9,0,0.0,1,0.375,1.097
OFF-0007,ROADS,Assistant Engineer,2024-11,37,35,94.6,2.0,0,0.0,3,0.4,1.097
OFF-0007,ROADS,Assistant Engineer,2024-12,47,40,85.1,1.0,0,0.0,0,0.386,1.097
OFF-0008,ROADS,Assistant Engineer,2022-01,22,21,95.5,0.5,0,0.0,2,0.184,1.4
OFF-0008,ROADS,Assistant Engineer,2022-02,22,21,95.5,0.5,0,0.0,1,0.184,1.4
OFF-0008,ROADS,Assistant Engineer,2022-03,19,17,89.5,2.0,0,0.0,3,0.276,1.4
OFF-0008,ROADS,Assistant Engineer,2022-04,20,19,95.0,0.5,0,0.0,2,0.171,1.4
OFF-0008,ROADS,Assistant Engineer,2022-05,16,14,87.5,1.3,0,0.0,2,0.203,1.4
OFF-0008,ROADS,Assistant Engineer,2022-06,26,25,96.2,2.6,0,0.0,3,0.366,1.4
OFF-0008,ROADS,Assistant Engineer,2022-07,32,31,96.9,1.0,0,0.0,1,0.289,1.4
OFF-0008,ROADS,Assistant Engineer,2022-08,31,30,96.8,1.2,0,0.0,0,0.294,1.4
OFF-0008,ROADS,Assistant Engineer,2022-09,26,24,92.3,0.5,0,0.0,1,0.211,1.4
OFF-0008,ROADS,Assistant Engineer,2022-10,21,20,95.2,1.6,0,0.0,1,0.26,1.4
OFF-0008,ROADS,Assistant Engineer,2022-11,17,16,94.1,0.5,0,0.0,3,0.151,1.4
OFF-0008,ROADS,Assistant Engineer,2022-12,16,15,93.8,2.6,0,0.0,0,0.301,1.4
OFF-0008,ROADS,Assistant Engineer,2023-01,17,16,94.1,0.8,0,0.0,0,0.17,1.4
OFF-0008,ROADS,Assistant Engineer,2023-02,20,19,95.0,1.4,0,0.0,4,0.236,1.4
OFF-0008,ROADS,Assistant Engineer,2023-03,16,15,93.8,2.0,0,0.0,1,0.254,1.4
OFF-0008,ROADS,Assistant Engineer,2023-04,15,14,93.3,1.8,0,0.0,1,0.236,1.4
OFF-0008,ROADS,Assistant Engineer,2023-05,18,17,94.4,2.0,0,0.0,2,0.271,1.4
OFF-0008,ROADS,Assistant Engineer,2023-06,32,31,96.9,2.9,0,0.0,2,0.431,1.4
OFF-0008,ROADS,Assistant Engineer,2023-07,33,32,97.0,2.1,0,0.0,1,0.377,1.4
OFF-0008,ROADS,Assistant Engineer,2023-08,30,29,96.7,1.5,0,0.0,4,0.309,1.4
OFF-0008,ROADS,Assistant Engineer,2023-09,25,24,96.0,3.1,0,0.0,1,0.397,1.4
OFF-0008,ROADS,Assistant Engineer,2023-10,18,17,94.4,1.4,0,0.0,2,0.229,1.4
OFF-0008,ROADS,Assistant Engineer,2023-11,18,17,94.4,0.5,0,0.0,0,0.158,1.4
OFF-0008,ROADS,Assistant Engineer,2023-12,19,18,94.7,0.5,0,0.0,3,0.164,1.4
OFF-0008,ROADS,Assistant Engineer,2024-01,19,18,94.7,2.2,0,0.0,1,0.295,1.4
OFF-0008,ROADS,Assistant Engineer,2024-02,17,16,94.1,1.7,0,0.0,1,0.24,1.4
OFF-0008,ROADS,Assistant Engineer,2024-03,20,19,95.0,1.9,0,0.0,0,0.279,1.4
OFF-0008,ROADS,Assistant Engineer,2024-04,21,20,95.2,0.5,0,0.0,1,0.177,1.4
OFF-0008,ROADS,Assistant Engineer,2024-05,17,16,94.1,2.1,0,0.0,1,0.274,1.4
OFF-0008,ROADS,Assistant Engineer,2024-06,30,29,96.7,2.0,0,0.0,2,0.348,1.4
OFF-0008,ROADS,Assistant Engineer,2024-07,33,32,97.0,1.2,0,0.0,0,0.312,1.4
OFF-0008,ROADS,Assistant Engineer,2024-08,28,25,89.3,1.6,0,0.0,0,0.309,1.4
OFF-0008,ROADS,Assistant Engineer,2024-09,28,27,96.4,2.6,0,0.0,2,0.383,1.4
OFF-0008,ROADS,Assistant Engineer,2024-10,19,18,94.7,0.9,0,0.0,1,0.195,1.4
OFF-0008,ROADS,Assistant Engineer,2024-11,15,14,93.3,0.5,0,0.0,2,0.138,1.4
OFF-0008,ROADS,Assistant Engineer,2024-12,22,21,95.5,1.8,0,0.0,1,0.279,1.4
OFF-0009,ROADS,Executive Engineer,2022-01,35,22,62.9,1.3,1,4.2,1,0.347,0.827
OFF-0009,ROADS,Executive Engineer,2022-02,46,27,58.7,3.4,1,2.9,0,0.568,0.827
OFF-0009,ROADS,Executive Engineer,2022-03,42,29,69.0,4.0,1,3.9,0,0.592,0.827
OFF-0009,ROADS,Executive Engineer,2022-04,36,23,63.9,1.9,1,4.5,1,0.398,0.827
OFF-0009,ROADS,Executive Engineer,2022-05,40,26,65.0,2.7,1,3.6,1,0.479,0.827
OFF-0009,ROADS,Executive Engineer,2022-06,68,52,76.5,4.3,1,2.9,0,0.709,0.827
OFF-0009,ROADS,Executive Engineer,2022-07,78,46,59.0,1.3,4,5.3,1,0.51,0.827
OFF-0009,ROADS,Executive Engineer,2022-08,76,48,63.2,4.4,3,4.3,1,0.713,0.827
OFF-0009,ROADS,Executive Engineer,2022-09,60,44,73.3,2.9,2,3.8,2,0.628,0.827
OFF-0009,ROADS,Executive Engineer,2022-10,46,30,65.2,2.9,0,2.0,1,0.529,0.827
OFF-0009,ROADS,Executive Engineer,2022-11,39,23,59.0,2.0,1,3.7,1,0.418,0.827
OFF-0009,ROADS,Executive Engineer,2022-12,45,29,64.4,3.3,0,2.2,1,0.551,0.827
OFF-0009,ROADS,Executive Engineer,2023-01,33,18,54.5,3.2,1,3.7,1,0.469,0.827
OFF-0009,ROADS,Executive Engineer,2023-02,33,25,75.8,2.3,1,5.3,3,0.411,0.827
OFF-0009,ROADS,Executive Engineer,2023-03,34,26,76.5,2.0,0,1.9,2,0.385,0.827
OFF-0009,ROADS,Executive Engineer,2023-04,47,34,72.3,2.3,2,4.4,0,0.5,0.827
OFF-0009,ROADS,Executive Engineer,2023-05,48,34,70.8,1.4,1,3.0,3,0.435,0.827
OFF-0009,ROADS,Executive Engineer,2023-06,66,49,74.2,4.5,3,5.5,1,0.716,0.827
OFF-0009,ROADS,Executive Engineer,2023-07,66,36,54.5,2.6,1,2.3,0,0.601,0.827
OFF-0009,ROADS,Executive Engineer,2023-08,56,40,71.4,3.9,1,3.3,1,0.676,0.827
OFF-0009,ROADS,Executive Engineer,2023-09,58,31,53.4,1.9,1,2.2,0,0.539,0.827
OFF-0009,ROADS,Executive Engineer,2023-10,35,26,74.3,2.0,1,2.9,1,0.393,0.827
OFF-0009,ROADS,Executive Engineer,2023-11,46,34,73.9,1.6,1,3.3,0,0.436,0.827
OFF-0009,ROADS,Executive Engineer,2023-12,41,25,61.0,2.6,1,3.3,2,0.477,0.827
OFF-0009,ROADS,Executive Engineer,2024-01,42,28,66.7,0.5,2,5.3,0,0.333,0.827
OFF-0009,ROADS,Executive Engineer,2024-02,50,34,68.0,2.4,2,5.8,2,0.53,0.827
OFF-0009,ROADS,Executive Engineer,2024-03,37,25,67.6,1.9,0,2.2,4,0.395,0.827
OFF-0009,ROADS,Executive Engineer,2024-04,34,20,58.8,3.0,2,6.6,2,0.468,0.827
OFF-0009,ROADS,Executive Engineer,2024-05,35,21,60.0,2.6,1,4.3,1,0.444,0.827
OFF-0009,ROADS,Executive Engineer,2024-06,74,55,74.3,1.9,1,2.3,1,0.551,0.827
OFF-0009,ROADS,Executive Engineer,2024-07,76,43,56.6,2.2,3,5.1,0,0.583,0.827
OFF-0009,ROADS,Executive Engineer,2024-08,66,44,66.7,2.7,3,5.8,2,0.62,0.827
OFF-0009,ROADS,Executive Engineer,2024-09,57,31,54.4,1.3,1,2.1,1,0.482,0.827
OFF-0009,ROADS,Executive Engineer,2024-10,37,27,73.0,1.8,1,4.3,2,0.397,0.827
OFF-0009,ROADS,Executive Engineer,2024-11,48,36,75.0,0.7,1,3.0,1,0.384,0.827
OFF-0009,ROADS,Executive Engineer,2024-12,48,36,75.0,2.8,2,5.2,0,0.544,0.827
OFF-0010,ROADS,Executive Engineer,2022-01,29,25,86.2,1.3,0,0.0,0,0.294,1.105
OFF-0010,ROADS,Executive Engineer,2022-02,37,29,78.4,2.2,0,0.0,3,0.414,1.105
OFF-0010,ROADS,Executive Engineer,2022-03,37,31,83.8,4.2,0,0.0,1,0.547,1.105
OFF-0010,ROADS,Executive Engineer,2022-04,32,26,81.2,2.1,0,0.0,0,0.369,1.105
OFF-0010,ROADS,Executive Engineer,2022-05,31,29,93.5,1.2,0,0.0,3,0.298,1.105
OFF-0010,ROADS,Executive Engineer,2022-06,47,46,97.9,2.7,0,0.0,1,0.516,1.105
OFF-0010,ROADS,Executive Engineer,2022-07,52,45,86.5,1.8,0,0.0,0,0.482,1.105
OFF-0010,ROADS,Executive Engineer,2022-08,48,45,93.8,3.9,0,0.0,1,0.61,1.105
OFF-0010,ROADS,Executive Engineer,2022-09,49,44,89.8,2.6,0,0.0,0,0.518,1.105
OFF-0010,ROADS,Executive Engineer,2022-10,36,25,69.4,1.8,0,0.0,1,0.374,1.105
OFF-0010,ROADS,Executive Engineer,2022-11,30,27,90.0,1.2,0,0.0,1,0.287,1.105
OFF-0010,ROADS,Executive Engineer,2022-12,29,28,96.6,1.3,0,0.0,1,0.288,1.105
OFF-0010,ROADS,Executive Engineer,2023-01,27,26,96.3,2.4,0,0.0,1,0.362,1.105
OFF-0010,ROADS,Executive Engineer,2023-02,38,27,71.1,0.5,0,0.0,1,0.291,1.105
OFF-0010,ROADS,Executive Engineer,2023-03,35,31,88.6,2.2,0,0.0,1,0.396,1.105
OFF-0010,ROADS,Executive Engineer,2023-04,34,33,97.1,1.7,0,0.0,1,0.355,1.105
OFF-0010,ROADS,Executive Engineer,2023-05,39,30,76.9,1.8,0,0.0,0,0.394,1.105
OFF-0010,ROADS,Executive Engineer,2023-06,54,42,77.8,1.2,0,0.0,2,0.453,1.105
OFF-0010,ROADS,Executive Engineer,2023-07,61,51,83.6,1.2,0,0.0,3,0.491,1.105
OFF-0010,ROADS,Executive Engineer,2023-08,70,66,94.3,0.5,0,0.0,1,0.438,1.105
OFF-0010,ROADS,Executive Engineer,2023-09,42,37,88.1,2.7,0,0.0,0,0.484,1.105
OFF-0010,ROADS,Executive Engineer,2023-10,34,27,79.4,1.4,0,0.0,0,0.334,1.105
OFF-0010,ROADS,Executive Engineer,2023-11,30,22,73.3,0.5,0,0.0,3,0.238,1.105
OFF-0010,ROADS,Executive Engineer,2023-12,36,31,86.1,2.4,0,0.0,1,0.423,1.105
OFF-0010,ROADS,Executive Engineer,2024-01,35,32,91.4,1.3,0,0.0,2,0.329,1.105
OFF-0010,ROADS,Executive Engineer,2024-02,38,27,71.1,0.5,0,0.0,1,0.291,1.105
OFF-0010,ROADS,Executive Engineer,2024-03,34,33,97.1,1.9,0,0.0,1,0.366,1.105
OFF-0010,ROADS,Executive Engineer,2024-04,36,35,97.2,0.7,0,0.0,1,0.294,1.105
OFF-0010,ROADS,Executive Engineer,2024-05,28,26,92.9,1.5,0,0.0,2,0.298,1.105
OFF-0010,ROADS,Executive Engineer,2024-06,63,61,96.8,0.6,0,0.0,2,0.448,1.105
OFF-0010,ROADS,Executive Engineer,2024-07,56,54,96.4,0.5,0,0.0,2,0.411,1.105
OFF-0010,ROADS,Executive Engineer,2024-08,44,34,77.3,1.8,0,0.0,2,0.428,1.105
OFF-0010,ROADS,Executive Engineer,2024-09,51,41,80.4,2.0,0,0.0,3,0.489,1.105
OFF-0010,ROADS,Executive Engineer,2024-10,34,33,97.1,2.1,0,0.0,0,0.381,1.105
OFF-0010,ROADS,Executive Engineer,2024-11,27,21,77.8,2.6,0,0.0,1,0.377,1.105
OFF-0010,ROADS,Executive Engineer,2024-12,30,29,96.7,1.9,0,0.0,0,0.34,1.105
OFF-0011,ROADS,Coordinator,2022-01,33,30,90.9,1.9,0,0.0,1,0.359,1.08
OFF-0011,ROADS,Coordinator,2022-02,40,39,97.5,2.9,0,0.0,0,0.482,1.08
OFF-0011,ROADS,Coordinator,2022-03,33,30,90.9,1.9,0,0.0,0,0.365,1.08
OFF-0011,ROADS,Coordinator,2022-04,35,27,77.1,0.5,0,0.0,3,0.271,1.08
OFF-0011,ROADS,Coordinator,2022-05,39,29,74.4,1.4,0,0.0,2,0.367,1.08
OFF-0011,ROADS,Coordinator,2022-06,45,41,91.1,1.5,0,0.0,0,0.41,1.08
OFF-0011,ROADS,Coordinator,2022-07,45,38,84.4,0.6,0,0.0,0,0.346,1.08
OFF-0011,ROADS,Coordinator,2022-08,61,45,73.8,1.6,0,0.0,0,0.521,1.08
OFF-0011,ROADS,Coordinator,2022-09,52,44,84.6,2.8,0,0.0,3,0.558,1.08
OFF-0011,ROADS,Coordinator,2022-10,41,36,87.8,2.6,0,0.0,0,0.472,1.08
OFF-0011,ROADS,Coordinator,2022-11,34,24,70.6,0.7,0,0.0,0,0.282,1.08
OFF-0011,ROADS,Coordinator,2022-12,35,25,71.4,1.1,0,0.0,1,0.313,1.08
OFF-0011,ROADS,Coordinator,2023-01,30,28,93.3,1.4,0,0.0,2,0.302,1.08
OFF-0011,ROADS,Coordinator,2023-02,28,20,71.4,0.9,0,0.0,3,0.253,1.08
OFF-0011,ROADS,Coordinator,2023-03,34,28,82.4,1.8,0,0.0,2,0.363,1.08
OFF-0011,ROADS,Coordinator,2023-04,38,36,94.7,1.0,0,0.0,2,0.328,1.08
OFF-0011,ROADS,Coordinator,2023-05,30,28,93.3,0.7,0,0.0,1,0.255,1.08
OFF-0011,ROADS,Coordinator,2023-06,50,38,76.0,1.3,0,0.0,1,0.433,1.08
OFF-0011,ROADS,Coordinator,2023-07,50,36,72.0,1.2,0,0.0,3,0.421,1.08
OFF-0011,ROADS,Coordinator,2023-08,40,38,95.0,1.0,0,0.0,3,0.341,1.08
OFF-0011,ROADS,Coordinator,2023-09,52,49,94.2,0.5,0,0.0,0,0.384,1.08
OFF-0011,ROADS,Coordinator,2023-10,41,40,97.6,1.2,0,0.0,1,0.365,1.08
OFF-0011,ROADS,Coordinator,2023-11,32,23,71.9,2.2,0,0.0,1,0.379,1.08
OFF-0011,ROADS,Coordinator,2023-12,28,26,92.9,0.5,0,0.0,2,0.224,1.08
OFF-0011,ROADS,Coordinator,2024-01,31,26,83.9,1.5,0,0.0,0,0.322,1.08
OFF-0011,ROADS,Coordinator,2024-02,39,35,89.7,0.5,0,0.0,1,0.297,1.08
OFF-0011,ROADS,Coordinator,2024-03,33,32,97.0,0.5,0,0.0,4,0.258,1.08
OFF-0011,ROADS,Coordinator,2024-04,32,28,87.5,0.9,0,0.0,4,0.282,1.08
OFF-0011,ROADS,Coordinator,2024-05,35,32,91.4,2.8,0,0.0,2,0.44,1.08
OFF-0011,ROADS,Coordinator,2024-06,39,29,74.4,1.6,0,0.0,1,0.382,1.08
OFF-0011,ROADS,Coordinator,2024-07,72,56,77.8,0.9,0,0.0,0,0.467,1.08
OFF-0011,ROADS,Coordinator,2024-08,51,49,96.1,1.0,0,0.0,1,0.413,1.08
OFF-0011,ROADS,Coordinator,2024-09,43,42,97.7,3.3,0,0.0,0,0.535,1.08
OFF-0011,ROADS,Coordinator,2024-10,40,34,85.0,0.5,0,0.0,1,0.304,1.08
OFF-0011,ROADS,Coordinator,2024-11,29,23,79.3,2.7,0,0.0,1,0.398,1.08
OFF-0011,ROADS,Coordinator,2024-12,31,22,71.0,2.6,0,0.0,0,0.405,1.08
OFF-0012,ROADS,Executive Engineer,2022-01,37,24,64.9,3.6,0,2.5,0,0.524,0.805
OFF-0012,ROADS,Executive Engineer,2022-02,43,30,69.8,4.0,2,5.0,0,0.602,0.805
OFF-0012,ROADS,Executive Engineer,2022-03,35,19,54.3,3.3,2,6.0,1,0.498,0.805
OFF-0012,ROADS,Executive Engineer,2022-04,45,23,51.1,3.6,3,7.5,0,0.589,0.805
OFF-0012,ROADS,Executive Engineer,2022-05,43,23,53.5,1.6,1,2.8,0,0.416,0.805
OFF-0012,ROADS,Executive Engineer,2022-06,71,49,69.0,1.9,2,4.0,0,0.557,0.805
OFF-0012,ROADS,Executive Engineer,2022-07,64,42,65.6,4.3,3,5.7,2,0.717,0.805
OFF-0012,ROADS,Executive Engineer,2022-08,60,34,56.7,2.5,4,7.4,2,0.61,0.805
OFF-0012,ROADS,Executive Engineer,2022-09,65,48,73.8,3.2,3,5.3,0,0.657,0.805
OFF-0012,ROADS,Executive Engineer,2022-10,37,20,54.1,2.0,1,3.5,1,0.411,0.805
OFF-0012,ROADS,Executive Engineer,2022-11,47,24,51.1,4.3,3,6.8,3,0.634,0.805
OFF-0012,ROADS,Executive Engineer,2022-12,48,27,56.2,0.5,1,2.4,0,0.365,0.805
OFF-0012,ROADS,Executive Engineer,2023-01,46,34,73.9,3.0,1,3.4,0,0.543,0.805
OFF-0012,ROADS,Executive Engineer,2023-02,45,34,75.6,3.8,1,2.7,2,0.596,0.805
OFF-0012,ROADS,Executive Engineer,2023-03,51,30,58.8,2.9,1,2.2,1,0.568,0.805
OFF-0012,ROADS,Executive Engineer,2023-04,45,26,57.8,1.3,1,3.0,0,0.406,0.805
OFF-0012,ROADS,Executive Engineer,2023-05,40,21,52.5,1.8,2,7.2,4,0.424,0.805
OFF-0012,ROADS,Executive Engineer,2023-06,68,48,70.6,3.9,3,5.4,1,0.707,0.805
OFF-0012,ROADS,Executive Engineer,2023-07,60,45,75.0,3.3,2,4.5,1,0.665,0.805
OFF-0012,ROADS,Executive Engineer,2023-08,74,52,70.3,1.0,4,6.4,4,0.497,0.805
OFF-0012,ROADS,Executive Engineer,2023-09,76,54,71.1,3.9,5,7.5,1,0.715,0.805
OFF-0012,ROADS,Executive Engineer,2023-10,43,28,65.1,1.6,2,5.7,1,0.421,0.805
OFF-0012,ROADS,Executive Engineer,2023-11,48,33,68.8,1.5,1,2.9,1,0.439,0.805
OFF-0012,ROADS,Executive Engineer,2023-12,50,36,72.0,2.1,1,2.5,1,0.5,0.805
OFF-0012,ROADS,Executive Engineer,2024-01,39,23,59.0,2.4,2,7.6,0,0.46,0.805
OFF-0012,ROADS,Executive Engineer,2024-02,51,32,62.7,2.9,1,2.1,0,0.562,0.805
OFF-0012,ROADS,Executive Engineer,2024-03,48,33,68.8,2.2,1,2.9,3,0.491,0.805
OFF-0012,ROADS,Executive Engineer,2024-04,43,31,72.1,2.6,1,4.6,1,0.494,0.805
OFF-0012,ROADS,Executive Engineer,2024-05,52,38,73.1,3.1,1,2.4,3,0.589,0.805
OFF-0012,ROADS,Executive Engineer,2024-06,84,64,76.2,1.8,3,4.1,0,0.544,0.805
OFF-0012,ROADS,Executive Engineer,2024-07,79,54,68.4,3.1,2,2.9,1,0.638,0.805
OFF-0012,ROADS,Executive Engineer,2024-08,73,45,61.6,1.9,5,7.5,3,0.562,0.805
OFF-0012,ROADS,Executive Engineer,2024-09,80,54,67.5,3.3,4,5.6,0,0.665,0.805
OFF-0012,ROADS,Executive Engineer,2024-10,42,24,57.1,2.6,1,3.8,2,0.489,0.805
OFF-0012,ROADS,Executive Engineer,2024-11,48,26,54.2,3.6,2,5.0,2,0.607,0.805
OFF-0012,ROADS,Executive Engineer,2024-12,39,27,69.2,1.9,2,7.6,1,0.428,0.805
OFF-0013,ROADS,Junior Engineer,2022-01,41,35,85.4,2.3,0,0.0,3,0.446,1.047
OFF-0013,ROADS,Junior Engineer,2022-02,40,29,72.5,2.6,0,0.0,1,0.459,1.047
OFF-0013,ROADS,Junior Engineer,2022-03,50,37,74.0,0.8,0,0.0,2,0.395,1.047
OFF-0013,ROADS,Junior Engineer,2022-04,49,37,75.5,2.7,0,0.0,1,0.528,1.047
OFF-0013,ROADS,Junior Engineer,2022-05,46,34,73.9,4.0,0,0.0,1,0.606,1.047
OFF-0013,ROADS,Junior Engineer,2022-06,69,53,76.8,2.4,0,0.0,0,0.58,1.047
OFF-0013,ROADS,Junior Engineer,2022-07,78,64,82.1,0.7,0,0.0,0,0.452,1.047
OFF-0013,ROADS,Junior Engineer,2022-08,70,60,85.7,1.6,0,0.0,0,0.523,1.047
OFF-0013,ROADS,Junior Engineer,2022-09,58,39,67.2,2.1,0,0.0,2,0.547,1.047
OFF-0013,ROADS,Junior Engineer,2022-10,50,39,78.0,0.9,0,0.0,2,0.4,1.047
OFF-0013,ROADS,Junior Engineer,2022-11,37,34,91.9,0.8,0,0.0,1,0.308,1.047
OFF-0013,ROADS,Junior Engineer,2022-12,44,41,93.2,1.3,0,0.0,0,0.389,1.047
OFF-0013,ROADS,Junior Engineer,2023-01,36,25,69.4,0.5,0,0.0,0,0.277,1.047
OFF-0013,ROADS,Junior Engineer,2023-02,46,39,84.8,3.5,0,0.0,3,0.569,1.047
OFF-0013,ROADS,Junior Engineer,2023-03,49,44,89.8,2.5,0,0.0,0,0.514,1.047
OFF-0013,ROADS,Junior Engineer,2023-04,49,42,85.7,3.2,0,0.0,4,0.564,1.047
OFF-0013,ROADS,Junior Engineer,2023-05,39,31,79.5,2.8,0,0.0,2,0.474,1.047
OFF-0013,ROADS,Junior Engineer,2023-06,51,46,90.2,1.9,0,0.0,1,0.483,1.047
OFF-0013,ROADS,Junior Engineer,2023-07,74,71,95.9,1.8,0,0.0,1,0.535,1.047
OFF-0013,ROADS,Junior Engineer,2023-08,64,54,84.4,2.0,0,0.0,0,0.547,1.047
OFF-0013,ROADS,Junior Engineer,2023-09,50,44,88.0,0.5,0,0.0,2,0.371,1.047
OFF-0013,ROADS,Junior Engineer,2023-10,51,47,92.2,2.1,0,0.0,1,0.496,1.047
OFF-0013,ROADS,Junior Engineer,2023-11,37,26,70.3,1.8,0,0.0,1,0.385,1.047
OFF-0013,ROADS,Junior Engineer,2023-12,42,29,69.0,1.9,0,0.0,1,0.421,1.047
OFF-0013,ROADS,Junior Engineer,2024-01,47,32,68.1,1.2,0,0.0,1,0.403,1.047
OFF-0013,ROADS,Junior Engineer,2024-02,49,38,77.6,1.6,0,0.0,1,0.449,1.047
OFF-0013,ROADS,Junior Engineer,2024-03,38,30,78.9,2.7,0,0.0,2,0.457,1.047
OFF-0013,ROADS,Junior Engineer,2024-04,36,29,80.6,3.2,0,0.0,1,0.481,1.047
OFF-0013,ROADS,Junior Engineer,2024-05,39,36,92.3,1.0,0,0.0,2,0.338,1.047
OFF-0013,ROADS,Junior Engineer,2024-06,58,44,75.9,1.4,0,0.0,3,0.493,1.047
OFF-0013,ROADS,Junior Engineer,2024-07,59,45,76.3,1.8,0,0.0,0,0.526,1.047
OFF-0013,ROADS,Junior Engineer,2024-08,67,60,89.6,1.8,0,0.0,2,0.538,1.047
OFF-0013,ROADS,Junior Engineer,2024-09,51,40,78.4,1.1,0,0.0,2,0.42,1.047
OFF-0013,ROADS,Junior Engineer,2024-10,35,29,82.9,1.2,0,0.0,0,0.325,1.047
OFF-0013,ROADS,Junior Engineer,2024-11,36,32,88.9,3.0,0,0.0,1,0.464,1.047
OFF-0013,ROADS,Junior Engineer,2024-12,38,28,73.7,1.4,0,0.0,0,0.357,1.047
OFF-0014,ROADS,Coordinator,2022-01,19,15,78.9,3.4,0,3.1,1,0.39,0.879
OFF-0014,ROADS,Coordinator,2022-02,22,16,72.7,2.5,0,3.2,0,0.342,0.879
OFF-0014,ROADS,Coordinator,2022-03,21,12,57.1,1.9,0,4.7,0,0.294,0.879
OFF-0014,ROADS,Coordinator,2022-04,18,14,77.8,3.6,0,3.1,2,0.399,0.879
OFF-0014,ROADS,Coordinator,2022-05,23,14,60.9,1.6,0,1.4,3,0.28,0.879
OFF-0014,ROADS,Coordinator,2022-06,27,17,63.0,2.9,0,2.1,1,0.407,0.879
OFF-0014,ROADS,Coordinator,2022-07,25,16,64.0,1.0,1,4.2,4,0.257,0.879
OFF-0014,ROADS,Coordinator,2022-08,34,26,76.5,0.8,1,3.9,1,0.295,0.879
OFF-0014,ROADS,Coordinator,2022-09,40,31,77.5,2.0,1,3.3,1,0.427,0.879
OFF-0014,ROADS,Coordinator,2022-10,17,12,70.6,3.1,0,3.8,1,0.356,0.879
OFF-0014,ROADS,Coordinator,2022-11,17,10,58.8,2.3,0,2.7,2,0.298,0.879
OFF-0014,ROADS,Coordinator,2022-12,21,15,71.4,1.3,0,3.0,1,0.248,0.879
OFF-0014,ROADS,Coordinator,2023-01,17,10,58.8,0.5,0,3.3,0,0.161,0.879
OFF-0014,ROADS,Coordinator,2023-02,24,14,58.3,2.2,0,2.0,1,0.329,0.879
OFF-0014,ROADS,Coordinator,2023-03,22,14,63.6,2.1,0,2.4,1,0.314,0.879
OFF-0014,ROADS,Coordinator,2023-04,20,13,65.0,2.2,0,3.4,1,0.307,0.879
OFF-0014,ROADS,Coordinator,2023-05,18,11,61.1,3.4,0,4.5,1,0.389,0.879
OFF-0014,ROADS,Coordinator,2023-06,34,19,55.9,2.5,0,1.9,0,0.423,0.879
OFF-0014,ROADS,Coordinator,2023-07,25,14,56.0,1.5,0,3.3,0,0.289,0.879
OFF-0014,ROADS,Coordinator,2023-08,35,25,71.4,2.4,1,3.3,0,0.42,0.879
OFF-0014,ROADS,Coordinator,2023-09,37,27,73.0,1.1,1,3.7,3,0.343,0.879
OFF-0014,ROADS,Coordinator,2023-10,22,13,59.1,1.3,0,3.4,2,0.252,0.879
OFF-0014,ROADS,Coordinator,2023-11,17,10,58.8,1.5,0,3.7,1,0.237,0.879
OFF-0014,ROADS,Coordinator,2023-12,20,13,65.0,2.9,0,1.7,1,0.357,0.879
OFF-0014,ROADS,Coordinator,2024-01,20,13,65.0,4.1,0,2.4,0,0.44,0.879
OFF-0014,ROADS,Coordinator,2024-02,19,15,78.9,1.7,0,2.1,0,0.259,0.879
OFF-0014,ROADS,Coordinator,2024-03,22,17,77.3,3.4,0,2.1,2,0.411,0.879
OFF-0014,ROADS,Coordinator,2024-04,20,15,75.0,0.5,0,4.5,0,0.186,0.879
OFF-0014,ROADS,Coordinator,2024-05,23,16,69.6,2.1,0,4.0,0,0.325,0.879
OFF-0014,ROADS,Coordinator,2024-06,26,17,65.4,1.9,1,4.0,2,0.326,0.879
OFF-0014,ROADS,Coordinator,2024-07,35,21,60.0,2.5,1,3.1,2,0.432,0.879
OFF-0014,ROADS,Coordinator,2024-08,39,30,76.9,1.9,0,1.8,0,0.408,0.879
OFF-0014,ROADS,Coordinator,2024-09,29,21,72.4,3.4,0,2.1,0,0.452,0.879
OFF-0014,ROADS,Coordinator,2024-10,22,16,72.7,2.9,0,3.4,0,0.371,0.879
OFF-0014,ROADS,Coordinator,2024-11,22,14,63.6,1.0,0,2.8,0,0.229,0.879
OFF-0014,ROADS,Coordinator,2024-12,22,15,68.2,1.1,0,1.5,0,0.232,0.879
OFF-0015,ROADS,Executive Engineer,2022-01,36,31,86.1,2.1,0,0.0,2,0.4,1.278
OFF-0015,ROADS,Executive Engineer,2022-02,40,33,82.5,1.6,0,0.0,0,0.384,1.278
OFF-0015,ROADS,Executive Engineer,2022-03,40,35,87.5,1.2,0,0.0,1,0.356,1.278
OFF-0015,ROADS,Executive Engineer,2022-04,35,34,97.1,3.7,0,0.0,1,0.514,1.278
OFF-0015,ROADS,Executive Engineer,2022-05,29,28,96.6,0.6,0,0.0,3,0.239,1.278
OFF-0015,ROADS,Executive Engineer,2022-06,40,39,97.5,2.0,0,0.0,1,0.418,1.278
OFF-0015,ROADS,Executive Engineer,2022-07,53,51,96.2,0.8,0,0.0,2,0.416,1.278
OFF-0015,ROADS,Executive Engineer,2022-08,49,48,98.0,2.7,0,0.0,2,0.533,1.278
OFF-0015,ROADS,Executive Engineer,2022-09,48,45,93.8,2.6,0,0.0,0,0.519,1.278
OFF-0015,ROADS,Executive Engineer,2022-10,32,31,96.9,3.0,0,0.0,2,0.435,1.278
OFF-0015,ROADS,Executive Engineer,2022-11,32,31,96.9,2.2,0,0.0,0,0.38,1.278
OFF-0015,ROADS,Executive Engineer,2022-12,35,34,97.1,0.5,0,0.0,0,0.271,1.278
OFF-0015,ROADS,Executive Engineer,2023-01,33,32,97.0,0.8,0,0.0,0,0.28,1.278
OFF-0015,ROADS,Executive Engineer,2023-02,34,33,97.1,1.8,0,0.0,2,0.361,1.278
OFF-0015,ROADS,Executive Engineer,2023-03,41,40,97.6,1.2,0,0.0,1,0.361,1.278
OFF-0015,ROADS,Executive Engineer,2023-04,30,29,96.7,0.9,0,0.0,1,0.271,1.278
OFF-0015,ROADS,Executive Engineer,2023-05,36,32,88.9,1.2,0,0.0,4,0.331,1.278
OFF-0015,ROADS,Executive Engineer,2023-06,55,53,96.4,0.5,0,0.0,0,0.404,1.278
OFF-0015,ROADS,Executive Engineer,2023-07,56,48,85.7,0.6,0,0.0,0,0.417,1.278
OFF-0015,ROADS,Executive Engineer,2023-08,59,57,96.6,1.3,0,0.0,2,0.492,1.278
OFF-0015,ROADS,Executive Engineer,2023-09,44,43,97.7,0.5,0,0.0,1,0.331,1.278
OFF-0015,ROADS,Executive Engineer,2023-10,29,28,96.6,2.0,0,0.0,2,0.34,1.278
OFF-0015,ROADS,Executive Engineer,2023-11,29,25,86.2,2.4,0,0.0,1,0.374,1.278
OFF-0015,ROADS,Executive Engineer,2023-12,38,37,97.4,2.7,0,0.0,1,0.459,1.278
OFF-0015,ROADS,Executive Engineer,2024-01,38,37,97.4,2.7,0,0.0,2,0.457,1.278
OFF-0015,ROADS,Executive Engineer,2024-02,36,35,97.2,1.0,0,0.0,0,0.312,1.278
OFF-0015,ROADS,Executive Engineer,2024-03,34,31,91.2,1.9,0,0.0,1,0.371,1.278
OFF-0015,ROADS,Executive Engineer,2024-04,39,36,92.3,2.2,0,0.0,0,0.426,1.278
OFF-0015,ROADS,Executive Engineer,2024-05,39,38,97.4,1.5,0,0.0,2,0.376,1.278
OFF-0015,ROADS,Executive Engineer,2024-06,43,41,95.3,0.5,0,0.0,0,0.324,1.278
OFF-0015,ROADS,Executive Engineer,2024-07,56,54,96.4,1.5,0,0.0,1,0.485,1.278
OFF-0015,ROADS,Executive Engineer,2024-08,66,59,89.4,0.5,0,0.0,1,0.438,1.278
OFF-0015,ROADS,Executive Engineer,2024-09,41,35,85.4,2.2,0,0.0,3,0.437,1.278
OFF-0015,ROADS,Executive Engineer,2024-10,34,33,97.1,2.7,0,0.0,2,0.427,1.278
OFF-0015,ROADS,Executive Engineer,2024-11,30,27,90.0,1.2,0,0.0,2,0.293,1.278
OFF-0015,ROADS,Executive Engineer,2024-12,40,39,97.5,2.0,0,0.0,1,0.415,1.278
OFF-0016,ROADS,Assistant Engineer,2022-01,45,31,68.9,2.4,0,0.0,1,0.478,1.045
OFF-0016,ROADS,Assistant Engineer,2022-02,44,43,97.7,1.3,0,0.0,0,0.393,1.045
OFF-0016,ROADS,Assistant Engineer,2022-03,40,38,95.0,2.1,0,0.0,0,0.423,1.045
OFF-0016,ROADS,Assistant Engineer,2022-04,46,33,71.7,1.6,0,0.0,0,0.424,1.045
OFF-0016,ROADS,Assistant Engineer,2022-05,31,29,93.5,2.6,0,0.0,3,0.402,1.045
OFF-0016,ROADS,Assistant Engineer,2022-06,65,56,86.2,2.5,0,0.0,4,0.589,1.045
OFF-0016,ROADS,Assistant Engineer,2022-07,67,55,82.1,1.2,0,0.0,0,0.487,1.045
OFF-0016,ROADS,Assistant Engineer,2022-08,52,35,67.3,3.3,0,0.0,3,0.594,1.045
OFF-0016,ROADS,Assistant Engineer,2022-09,60,50,83.3,1.8,0,0.0,2,0.537,1.045
OFF-0016,ROADS,Assistant Engineer,2022-10,33,29,87.9,2.1,0,0.0,0,0.38,1.045
OFF-0016,ROADS,Assistant Engineer,2022-11,36,25,69.4,3.0,0,0.0,1,0.466,1.045
OFF-0016,ROADS,Assistant Engineer,2022-12,32,22,68.8,2.7,0,0.0,0,0.418,1.045
OFF-0016,ROADS,Assistant Engineer,2023-01,44,29,65.9,4.4,0,0.0,4,0.593,1.045
OFF-0016,ROADS,Assistant Engineer,2023-02,45,42,93.3,0.9,0,0.0,1,0.368,1.045
OFF-0016,ROADS,Assistant Engineer,2023-03,34,28,82.4,3.4,0,0.0,0,0.48,1.045
OFF-0016,ROADS,Assistant Engineer,2023-04,45,43,95.6,2.6,0,0.0,0,0.498,1.045
OFF-0016,ROADS,Assistant Engineer,2023-05,40,31,77.5,2.4,0,0.0,2,0.448,1.045
OFF-0016,ROADS,Assistant Engineer,2023-06,56,43,76.8,2.7,0,0.0,0,0.573,1.045
OFF-0016,ROADS,Assistant Engineer,2023-07,66,49,74.2,1.2,0,0.0,2,0.492,1.045
OFF-0016,ROADS,Assistant Engineer,2023-08,54,50,92.6,3.0,0,0.0,1,0.588,1.045
OFF-0016,ROADS,Assistant Engineer,2023-09,64,57,89.1,2.3,0,0.0,2,0.57,1.045
OFF-0016,ROADS,Assistant Engineer,2023-10,38,29,76.3,1.4,0,0.0,1,0.358,1.045
OFF-0016,ROADS,Assistant Engineer,2023-11,46,43,93.5,3.9,0,0.0,3,0.602,1.045
OFF-0016,ROADS,Assistant Engineer,2023-12,31,28,90.3,0.8,0,0.0,1,0.265,1.045
OFF-0016,ROADS,Assistant Engineer,2024-01,39,29,74.4,3.3,0,0.0,4,0.507,1.045
OFF-0016,ROADS,Assistant Engineer,2024-02,41,36,87.8,2.7,0,0.0,2,0.476,1.045
OFF-0016,ROADS,Assistant Engineer,2024-03,35,33,94.3,1.8,0,0.0,2,0.369,1.045
OFF-0016,ROADS,Assistant Engineer,2024-04,39,37,94.9,1.7,0,0.0,3,0.384,1.045
OFF-0016,ROADS,Assistant Engineer,2024-05,33,24,72.7,1.6,0,0.0,1,0.336,1.045
OFF-0016,ROADS,Assistant Engineer,2024-06,41,36,87.8,3.4,0,0.0,2,0.528,1.045
OFF-0016,ROADS,Assistant Engineer,2024-07,42,29,69.0,2.8,0,0.0,1,0.493,1.045
OFF-0016,ROADS,Assistant Engineer,2024-08,60,56,93.3,3.7,0,0.0,2,0.68,1.045
OFF-0016,ROADS,Assistant Engineer,2024-09,52,39,75.0,2.7,0,0.0,0,0.551,1.045
OFF-0016,ROADS,Assistant Engineer,2024-10,34,26,76.5,2.5,0,0.0,1,0.417,1.045
OFF-0016,ROADS,Assistant Engineer,2024-11,34,27,79.4,3.2,0,0.0,2,0.467,1.045
OFF-0016,ROADS,Assistant Engineer,2024-12,39,37,94.9,0.5,0,0.0,1,0.297,1.045
OFF-0017,ROADS,Junior Engineer,2022-01,26,25,96.2,0.5,0,0.0,1,0.211,1.189
OFF-0017,ROADS,Junior Engineer,2022-02,31,30,96.8,1.4,0,0.0,1,0.311,1.189
OFF-0017,ROADS,Junior Engineer,2022-03,34,33,97.1,2.1,0,0.0,4,0.384,1.189
OFF-0017,ROADS,Junior Engineer,2022-04,35,34,97.1,3.0,0,0.0,2,0.459,1.189
OFF-0017,ROADS,Junior Engineer,2022-05,30,28,93.3,2.2,0,0.0,4,0.365,1.189
OFF-0017,ROADS,Junior Engineer,2022-06,52,50,96.2,0.6,0,0.0,1,0.389,1.189
OFF-0017,ROADS,Junior Engineer,2022-07,61,59,96.7,2.6,0,0.0,2,0.595,1.189
OFF-0017,ROADS,Junior Engineer,2022-08,35,34,97.1,2.1,0,0.0,2,0.389,1.189
OFF-0017,ROADS,Junior Engineer,2022-09,36,35,97.2,1.6,0,0.0,4,0.357,1.189
OFF-0017,ROADS,Junior Engineer,2022-10,28,27,96.4,0.5,0,0.0,0,0.224,1.189
OFF-0017,ROADS,Junior Engineer,2022-11,36,34,94.4,1.8,0,0.0,2,0.375,1.189
OFF-0017,ROADS,Junior Engineer,2022-12,34,33,97.1,3.6,0,0.0,1,0.496,1.189
OFF-0017,ROADS,Junior Engineer,2023-01,33,32,97.0,1.2,0,0.0,1,0.308,1.189
OFF-0017,ROADS,Junior Engineer,2023-02,29,25,86.2,2.1,0,0.0,1,0.352,1.189
OFF-0017,ROADS,Junior Engineer,2023-03,25,19,76.0,2.7,0,0.0,0,0.368,1.189
OFF-0017,ROADS,Junior Engineer,2023-04,33,26,78.8,1.0,0,0.0,2,0.292,1.189
OFF-0017,ROADS,Junior Engineer,2023-05,30,29,96.7,5.1,0,0.0,0,0.5,1.189
OFF-0017,ROADS,Junior Engineer,2023-06,46,45,97.8,0.5,0,0.0,2,0.344,1.189
OFF-0017,ROADS,Junior Engineer,2023-07,48,44,91.7,2.0,0,0.0,0,0.47,1.189
OFF-0017,ROADS,Junior Engineer,2023-08,48,47,97.9,0.9,0,0.0,1,0.384,1.189
OFF-0017,ROADS,Junior Engineer,2023-09,46,45,97.8,0.9,0,0.0,0,0.372,1.189
OFF-0017,ROADS,Junior Engineer,2023-10,35,31,88.6,2.8,0,0.0,1,0.44,1.189
OFF-0017,ROADS,Junior Engineer,2023-11,27,24,88.9,0.6,0,0.0,1,0.226,1.189
OFF-0017,ROADS,Junior Engineer,2023-12,25,22,88.0,1.2,0,0.0,2,0.258,1.189
OFF-0017,ROADS,Junior Engineer,2024-01,31,29,93.5,1.3,0,0.0,2,0.306,1.189
OFF-0017,ROADS,Junior Engineer,2024-02,29,28,96.6,0.5,0,0.0,2,0.231,1.189
OFF-0017,ROADS,Junior Engineer,2024-03,34,33,97.1,2.4,0,0.0,3,0.404,1.189
OFF-0017,ROADS,Junior Engineer,2024-04,29,28,96.6,1.4,0,0.0,0,0.301,1.189
OFF-0017,ROADS,Junior Engineer,2024-05,30,29,96.7,1.7,0,0.0,2,0.327,1.189
OFF-0017,ROADS,Junior Engineer,2024-06,38,37,97.4,2.1,0,0.0,1,0.41,1.189
OFF-0017,ROADS,Junior Engineer,2024-07,39,38,97.4,2.5,0,0.0,0,0.445,1.189
OFF-0017,ROADS,Junior Engineer,2024-08,44,43,97.7,0.9,0,0.0,0,0.361,1.189
OFF-0017,ROADS,Junior Engineer,2024-09,47,46,97.9,3.1,0,0.0,1,0.544,1.189
OFF-0017,ROADS,Junior Engineer,2024-10,27,21,77.8,3.2,0,0.0,1,0.421,1.189
OFF-0017,ROADS,Junior Engineer,2024-11,30,29,96.7,2.2,0,0.0,2,0.367,1.189
OFF-0017,ROADS,Junior Engineer,2024-12,25,24,96.0,4.1,0,0.0,2,0.467,1.189
OFF-0018,ROADS,Assistant Engineer,2022-01,18,17,94.4,1.3,0,0.0,2,0.219,1.042
OFF-0018,ROADS,Assistant Engineer,2022-02,12,8,66.7,2.8,0,0.0,2,0.287,1.042
OFF-0018,ROADS,Assistant Engineer,2022-03,15,10,66.7,3.7,0,0.0,2,0.381,1.042
OFF-0018,ROADS,Assistant Engineer,2022-04,16,13,81.2,2.0,0,0.0,0,0.257,1.042
OFF-0018,ROADS,Assistant Engineer,2022-05,13,10,76.9,2.2,0,0.0,2,0.251,1.042
OFF-0018,ROADS,Assistant Engineer,2022-06,26,19,73.1,2.1,0,0.0,1,0.329,1.042
OFF-0018,ROADS,Assistant Engineer,2022-07,17,16,94.1,0.9,0,0.0,2,0.178,1.042
OFF-0018,ROADS,Assistant Engineer,2022-08,26,22,84.6,1.2,0,0.0,1,0.265,1.042
OFF-0018,ROADS,Assistant Engineer,2022-09,29,20,69.0,2.0,0,0.0,1,0.346,1.042
OFF-0018,ROADS,Assistant Engineer,2022-10,12,9,75.0,0.5,0,0.0,2,0.12,1.042
OFF-0018,ROADS,Assistant Engineer,2022-11,13,12,92.3,1.7,0,0.0,1,0.216,1.042
OFF-0018,ROADS,Assistant Engineer,2022-12,17,15,88.2,1.9,0,0.0,2,0.255,1.042
OFF-0018,ROADS,Assistant Engineer,2023-01,17,15,88.2,2.5,0,0.0,2,0.302,1.042
OFF-0018,ROADS,Assistant Engineer,2023-02,13,10,76.9,0.7,0,0.0,4,0.136,1.042
OFF-0018,ROADS,Assistant Engineer,2023-03,15,13,86.7,1.8,0,0.0,0,0.236,1.042
OFF-0018,ROADS,Assistant Engineer,2023-04,15,10,66.7,2.5,0,0.0,3,0.289,1.042
OFF-0018,ROADS,Assistant Engineer,2023-05,12,11,91.7,1.1,0,0.0,0,0.164,1.042
OFF-0018,ROADS,Assistant Engineer,2023-06,25,20,80.0,2.3,0,0.0,0,0.337,1.042
OFF-0018,ROADS,Assistant Engineer,2023-07,29,19,65.5,0.5,0,0.0,1,0.231,1.042
OFF-0018,ROADS,Assistant Engineer,2023-08,20,17,85.0,1.3,0,0.0,2,0.233,1.042
OFF-0018,ROADS,Assistant Engineer,2023-09,24,18,75.0,2.5,0,0.0,0,0.344,1.042
OFF-0018,ROADS,Assistant Engineer,2023-10,18,15,83.3,2.7,0,0.0,1,0.323,1.042
OFF-0018,ROADS,Assistant Engineer,2023-11,18,17,94.4,3.6,0,0.0,2,0.392,1.042
OFF-0018,ROADS,Assistant Engineer,2023-12,18,12,66.7,3.7,0,0.0,2,0.401,1.042
OFF-0018,ROADS,Assistant Engineer,2024-01,19,18,94.7,1.9,0,0.0,4,0.271,1.042
OFF-0018,ROADS,Assistant Engineer,2024-02,17,16,94.1,2.7,0,0.0,3,0.319,1.042
OFF-0018,ROADS,Assistant Engineer,2024-03,13,9,69.2,0.5,0,0.0,4,0.124,1.042
OFF-0018,ROADS,Assistant Engineer,2024-04,15,14,93.3,1.9,0,0.0,3,0.245,1.042
OFF-0018,ROADS,Assistant Engineer,2024-05,18,13,72.2,4.6,0,0.0,1,0.42,1.042
OFF-0018,ROADS,Assistant Engineer,2024-06,22,21,95.5,1.2,0,0.0,0,0.239,1.042
OFF-0018,ROADS,Assistant Engineer,2024-07,26,21,80.8,1.6,0,0.0,1,0.292,1.042
OFF-0018,ROADS,Assistant Engineer,2024-08,27,25,92.6,3.1,0,0.0,1,0.416,1.042
OFF-0018,ROADS,Assistant Engineer,2024-09,28,22,78.6,1.6,0,0.0,1,0.307,1.042
OFF-0018,ROADS,Assistant Engineer,2024-10,13,10,76.9,0.7,0,0.0,3,0.137,1.042
OFF-0018,ROADS,Assistant Engineer,2024-11,13,10,76.9,1.1,0,0.0,4,0.166,1.042
OFF-0018,ROADS,Assistant Engineer,2024-12,14,13,92.9,2.1,0,0.0,4,0.251,1.042
OFF-0019,ROADS,Junior Engineer,2022-01,30,22,73.3,1.5,2,7.8,1,0.338,0.791
OFF-0019,ROADS,Junior Engineer,2022-02,45,31,68.9,1.7,0,2.1,0,0.431,0.791
OFF-0019,ROADS,Junior Engineer,2022-03,39,27,69.2,1.3,1,3.4,1,0.37,0.791
OFF-0019,ROADS,Junior Engineer,2022-04,33,17,51.5,1.7,1,5.9,3,0.367,0.791
OFF-0019,ROADS,Junior Engineer,2022-05,33,24,72.7,1.4,1,4.9,1,0.338,0.791
OFF-0019,ROADS,Junior Engineer,2022-06,50,34,68.0,3.1,1,4.0,2,0.58,0.791
OFF-0019,ROADS,Junior Engineer,2022-07,56,35,62.5,0.9,3,6.5,0,0.459,0.791
OFF-0019,ROADS,Junior Engineer,2022-08,52,34,65.4,2.9,3,7.4,0,0.585,0.791
OFF-0019,ROADS,Junior Engineer,2022-09,62,40,64.5,2.3,4,8.0,0,0.6,0.791
OFF-0019,ROADS,Junior Engineer,2022-10,31,18,58.1,3.9,2,6.9,2,0.522,0.791
OFF-0019,ROADS,Junior Engineer,2022-11,41,30,73.2,1.3,3,7.4,3,0.391,0.791
OFF-0019,ROADS,Junior Engineer,2022-12,45,24,53.3,2.6,1,3.3,1,0.504,0.791
OFF-0019,ROADS,Junior Engineer,2023-01,36,22,61.1,1.6,1,4.0,2,0.372,0.791
OFF-0019,ROADS,Junior Engineer,2023-02,36,25,69.4,1.6,2,6.5,0,0.379,0.791
OFF-0019,ROADS,Junior Engineer,2023-03,34,18,52.9,2.5,2,6.5,0,0.433,0.791
OFF-0019,ROADS,Junior Engineer,2023-04,32,16,50.0,2.8,2,8.2,1,0.448,0.791
OFF-0019,ROADS,Junior Engineer,2023-05,36,24,66.7,1.8,2,7.8,2,0.397,0.791
OFF-0019,ROADS,Junior Engineer,2023-06,65,48,73.8,2.2,1,2.6,1,0.572,0.791
OFF-0019,ROADS,Junior Engineer,2023-07,49,30,61.2,3.0,2,4.3,3,0.564,0.791
OFF-0019,ROADS,Junior Engineer,2023-08,49,35,71.4,2.9,3,7.7,1,0.569,0.791
OFF-0019,ROADS,Junior Engineer,2023-09,66,35,53.0,1.9,2,4.2,0,0.555,0.791
OFF-0019,ROADS,Junior Engineer,2023-10,43,25,58.1,1.8,2,6.8,3,0.444,0.791
OFF-0019,ROADS,Junior Engineer,2023-11,32,19,59.4,4.0,2,8.0,0,0.537,0.791
OFF-0019,ROADS,Junior Engineer,2023-12,31,19,61.3,2.6,1,5.0,0,0.419,0.791
OFF-0019,ROADS,Junior Engineer,2024-01,36,20,55.6,1.3,2,6.3,2,0.355,0.791
OFF-0019,ROADS,Junior Engineer,2024-02,43,23,53.5,2.4,1,3.0,1,0.473,0.791
OFF-0019,ROADS,Junior Engineer,2024-03,38,23,60.5,2.3,0,2.2,2,0.436,0.791
OFF-0019,ROADS,Junior Engineer,2024-04,35,21,60.0,3.7,1,4.3,3,0.521,0.791
OFF-0019,ROADS,Junior Engineer,2024-05,38,26,68.4,2.2,2,7.0,1,0.441,0.791
OFF-0019,ROADS,Junior Engineer,2024-06,62,42,67.7,2.7,4,6.6,0,0.624,0.791
OFF-0019,ROADS,Junior Engineer,2024-07,66,34,51.5,2.4,3,5.7,0,0.599,0.791
OFF-0019,ROADS,Junior Engineer,2024-08,58,31,53.4,2.4,3,5.8,2,0.583,0.791
OFF-0019,ROADS,Junior Engineer,2024-09,52,33,63.5,1.2,1,2.2,0,0.442,0.791
OFF-0019,ROADS,Junior Engineer,2024-10,37,26,70.3,3.5,3,8.3,0,0.533,0.791
OFF-0019,ROADS,Junior Engineer,2024-11,35,24,68.6,5.1,1,5.4,1,0.55,0.791
OFF-0019,ROADS,Junior Engineer,2024-12,39,27,69.2,3.2,2,6.0,0,0.52,0.791
OFF-0020,ROADS,Assistant Engineer,2022-01,21,19,90.5,1.7,0,0.7,1,0.272,0.979
OFF-0020,ROADS,Assistant Engineer,2022-02,19,16,84.2,3.6,0,0.4,2,0.396,0.979
OFF-0020,ROADS,Assistant Engineer,2022-03,27,24,88.9,1.7,0,0.5,1,0.312,0.979
OFF-0020,ROADS,Assistant Engineer,2022-04,18,15,83.3,3.8,0,0.5,0,0.406,0.979
OFF-0020,ROADS,Assistant Engineer,2022-05,26,16,61.5,1.5,0,0.7,1,0.284,0.979
OFF-0020,ROADS,Assistant Engineer,2022-06,33,29,87.9,2.6,0,0.5,1,0.414,0.979
OFF-0020,ROADS,Assistant Engineer,2022-07,28,25,89.3,0.6,0,0.7,2,0.23,0.979
OFF-0020,ROADS,Assistant Engineer,2022-08,27,20,74.1,0.6,0,0.4,2,0.23,0.979
OFF-0020,ROADS,Assistant Engineer,2022-09,43,34,79.1,2.2,0,0.8,1,0.451,0.979
OFF-0020,ROADS,Assistant Engineer,2022-10,20,15,75.0,2.1,0,0.8,1,0.292,0.979
OFF-0020,ROADS,Assistant Engineer,2022-11,25,22,88.0,2.2,0,0.6,2,0.335,0.979
OFF-0020,ROADS,Assistant Engineer,2022-12,23,20,87.0,1.0,0,0.7,2,0.229,0.979
OFF-0020,ROADS,Assistant Engineer,2023-01,22,18,81.8,2.8,0,0.6,1,0.355,0.979
OFF-0020,ROADS,Assistant Engineer,2023-02,25,16,64.0,1.1,0,0.4,2,0.247,0.979
OFF-0020,ROADS,Assistant Engineer,2023-03,24,20,83.3,1.9,0,0.4,0,0.306,0.979
OFF-0020,ROADS,Assistant Engineer,2023-04,24,17,70.8,2.2,0,0.7,0,0.326,0.979
OFF-0020,ROADS,Assistant Engineer,2023-05,19,12,63.2,1.0,0,0.2,1,0.205,0.979
OFF-0020,ROADS,Assistant Engineer,2023-06,45,38,84.4,2.8,0,0.7,1,0.512,0.979
OFF-0020,ROADS,Assistant Engineer,2023-07,29,22,75.9,1.5,0,0.7,2,0.305,0.979
OFF-0020,ROADS,Assistant Engineer,2023-08,35,23,65.7,2.7,0,0.8,0,0.435,0.979
OFF-0020,ROADS,Assistant Engineer,2023-09,32,25,78.1,1.6,0,0.4,1,0.335,0.979
OFF-0020,ROADS,Assistant Engineer,2023-10,25,22,88.0,2.4,0,0.5,1,0.351,0.979
OFF-0020,ROADS,Assistant Engineer,2023-11,24,19,79.2,0.5,0,0.3,2,0.198,0.979
OFF-0020,ROADS,Assistant Engineer,2023-12,18,15,83.3,3.9,0,0.4,2,0.415,0.979
OFF-0020,ROADS,Assistant Engineer,2024-01,25,23,92.0,2.4,0,0.8,0,0.347,0.979
OFF-0020,ROADS,Assistant Engineer,2024-02,26,17,65.4,1.1,0,0.5,0,0.255,0.979
OFF-0020,ROADS,Assistant Engineer,2024-03,20,15,75.0,1.7,0,0.8,1,0.264,0.979
OFF-0020,ROADS,Assistant Engineer,2024-04,23,14,60.9,0.5,0,0.9,0,0.193,0.979
OFF-0020,ROADS,Assistant Engineer,2024-05,26,22,84.6,1.7,0,0.7,0,0.301,0.979
OFF-0020,ROADS,Assistant Engineer,2024-06,37,25,67.6,4.1,0,0.6,1,0.548,0.979
OFF-0020,ROADS,Assistant Engineer,2024-07,34,30,88.2,2.1,0,0.7,0,0.384,0.979
OFF-0020,ROADS,Assistant Engineer,2024-08,30,26,86.7,2.0,0,0.3,1,0.351,0.979
OFF-0020,ROADS,Assistant Engineer,2024-09,27,21,77.8,3.6,0,0.7,2,0.449,0.979
OFF-0020,ROADS,Assistant Engineer,2024-10,26,16,61.5,1.4,0,0.3,1,0.279,0.979
OFF-0020,ROADS,Assistant Engineer,2024-11,23,17,73.9,0.5,0,0.3,4,0.192,0.979
OFF-0020,ROADS,Assistant Engineer,2024-12,26,16,61.5,0.9,0,0.3,0,0.239,0.979
OFF-0021,ROADS,Junior Engineer,2022-01,15,12,80.0,0.9,0,2.1,0,0.177,0.895
OFF-0021,ROADS,Junior Engineer,2022-02,18,13,72.2,3.6,0,2.5,0,0.394,0.895
OFF-0021,ROADS,Junior Engineer,2022-03,14,10,71.4,2.6,0,2.4,0,0.299,0.895
OFF-0021,ROADS,Junior Engineer,2022-04,14,8,57.1,3.4,0,2.3,0,0.356,0.895
OFF-0021,ROADS,Junior Engineer,2022-05,14,11,78.6,2.3,0,3.2,4,0.279,0.895
OFF-0021,ROADS,Junior Engineer,2022-06,20,14,70.0,0.5,0,3.4,2,0.183,0.895
OFF-0021,ROADS,Junior Engineer,2022-07,22,14,63.6,0.7,0,3.3,0,0.206,0.895
OFF-0021,ROADS,Junior Engineer,2022-08,27,19,70.4,2.7,0,1.7,0,0.388,0.895
OFF-0021,ROADS,Junior Engineer,2022-09,25,15,60.0,1.6,0,3.3,0,0.299,0.895
OFF-0021,ROADS,Junior Engineer,2022-10,16,10,62.5,1.3,0,3.3,2,0.217,0.895
OFF-0021,ROADS,Junior Engineer,2022-11,19,16,84.2,0.5,0,2.2,1,0.171,0.895
OFF-0021,ROADS,Junior Engineer,2022-12,18,12,66.7,0.5,0,2.5,0,0.165,0.895
OFF-0021,ROADS,Junior Engineer,2023-01,17,12,70.6,1.9,0,4.1,4,0.27,0.895
OFF-0021,ROADS,Junior Engineer,2023-02,18,13,72.2,1.9,0,2.4,2,0.269,0.895
OFF-0021,ROADS,Junior Engineer,2023-03,17,12,70.6,2.9,0,1.9,4,0.338,0.895
OFF-0021,ROADS,Junior Engineer,2023-04,14,10,71.4,2.1,0,1.3,1,0.254,0.895
OFF-0021,ROADS,Junior Engineer,2023-05,14,9,64.3,1.9,0,3.7,3,0.25,0.895
OFF-0021,ROADS,Junior Engineer,2023-06,35,27,77.1,1.6,1,3.1,2,0.361,0.895
OFF-0021,ROADS,Junior Engineer,2023-07,21,12,57.1,1.6,0,2.9,2,0.267,0.895
OFF-0021,ROADS,Junior Engineer,2023-08,31,21,67.7,1.3,1,3.4,3,0.314,0.895
OFF-0021,ROADS,Junior Engineer,2023-09,30,22,73.3,2.0,1,3.4,1,0.362,0.895
OFF-0021,ROADS,Junior Engineer,2023-10,16,11,68.8,3.4,0,1.6,1,0.367,0.895
OFF-0021,ROADS,Junior Engineer,2023-11,19,15,78.9,1.4,0,3.2,1,0.243,0.895
OFF-0021,ROADS,Junior Engineer,2023-12,20,12,60.0,3.0,0,2.5,0,0.366,0.895
OFF-0021,ROADS,Junior Engineer,2024-01,17,13,76.5,2.1,0,2.5,0,0.281,0.895
OFF-0021,ROADS,Junior Engineer,2024-02,14,8,57.1,4.1,0,1.1,0,0.397,0.895
OFF-0021,ROADS,Junior Engineer,2024-03,16,13,81.2,4.3,0,1.6,1,0.411,0.895
OFF-0021,ROADS,Junior Engineer,2024-04,18,13,72.2,1.6,0,2.2,3,0.248,0.895
OFF-0021,ROADS,Junior Engineer,2024-05,17,10,58.8,2.1,0,2.4,1,0.28,0.895
OFF-0021,ROADS,Junior Engineer,2024-06,23,13,56.5,2.4,0,2.2,2,0.343,0.895
OFF-0021,ROADS,Junior Engineer,2024-07,19,15,78.9,1.4,0,1.3,1,0.239,0.895
OFF-0021,ROADS,Junior Engineer,2024-08,31,23,74.2,1.2,0,2.2,3,0.304,0.895
OFF-0021,ROADS,Junior Engineer,2024-09,21,12,57.1,0.5,0,3.4,1,0.188,0.895
OFF-0021,ROADS,Junior Engineer,2024-10,20,16,80.0,3.4,0,2.8,0,0.398,0.895
OFF-0021,ROADS,Junior Engineer,2024-11,18,12,66.7,3.6,0,1.8,2,0.398,0.895
OFF-0021,ROADS,Junior Engineer,2024-12,19,15,78.9,2.8,0,1.2,2,0.342,0.895
OFF-0022,ROADS,Assistant Engineer,2022-01,30,22,73.3,0.5,0,0.9,0,0.24,0.964
OFF-0022,ROADS,Assistant Engineer,2022-02,29,23,79.3,2.3,0,0.9,2,0.367,0.964
OFF-0022,ROADS,Assistant Engineer,2022-03,38,28,73.7,2.4,0,0.9,1,0.436,0.964
OFF-0022,ROADS,Assistant Engineer,2022-04,33,24,72.7,2.1,0,0.9,2,0.377,0.964
OFF-0022,ROADS,Assistant Engineer,2022-05,29,20,69.0,1.9,0,1.2,2,0.34,0.964
OFF-0022,ROADS,Assistant Engineer,2022-06,45,38,84.4,3.9,0,1.3,3,0.596,0.964
OFF-0022,ROADS,Assistant Engineer,2022-07,45,30,66.7,2.8,0,0.9,0,0.512,0.964
OFF-0022,ROADS,Assistant Engineer,2022-08,56,43,76.8,2.5,0,0.8,4,0.562,0.964
OFF-0022,ROADS,Assistant Engineer,2022-09,49,38,77.6,3.4,0,0.8,0,0.588,0.964
OFF-0022,ROADS,Assistant Engineer,2022-10,34,22,64.7,2.7,0,0.8,1,0.43,0.964
OFF-0022,ROADS,Assistant Engineer,2022-11,29,25,86.2,2.4,0,1.1,2,0.377,0.964
OFF-0022,ROADS,Assistant Engineer,2022-12,38,27,71.1,3.4,0,0.7,0,0.511,0.964
OFF-0022,ROADS,Assistant Engineer,2023-01,34,27,79.4,4.2,0,1.4,0,0.531,0.964
OFF-0022,ROADS,Assistant Engineer,2023-02,37,32,86.5,3.1,0,1.2,3,0.485,0.964
OFF-0022,ROADS,Assistant Engineer,2023-03,37,24,64.9,2.3,0,1.1,2,0.421,0.964
OFF-0022,ROADS,Assistant Engineer,2023-04,37,29,78.4,1.2,0,1.4,0,0.344,0.964
OFF-0022,ROADS,Assistant Engineer,2023-05,33,25,75.8,1.6,0,1.4,0,0.347,0.964
OFF-0022,ROADS,Assistant Engineer,2023-06,45,39,86.7,0.8,0,0.5,1,0.362,0.964
OFF-0022,ROADS,Assistant Engineer,2023-07,61,38,62.3,2.3,0,0.6,2,0.572,0.964
OFF-0022,ROADS,Assistant Engineer,2023-08,51,39,76.5,2.1,0,0.9,1,0.501,0.964
OFF-0022,ROADS,Assistant Engineer,2023-09,60,49,81.7,2.8,0,0.9,0,0.616,0.964
OFF-0022,ROADS,Assistant Engineer,2023-10,39,27,69.2,1.2,0,0.9,0,0.355,0.964
OFF-0022,ROADS,Assistant Engineer,2023-11,36,28,77.8,2.4,0,0.6,2,0.421,0.964
OFF-0022,ROADS,Assistant Engineer,2023-12,30,23,76.7,1.9,0,1.4,1,0.35,0.964
OFF-0022,ROADS,Assistant Engineer,2024-01,37,33,89.2,1.7,0,0.9,0,0.379,0.964
OFF-0022,ROADS,Assistant Engineer,2024-02,36,27,75.0,2.4,0,0.9,1,0.419,0.964
OFF-0022,ROADS,Assistant Engineer,2024-03,38,29,76.3,2.0,0,0.5,0,0.408,0.964
OFF-0022,ROADS,Assistant Engineer,2024-04,30,20,66.7,3.5,0,0.8,0,0.466,0.964
OFF-0022,ROADS,Assistant Engineer,2024-05,36,29,80.6,2.9,0,1.1,1,0.46,0.964
OFF-0022,ROADS,Assistant Engineer,2024-06,48,32,66.7,2.4,0,1.3,1,0.506,0.964
OFF-0022,ROADS,Assistant Engineer,2024-07,53,42,79.2,0.5,0,0.6,1,0.393,0.964
OFF-0022,ROADS,Assistant Engineer,2024-08,44,37,84.1,3.1,0,0.9,1,0.531,0.964
OFF-0022,ROADS,Assistant Engineer,2024-09,54,37,68.5,1.5,0,1.2,1,0.478,0.964
OFF-0022,ROADS,Assistant Engineer,2024-10,33,23,69.7,2.1,0,0.6,1,0.378,0.964
OFF-0022,ROADS,Assistant Engineer,2024-11,28,25,89.3,2.2,0,0.6,1,0.355,0.964
OFF-0022,ROADS,Assistant Engineer,2024-12,32,28,87.5,2.8,0,0.8,0,0.427,0.964
OFF-0023,ROADS,Executive Engineer,2022-01,35,30,85.7,2.1,0,0.0,2,0.393,1.036
OFF-0023,ROADS,Executive Engineer,2022-02,36,34,94.4,1.6,0,0.0,0,0.358,1.036
OFF-0023,ROADS,Executive Engineer,2022-03,37,29,78.4,0.5,0,0.0,2,0.284,1.036
OFF-0023,ROADS,Executive Engineer,2022-04,43,30,69.8,2.2,0,0.0,1,0.452,1.036
OFF-0023,ROADS,Executive Engineer,2022-05,46,44,95.7,1.4,0,0.0,1,0.41,1.036
OFF-0023,ROADS,Executive Engineer,2022-06,53,43,81.1,2.3,0,0.0,1,0.524,1.036
OFF-0023,ROADS,Executive Engineer,2022-07,69,59,85.5,1.3,0,0.0,2,0.496,1.036
OFF-0023,ROADS,Executive Engineer,2022-08,48,40,83.3,0.5,0,0.0,3,0.359,1.036
OFF-0023,ROADS,Executive Engineer,2022-09,54,43,79.6,2.2,0,0.0,2,0.523,1.036
OFF-0023,ROADS,Executive Engineer,2022-10,35,23,65.7,1.2,0,0.0,4,0.327,1.036
OFF-0023,ROADS,Executive Engineer,2022-11,43,33,76.7,1.9,0,0.0,2,0.433,1.036
OFF-0023,ROADS,Executive Engineer,2022-12,39,36,92.3,2.9,0,0.0,3,0.476,1.036
OFF-0023,ROADS,Executive Engineer,2023-01,33,25,75.8,2.0,0,0.0,1,0.369,1.036
OFF-0023,ROADS,Executive Engineer,2023-02,37,31,83.8,0.5,0,0.0,2,0.284,1.036
OFF-0023,ROADS,Executive Engineer,2023-03,46,39,84.8,2.7,0,0.0,1,0.511,1.036
OFF-0023,ROADS,Executive Engineer,2023-04,32,30,93.8,0.5,0,0.0,2,0.251,1.036
OFF-0023,ROADS,Executive Engineer,2023-05,40,35,87.5,3.2,0,0.0,1,0.505,1.036
OFF-0023,ROADS,Executive Engineer,2023-06,50,47,94.0,2.4,0,0.0,2,0.512,1.036
OFF-0023,ROADS,Executive Engineer,2023-07,60,58,96.7,1.0,0,0.0,0,0.478,1.036
OFF-0023,ROADS,Executive Engineer,2023-08,56,46,82.1,3.5,0,0.0,1,0.635,1.036
OFF-0023,ROADS,Executive Engineer,2023-09,47,36,76.6,2.0,0,0.0,0,0.462,1.036
OFF-0023,ROADS,Executive Engineer,2023-10,45,42,93.3,1.3,0,0.0,1,0.394,1.036
OFF-0023,ROADS,Executive Engineer,2023-11,45,31,68.9,2.1,0,0.0,2,0.457,1.036
OFF-0023,ROADS,Executive Engineer,2023-12,36,31,86.1,3.1,0,0.0,3,0.476,1.036
OFF-0023,ROADS,Executive Engineer,2024-01,37,27,73.0,2.2,0,0.0,1,0.411,1.036
OFF-0023,ROADS,Executive Engineer,2024-02,43,36,83.7,1.1,0,0.0,1,0.367,1.036
OFF-0023,ROADS,Executive Engineer,2024-03,45,42,93.3,2.3,0,0.0,0,0.469,1.036
OFF-0023,ROADS,Executive Engineer,2024-04,35,26,74.3,1.9,0,0.0,0,0.377,1.036
OFF-0023,ROADS,Executive Engineer,2024-05,37,36,97.3,0.7,0,0.0,0,0.298,1.036
OFF-0023,ROADS,Executive Engineer,2024-06,56,49,87.5,2.2,0,0.0,2,0.538,1.036
OFF-0023,ROADS,Executive Engineer,2024-07,66,54,81.8,1.1,0,0.0,0,0.481,1.036
OFF-0023,ROADS,Executive Engineer,2024-08,56,40,71.4,1.3,0,0.0,0,0.468,1.036
OFF-0023,ROADS,Executive Engineer,2024-09,65,62,95.4,0.5,0,0.0,1,0.438,1.036
OFF-0023,ROADS,Executive Engineer,2024-10,35,27,77.1,1.1,0,0.0,2,0.315,1.036
OFF-0023,ROADS,Executive Engineer,2024-11,44,36,81.8,2.5,0,0.0,1,0.482,1.036
OFF-0023,ROADS,Executive Engineer,2024-12,38,36,94.7,1.4,0,0.0,2,0.359,1.036
OFF-0024,ROADS,Coordinator,2022-01,29,27,93.1,0.5,0,0.0,2,0.231,1.006
OFF-0024,ROADS,Coordinator,2022-02,28,18,64.3,0.5,0,0.0,0,0.224,1.006
OFF-0024,ROADS,Coordinator,2022-03,35,23,65.7,2.1,0,0.0,3,0.394,1.006
OFF-0024,ROADS,Coordinator,2022-04,34,26,76.5,1.5,0,0.0,1,0.339,1.006
OFF-0024,ROADS,Coordinator,2022-05,30,23,76.7,0.7,0,0.0,0,0.255,1.006
OFF-0024,ROADS,Coordinator,2022-06,58,50,86.2,1.2,0,0.0,2,0.473,1.006
OFF-0024,ROADS,Coordinator,2022-07,61,56,91.8,3.7,0,0.0,0,0.679,1.006
OFF-0024,ROADS,Coordinator,2022-08,46,39,84.8,1.6,0,0.0,1,0.427,1.006
OFF-0024,ROADS,Coordinator,2022-09,51,46,90.2,3.0,0,0.0,2,0.567,1.006
OFF-0024,ROADS,Coordinator,2022-10,32,21,65.6,0.5,0,0.0,1,0.252,1.006
OFF-0024,ROADS,Coordinator,2022-11,35,23,65.7,3.8,0,0.0,1,0.52,1.006
OFF-0024,ROADS,Coordinator,2022-12,27,21,77.8,0.6,0,0.0,2,0.228,1.006
OFF-0024,ROADS,Coordinator,2023-01,35,28,80.0,2.0,0,0.0,3,0.38,1.006
OFF-0024,ROADS,Coordinator,2023-02,39,29,74.4,2.4,0,0.0,2,0.441,1.006
OFF-0024,ROADS,Coordinator,2023-03,28,25,89.3,2.9,0,0.0,1,0.401,1.006
OFF-0024,ROADS,Coordinator,2023-04,28,20,71.4,2.6,0,0.0,1,0.383,1.006
OFF-0024,ROADS,Coordinator,2023-05,32,24,75.0,3.5,0,0.0,0,0.478,1.006
OFF-0024,ROADS,Coordinator,2023-06,62,58,93.5,1.1,0,0.0,0,0.48,1.006
OFF-0024,ROADS,Coordinator,2023-07,65,51,78.5,0.9,0,0.0,0,0.467,1.006
OFF-0024,ROADS,Coordinator,2023-08,46,31,67.4,2.3,0,0.0,1,0.476,1.006
OFF-0024,ROADS,Coordinator,2023-09,41,29,70.7,1.6,0,0.0,0,0.392,1.006
OFF-0024,ROADS,Coordinator,2023-10,32,29,90.6,0.9,0,0.0,1,0.28,1.006
OFF-0024,ROADS,Coordinator,2023-11,37,24,64.9,1.1,0,0.0,4,0.329,1.006
OFF-0024,ROADS,Coordinator,2023-12,29,27,93.1,1.6,0,0.0,0,0.312,1.006
OFF-0024,ROADS,Coordinator,2024-01,29,23,79.3,0.7,0,0.0,1,0.244,1.006
OFF-0024,ROADS,Coordinator,2024-02,35,28,80.0,1.7,0,0.0,0,0.363,1.006
OFF-0024,ROADS,Coordinator,2024-03,35,29,82.9,2.8,0,0.0,0,0.445,1.006
OFF-0024,ROADS,Coordinator,2024-04,39,36,92.3,1.2,0,0.0,0,0.35,1.006
OFF-0024,ROADS,Coordinator,2024-05,36,34,94.4,0.7,0,0.0,0,0.291,1.006
OFF-0024,ROADS,Coordinator,2024-06,44,29,65.9,1.7,0,0.0,0,0.423,1.006
OFF-0024,ROADS,Coordinator,2024-07,58,45,77.6,1.4,0,0.0,1,0.493,1.006
OFF-0024,ROADS,Coordinator,2024-08,60,55,91.7,1.1,0,0.0,1,0.485,1.006
OFF-0024,ROADS,Coordinator,2024-09,65,46,70.8,0.7,0,0.0,0,0.453,1.006
OFF-0024,ROADS,Coordinator,2024-10,34,25,73.5,1.1,0,0.0,0,0.309,1.006
OFF-0024,ROADS,Coordinator,2024-11,32,25,78.1,1.0,0,0.0,4,0.292,1.006
OFF-0024,ROADS,Coordinator,2024-12,31,26,83.9,2.1,0,0.0,0,0.365,1.006
OFF-0025,ROADS,Coordinator,2022-01,19,18,94.7,1.3,0,0.0,1,0.227,1.156
OFF-0025,ROADS,Coordinator,2022-02,18,14,77.8,0.5,0,0.0,1,0.158,1.156
OFF-0025,ROADS,Coordinator,2022-03,17,14,82.4,1.4,0,0.0,1,0.218,1.156
OFF-0025,ROADS,Coordinator,2022-04,20,19,95.0,3.2,0,0.0,2,0.374,1.156
OFF-0025,ROADS,Coordinator,2022-05,18,15,83.3,1.7,0,0.0,0,0.244,1.156
OFF-0025,ROADS,Coordinator,2022-06,39,31,79.5,0.6,0,0.0,0,0.306,1.156
OFF-0025,ROADS,Coordinator,2022-07,21,19,90.5,1.9,0,0.0,2,0.285,1.156
OFF-0025,ROADS,Coordinator,2022-08,26,19,73.1,1.1,0,0.0,3,0.256,1.156
OFF-0025,ROADS,Coordinator,2022-09,36,29,80.6,3.3,0,0.0,0,0.487,1.156
OFF-0025,ROADS,Coordinator,2022-10,22,18,81.8,1.7,0,0.0,1,0.273,1.156
OFF-0025,ROADS,Coordinator,2022-11,22,21,95.5,1.4,0,0.0,3,0.253,1.156
OFF-0025,ROADS,Coordinator,2022-12,21,20,95.2,2.4,0,0.0,1,0.318,1.156
OFF-0025,ROADS,Coordinator,2023-01,21,20,95.2,1.6,0,0.0,2,0.26,1.156
OFF-0025,ROADS,Coordinator,2023-02,18,13,72.2,1.2,0,0.0,1,0.209,1.156
OFF-0025,ROADS,Coordinator,2023-03,19,16,84.2,1.8,0,0.0,1,0.26,1.156
OFF-0025,ROADS,Coordinator,2023-04,15,14,93.3,0.5,0,0.0,0,0.138,1.156
OFF-0025,ROADS,Coordinator,2023-05,18,16,88.9,0.9,0,0.0,3,0.186,1.156
OFF-0025,ROADS,Coordinator,2023-06,36,27,75.0,0.5,0,0.0,2,0.277,1.156
OFF-0025,ROADS,Coordinator,2023-07,32,26,81.2,1.3,0,0.0,0,0.308,1.156
OFF-0025,ROADS,Coordinator,2023-08,25,22,88.0,0.6,0,0.0,0,0.21,1.156
OFF-0025,ROADS,Coordinator,2023-09,31,23,74.2,2.5,0,0.0,1,0.397,1.156
OFF-0025,ROADS,Coordinator,2023-10,19,16,84.2,1.2,0,0.0,1,0.216,1.156
OFF-0025,ROADS,Coordinator,2023-11,17,16,94.1,2.0,0,0.0,1,0.263,1.156
OFF-0025,ROADS,Coordinator,2023-12,15,12,80.0,1.8,0,0.0,0,0.234,1.156
OFF-0025,ROADS,Coordinator,2024-01,17,14,82.4,4.0,0,0.0,1,0.41,1.156
OFF-0025,ROADS,Coordinator,2024-02,18,15,83.3,0.9,0,0.0,2,0.184,1.156
OFF-0025,ROADS,Coordinator,2024-03,17,14,82.4,2.2,0,0.0,3,0.277,1.156
OFF-0025,ROADS,Coordinator,2024-04,15,14,93.3,0.5,0,0.0,1,0.138,1.156
OFF-0025,ROADS,Coordinator,2024-05,16,15,93.8,1.3,0,0.0,0,0.201,1.156
OFF-0025,ROADS,Coordinator,2024-06,31,28,90.3,1.3,0,0.0,4,0.306,1.156
OFF-0025,ROADS,Coordinator,2024-07,28,21,75.0,2.6,0,0.0,0,0.382,1.156
OFF-0025,ROADS,Coordinator,2024-08,33,28,84.8,2.5,0,0.0,1,0.406,1.156
OFF-0025,ROADS,Coordinator,2024-09,31,28,90.3,0.8,0,0.0,1,0.269,1.156
OFF-0025,ROADS,Coordinator,2024-10,18,13,72.2,1.5,0,0.0,1,0.235,1.156
OFF-0025,ROADS,Coordinator,2024-11,20,18,90.0,2.7,0,0.0,0,0.336,1.156
OFF-0025,ROADS,Coordinator,2024-12,15,12,80.0,3.0,0,0.0,1,0.327,1.156
OFF-0026,ROADS,Assistant Engineer,2022-01,33,31,93.9,0.5,0,0.0,0,0.258,1.185
OFF-0026,ROADS,Assistant Engineer,2022-02,25,24,96.0,1.1,0,0.0,2,0.253,1.185
OFF-0026,ROADS,Assistant Engineer,2022-03,27,26,96.3,1.5,0,0.0,1,0.294,1.185
OFF-0026,ROADS,Assistant Engineer,2022-04,25,24,96.0,0.8,0,0.0,1,0.228,1.185
OFF-0026,ROADS,Assistant Engineer,2022-05,26,25,96.2,1.3,0,0.0,0,0.268,1.185
OFF-0026,ROADS,Assistant Engineer,2022-06,39,32,82.1,1.4,0,0.0,0,0.362,1.185
OFF-0026,ROADS,Assistant Engineer,2022-07,42,36,85.7,1.3,0,0.0,2,0.378,1.185
OFF-0026,ROADS,Assistant Engineer,2022-08,52,50,96.2,2.5,0,0.0,0,0.537,1.185
OFF-0026,ROADS,Assistant Engineer,2022-09,45,44,97.8,2.4,0,0.0,4,0.477,1.185
OFF-0026,ROADS,Assistant Engineer,2022-10,28,26,92.9,0.5,0,0.0,3,0.224,1.185
OFF-0026,ROADS,Assistant Engineer,2022-11,28,27,96.4,2.0,0,0.0,1,0.337,1.185
OFF-0026,ROADS,Assistant Engineer,2022-12,23,22,95.7,2.4,0,0.0,2,0.335,1.185
OFF-0026,ROADS,Assistant Engineer,2023-01,25,24,96.0,1.7,0,0.0,1,0.296,1.185
OFF-0026,ROADS,Assistant Engineer,2023-02,23,17,73.9,0.5,0,0.0,1,0.194,1.185
OFF-0026,ROADS,Assistant Engineer,2023-03,31,28,90.3,2.1,0,0.0,3,0.367,1.185
OFF-0026,ROADS,Assistant Engineer,2023-04,30,29,96.7,1.2,0,0.0,0,0.29,1.185
OFF-0026,ROADS,Assistant Engineer,2023-05,32,31,96.9,3.3,0,0.0,2,0.457,1.185
OFF-0026,ROADS,Assistant Engineer,2023-06,54,43,79.6,0.9,0,0.0,1,0.424,1.185
OFF-0026,ROADS,Assistant Engineer,2023-07,48,43,89.6,1.9,0,0.0,3,0.463,1.185
OFF-0026,ROADS,Assistant Engineer,2023-08,49,46,93.9,3.2,0,0.0,0,0.564,1.185
OFF-0026,ROADS,Assistant Engineer,2023-09,54,52,96.3,2.6,0,0.0,2,0.556,1.185
OFF-0026,ROADS,Assistant Engineer,2023-10,28,26,92.9,3.0,0,0.0,2,0.412,1.185
OFF-0026,ROADS,Assistant Engineer,2023-11,25,24,96.0,0.7,0,0.0,0,0.217,1.185
OFF-0026,ROADS,Assistant Engineer,2023-12,26,25,96.2,1.6,0,0.0,1,0.291,1.185
OFF-0026,ROADS,Assistant Engineer,2024-01,31,29,93.5,2.6,0,0.0,0,0.402,1.185
OFF-0026,ROADS,Assistant Engineer,2024-02,25,23,92.0,1.0,0,0.0,0,0.241,1.185
OFF-0026,ROADS,Assistant Engineer,2024-03,28,27,96.4,1.1,0,0.0,4,0.268,1.185
OFF-0026,ROADS,Assistant Engineer,2024-04,26,23,88.5,2.2,0,0.0,0,0.335,1.185
OFF-0026,ROADS,Assistant Engineer,2024-05,32,30,93.8,2.8,0,0.0,2,0.421,1.185
OFF-0026,ROADS,Assistant Engineer,2024-06,50,48,96.0,0.8,0,0.0,2,0.397,1.185
OFF-0026,ROADS,Assistant Engineer,2024-07,35,34,97.1,1.5,0,0.0,1,0.347,1.185
OFF-0026,ROADS,Assistant Engineer,2024-08,46,45,97.8,1.1,0,0.0,2,0.393,1.185
OFF-0026,ROADS,Assistant Engineer,2024-09,45,37,82.2,2.6,0,0.0,1,0.498,1.185
OFF-0026,ROADS,Assistant Engineer,2024-10,25,24,96.0,2.9,0,0.0,1,0.381,1.185
OFF-0026,ROADS,Assistant Engineer,2024-11,30,24,80.0,3.0,0,0.0,0,0.425,1.185
OFF-0026,ROADS,Assistant Engineer,2024-12,25,24,96.0,1.1,0,0.0,1,0.25,1.185
OFF-0027,ROADS,Executive Engineer,2022-01,41,35,85.4,0.5,0,0.0,1,0.311,1.137
OFF-0027,ROADS,Executive Engineer,2022-02,39,31,79.5,2.2,0,0.0,2,0.428,1.137
OFF-0027,ROADS,Executive Engineer,2022-03,30,28,93.3,2.0,0,0.0,1,0.35,1.137
OFF-0027,ROADS,Executive Engineer,2022-04,43,36,83.7,2.1,0,0.0,0,0.444,1.137
OFF-0027,ROADS,Executive Engineer,2022-05,43,33,76.7,1.3,0,0.0,1,0.384,1.137
OFF-0027,ROADS,Executive Engineer,2022-06,55,53,96.4,2.7,0,0.0,3,0.569,1.137
OFF-0027,ROADS,Executive Engineer,2022-07,59,47,79.7,3.5,0,0.0,1,0.653,1.137
OFF-0027,ROADS,Executive Engineer,2022-08,65,49,75.4,1.7,0,0.0,1,0.526,1.137
OFF-0027,ROADS,Executive Engineer,2022-09,53,51,96.2,1.2,0,0.0,2,0.44,1.137
OFF-0027,ROADS,Executive Engineer,2022-10,31,30,96.8,2.3,0,0.0,0,0.377,1.137
OFF-0027,ROADS,Executive Engineer,2022-11,40,39,97.5,1.4,0,0.0,0,0.371,1.137
OFF-0027,ROADS,Executive Engineer,2022-12,29,28,96.6,2.1,0,0.0,3,0.352,1.137
OFF-0027,ROADS,Executive Engineer,2023-01,36,35,97.2,2.3,0,0.0,4,0.413,1.137
OFF-0027,ROADS,Executive Engineer,2023-02,38,33,86.8,0.6,0,0.0,2,0.295,1.137
OFF-0027,ROADS,Executive Engineer,2023-03,41,36,87.8,1.9,0,0.0,2,0.414,1.137
OFF-0027,ROADS,Executive Engineer,2023-04,41,33,80.5,2.2,0,0.0,2,0.435,1.137
OFF-0027,ROADS,Executive Engineer,2023-05,30,29,96.7,0.6,0,0.0,1,0.244,1.137
OFF-0027,ROADS,Executive Engineer,2023-06,52,49,94.2,0.7,0,0.0,1,0.397,1.137
OFF-0027,ROADS,Executive Engineer,2023-07,60,46,76.7,4.8,0,0.0,4,0.7,1.137
OFF-0027,ROADS,Executive Engineer,2023-08,44,33,75.0,1.2,0,0.0,2,0.384,1.137
OFF-0027,ROADS,Executive Engineer,2023-09,42,35,83.3,1.7,0,0.0,0,0.409,1.137
OFF-0027,ROADS,Executive Engineer,2023-10,41,40,97.6,2.3,0,0.0,2,0.444,1.137
OFF-0027,ROADS,Executive Engineer,2023-11,36,31,86.1,2.1,0,0.0,0,0.396,1.137
OFF-0027,ROADS,Executive Engineer,2023-12,42,41,97.6,0.9,0,0.0,2,0.346,1.137
OFF-0027,ROADS,Executive Engineer,2024-01,34,33,97.1,2.3,0,0.0,1,0.396,1.137
OFF-0027,ROADS,Executive Engineer,2024-02,37,31,83.8,2.2,0,0.0,0,0.411,1.137
OFF-0027,ROADS,Executive Engineer,2024-03,36,28,77.8,3.1,0,0.0,0,0.476,1.137
OFF-0027,ROADS,Executive Engineer,2024-04,29,25,86.2,1.9,0,0.0,1,0.335,1.137
OFF-0027,ROADS,Executive Engineer,2024-05,33,28,84.8,2.2,0,0.0,0,0.386,1.137
OFF-0027,ROADS,Executive Engineer,2024-06,66,54,81.8,2.3,0,0.0,2,0.572,1.137
OFF-0027,ROADS,Executive Engineer,2024-07,66,49,74.2,2.4,0,0.0,4,0.583,1.137
OFF-0027,ROADS,Executive Engineer,2024-08,58,56,96.6,0.5,0,0.0,2,0.424,1.137
OFF-0027,ROADS,Executive Engineer,2024-09,71,62,87.3,1.5,0,0.0,0,0.515,1.137
OFF-0027,ROADS,Executive Engineer,2024-10,44,41,93.2,2.8,0,0.0,0,0.503,1.137
OFF-0027,ROADS,Executive Engineer,2024-11,38,33,86.8,2.8,0,0.0,1,0.461,1.137
OFF-0027,ROADS,Executive Engineer,2024-12,38,37,97.4,1.3,0,0.0,1,0.352,1.137
OFF-0028,ROADS,Junior Engineer,2022-01,27,20,74.1,1.9,0,0.1,0,0.324,0.997
OFF-0028,ROADS,Junior Engineer,2022-02,30,28,93.3,0.5,0,0.1,1,0.238,0.997
OFF-0028,ROADS,Junior Engineer,2022-03,28,24,85.7,1.8,0,0.1,2,0.32,0.997
OFF-0028,ROADS,Junior Engineer,2022-04,23,17,73.9,2.7,0,0.1,1,0.353,0.997
OFF-0028,ROADS,Junior Engineer,2022-05,26,19,73.1,2.7,0,0.1,1,0.38,0.997
OFF-0028,ROADS,Junior Engineer,2022-06,36,24,66.7,3.5,0,0.1,0,0.506,0.997
OFF-0028,ROADS,Junior Engineer,2022-07,46,30,65.2,1.1,0,0.1,0,0.393,0.997
OFF-0028,ROADS,Junior Engineer,2022-08,39,27,69.2,2.9,0,0.1,2,0.475,0.997
OFF-0028,ROADS,Junior Engineer,2022-09,31,25,80.6,1.8,0,0.1,2,0.34,0.997
OFF-0028,ROADS,Junior Engineer,2022-10,23,21,91.3,2.9,0,0.1,2,0.371,0.997
OFF-0028,ROADS,Junior Engineer,2022-11,29,19,65.5,2.4,0,0.1,3,0.373,0.997
OFF-0028,ROADS,Junior Engineer,2022-12,28,21,75.0,1.0,0,0.1,1,0.261,0.997
OFF-0028,ROADS,Junior Engineer,2023-01,25,22,88.0,2.3,0,0.1,0,0.339,0.997
OFF-0028,ROADS,Junior Engineer,2023-02,24,19,79.2,2.4,0,0.1,0,0.338,0.997
OFF-0028,ROADS,Junior Engineer,2023-03,24,16,66.7,2.4,0,0.1,0,0.344,0.997
OFF-0028,ROADS,Junior Engineer,2023-04,28,19,67.9,2.8,0,0.1,0,0.394,0.997
OFF-0028,ROADS,Junior Engineer,2023-05,27,18,66.7,0.5,0,0.1,3,0.218,0.997
OFF-0028,ROADS,Junior Engineer,2023-06,37,29,78.4,2.7,0,0.1,1,0.45,0.997
OFF-0028,ROADS,Junior Engineer,2023-07,45,35,77.8,3.2,0,0.0,1,0.54,0.997
OFF-0028,ROADS,Junior Engineer,2023-08,30,22,73.3,3.4,0,0.1,0,0.459,0.997
OFF-0028,ROADS,Junior Engineer,2023-09,50,32,64.0,2.1,0,0.0,0,0.488,0.997
OFF-0028,ROADS,Junior Engineer,2023-10,24,22,91.7,1.8,0,0.0,0,0.297,0.997
OFF-0028,ROADS,Junior Engineer,2023-11,30,21,70.0,1.9,0,0.1,1,0.345,0.997
OFF-0028,ROADS,Junior Engineer,2023-12,26,22,84.6,2.9,0,0.1,1,0.394,0.997
OFF-0028,ROADS,Junior Engineer,2024-01,25,23,92.0,2.8,0,0.1,2,0.373,0.997
OFF-0028,ROADS,Junior Engineer,2024-02,25,20,80.0,2.4,0,0.1,2,0.345,0.997
OFF-0028,ROADS,Junior Engineer,2024-03,25,16,64.0,2.0,0,0.1,1,0.313,0.997
OFF-0028,ROADS,Junior Engineer,2024-04,28,21,75.0,0.5,0,0.0,0,0.224,0.997
OFF-0028,ROADS,Junior Engineer,2024-05,29,22,75.9,2.4,0,0.1,1,0.375,0.997
OFF-0028,ROADS,Junior Engineer,2024-06,39,33,84.6,0.9,0,0.1,1,0.33,0.997
OFF-0028,ROADS,Junior Engineer,2024-07,42,38,90.5,1.3,0,0.1,1,0.38,0.997
OFF-0028,ROADS,Junior Engineer,2024-08,38,26,68.4,1.8,0,0.0,1,0.391,0.997
OFF-0028,ROADS,Junior Engineer,2024-09,44,32,72.7,2.8,0,0.1,4,0.506,0.997
OFF-0028,ROADS,Junior Engineer,2024-10,27,21,77.8,2.7,0,0.1,2,0.381,0.997
OFF-0028,ROADS,Junior Engineer,2024-11,23,17,73.9,1.3,0,0.0,0,0.254,0.997
OFF-0028,ROADS,Junior Engineer,2024-12,31,26,83.9,1.4,0,0.1,2,0.314,0.997
OFF-0029,ROADS,Assistant Engineer,2022-01,40,39,97.5,2.0,0,0.0,0,0.417,1.167
OFF-0029,ROADS,Assistant Engineer,2022-02,46,45,97.8,1.4,0,0.0,1,0.412,1.167
OFF-0029,ROADS,Assistant Engineer,2022-03,39,38,97.4,1.5,0,0.0,3,0.37,1.167
OFF-0029,ROADS,Assistant Engineer,2022-04,51,49,96.1,1.0,0,0.0,0,0.418,1.167
OFF-0029,ROADS,Assistant Engineer,2022-05,53,51,96.2,1.7,0,0.0,1,0.48,1.167
OFF-0029,ROADS,Assistant Engineer,2022-06,59,57,96.6,1.2,0,0.0,1,0.484,1.167
OFF-0029,ROADS,Assistant Engineer,2022-07,65,61,93.8,2.5,0,0.0,4,0.585,1.167
OFF-0029,ROADS,Assistant Engineer,2022-08,69,57,82.6,2.2,0,0.0,1,0.566,1.167
OFF-0029,ROADS,Assistant Engineer,2022-09,67,63,94.0,1.9,0,0.0,2,0.541,1.167
OFF-0029,ROADS,Assistant Engineer,2022-10,41,40,97.6,1.9,0,0.0,0,0.413,1.167
OFF-0029,ROADS,Assistant Engineer,2022-11,47,46,97.9,0.5,0,0.0,1,0.351,1.167
OFF-0029,ROADS,Assistant Engineer,2022-12,40,34,85.0,2.4,0,0.0,0,0.444,1.167
OFF-0029,ROADS,Assistant Engineer,2023-01,53,46,86.8,1.2,0,0.0,1,0.446,1.167
OFF-0029,ROADS,Assistant Engineer,2023-02,45,37,82.2,1.9,0,0.0,0,0.439,1.167
OFF-0029,ROADS,Assistant Engineer,2023-03,40,35,87.5,1.2,0,0.0,0,0.355,1.167
OFF-0029,ROADS,Assistant Engineer,2023-04,42,37,88.1,2.5,0,0.0,2,0.464,1.167
OFF-0029,ROADS,Assistant Engineer,2023-05,49,38,77.6,1.2,0,0.0,3,0.415,1.167
OFF-0029,ROADS,Assistant Engineer,2023-06,79,65,82.3,1.5,0,0.0,1,0.516,1.167
OFF-0029,ROADS,Assistant Engineer,2023-07,67,65,97.0,0.5,0,0.0,0,0.438,1.167
OFF-0029,ROADS,Assistant Engineer,2023-08,74,56,75.7,3.9,0,0.0,0,0.693,1.167
OFF-0029,ROADS,Assistant Engineer,2023-09,73,71,97.3,0.5,0,0.0,4,0.438,1.167
OFF-0029,ROADS,Assistant Engineer,2023-10,48,43,89.6,0.5,0,0.0,1,0.358,1.167
OFF-0029,ROADS,Assistant Engineer,2023-11,51,39,76.5,1.0,0,0.0,0,0.415,1.167
OFF-0029,ROADS,Assistant Engineer,2023-12,44,43,97.7,0.5,0,0.0,3,0.331,1.167
OFF-0029,ROADS,Assistant Engineer,2024-01,43,39,90.7,3.1,0,0.0,1,0.521,1.167
OFF-0029,ROADS,Assistant Engineer,2024-02,40,31,77.5,1.2,0,0.0,1,0.357,1.167
OFF-0029,ROADS,Assistant Engineer,2024-03,51,49,96.1,0.5,0,0.0,2,0.378,1.167
OFF-0029,ROADS,Assistant Engineer,2024-04,40,38,95.0,1.8,0,0.0,1,0.402,1.167
OFF-0029,ROADS,Assistant Engineer,2024-05,42,37,88.1,3.0,0,0.0,1,0.503,1.167
OFF-0029,ROADS,Assistant Engineer,2024-06,61,59,96.7,3.2,0,0.0,2,0.638,1.167
OFF-0029,ROADS,Assistant Engineer,2024-07,69,55,79.7,1.4,0,0.0,3,0.509,1.167
OFF-0029,ROADS,Assistant Engineer,2024-08,70,54,77.1,1.4,0,0.0,1,0.503,1.167
OFF-0029,ROADS,Assistant Engineer,2024-09,73,62,84.9,2.4,0,0.0,3,0.578,1.167
OFF-0029,ROADS,Assistant Engineer,2024-10,38,37,97.4,2.3,0,0.0,1,0.424,1.167
OFF-0029,ROADS,Assistant Engineer,2024-11,41,39,95.1,2.7,0,0.0,1,0.474,1.167
OFF-0029,ROADS,Assistant Engineer,2024-12,47,36,76.6,2.1,0,0.0,1,0.469,1.167
OFF-0030,ROADS,Coordinator,2022-01,18,13,72.2,2.5,0,3.1,2,0.321,0.901
OFF-0030,ROADS,Coordinator,2022-02,18,11,61.1,0.5,0,1.9,0,0.163,0.901
OFF-0030,ROADS,Coordinator,2022-03,14,9,64.3,1.8,0,2.8,4,0.237,0.901
OFF-0030,ROADS,Coordinator,2022-04,19,15,78.9,1.7,0,3.3,1,0.264,0.901
OFF-0030,ROADS,Coordinator,2022-05,13,8,61.5,2.4,0,2.2,1,0.273,0.901
OFF-0030,ROADS,Coordinator,2022-06,25,21,84.0,3.3,0,2.9,2,0.42,0.901
OFF-0030,ROADS,Coordinator,2022-07,28,23,82.1,2.3,0,2.6,1,0.369,0.901
OFF-0030,ROADS,Coordinator,2022-08,21,12,57.1,2.9,0,3.2,1,0.369,0.901
OFF-0030,ROADS,Coordinator,2022-09,23,19,82.6,4.3,0,2.8,1,0.462,0.901
OFF-0030,ROADS,Coordinator,2022-10,14,11,78.6,0.5,0,2.9,0,0.14,0.901
OFF-0030,ROADS,Coordinator,2022-11,16,10,62.5,2.0,0,1.7,3,0.26,0.901
OFF-0030,ROADS,Coordinator,2022-12,18,13,72.2,0.7,0,1.4,3,0.175,0.901
OFF-0030,ROADS,Coordinator,2023-01,14,8,57.1,0.8,0,2.8,1,0.16,0.901
OFF-0030,ROADS,Coordinator,2023-02,17,13,76.5,1.9,0,1.8,1,0.262,0.901
OFF-0030,ROADS,Coordinator,2023-03,16,10,62.5,3.2,0,3.8,1,0.357,0.901
OFF-0030,ROADS,Coordinator,2023-04,17,11,64.7,2.3,0,2.3,1,0.295,0.901
OFF-0030,ROADS,Coordinator,2023-05,16,13,81.2,2.0,0,3.9,2,0.268,0.901
OFF-0030,ROADS,Coordinator,2023-06,20,12,60.0,1.6,0,2.0,2,0.261,0.901
OFF-0030,ROADS,Coordinator,2023-07,27,16,59.3,2.6,0,2.6,1,0.383,0.901
OFF-0030,ROADS,Coordinator,2023-08,20,14,70.0,2.9,0,1.4,3,0.356,0.901
OFF-0030,ROADS,Coordinator,2023-09,23,13,56.5,0.8,0,2.1,1,0.223,0.901
OFF-0030,ROADS,Coordinator,2023-10,15,12,80.0,2.6,0,3.1,2,0.307,0.901
OFF-0030,ROADS,Coordinator,2023-11,14,10,71.4,2.7,0,2.8,1,0.306,0.901
OFF-0030,ROADS,Coordinator,2023-12,15,12,80.0,2.9,0,2.7,3,0.325,0.901
OFF-0030,ROADS,Coordinator,2024-01,16,13,81.2,2.7,0,1.0,1,0.313,0.901
OFF-0030,ROADS,Coordinator,2024-02,16,10,62.5,3.4,0,3.1,0,0.374,0.901
OFF-0030,ROADS,Coordinator,2024-03,18,11,61.1,3.6,0,1.9,2,0.392,0.901
OFF-0030,ROADS,Coordinator,2024-04,15,10,66.7,1.8,0,1.1,0,0.235,0.901
OFF-0030,ROADS,Coordinator,2024-05,16,13,81.2,2.4,0,1.5,0,0.293,0.901
OFF-0030,ROADS,Coordinator,2024-06,27,22,81.5,2.3,0,1.8,0,0.36,0.901
OFF-0030,ROADS,Coordinator,2024-07,29,19,65.5,2.3,1,3.6,2,0.375,0.901
OFF-0030,ROADS,Coordinator,2024-08,21,14,66.7,1.4,0,2.6,0,0.255,0.901
OFF-0030,ROADS,Coordinator,2024-09,22,16,72.7,3.7,0,3.2,0,0.436,0.901
OFF-0030,ROADS,Coordinator,2024-10,14,11,78.6,3.4,0,1.2,2,0.349,0.901
OFF-0030,ROADS,Coordinator,2024-11,15,11,73.3,1.4,0,2.6,0,0.213,0.901
OFF-0030,ROADS,Coordinator,2024-12,18,12,66.7,1.3,0,3.1,3,0.229,0.901
OFF-0031,ROADS,Coordinator,2022-01,30,22,73.3,4.7,0,2.0,1,0.506,0.942
OFF-0031,ROADS,Coordinator,2022-02,34,20,58.8,3.3,0,0.8,1,0.479,0.942
OFF-0031,ROADS,Coordinator,2022-03,32,21,65.6,2.9,0,1.5,2,0.438,0.942
OFF-0031,ROADS,Coordinator,2022-04,26,17,65.4,2.1,0,2.1,3,0.34,0.942
OFF-0031,ROADS,Coordinator,2022-05,33,29,87.9,1.4,0,1.8,0,0.33,0.942
OFF-0031,ROADS,Coordinator,2022-06,51,32,62.7,1.5,0,0.7,0,0.452,0.942
OFF-0031,ROADS,Coordinator,2022-07,65,49,75.4,1.2,0,1.5,0,0.492,0.942
OFF-0031,ROADS,Coordinator,2022-08,35,30,85.7,1.6,0,2.0,1,0.356,0.942
OFF-0031,ROADS,Coordinator,2022-09,49,42,85.7,2.2,0,0.8,4,0.493,0.942
OFF-0031,ROADS,Coordinator,2022-10,38,28,73.7,1.1,0,1.2,1,0.339,0.942
OFF-0031,ROADS,Coordinator,2022-11,38,31,81.6,1.5,0,0.9,2,0.372,0.942
OFF-0031,ROADS,Coordinator,2022-12,28,21,75.0,2.1,0,2.0,0,0.352,0.942
OFF-0031,ROADS,Coordinator,2023-01,34,21,61.8,3.2,0,1.1,2,0.467,0.942
OFF-0031,ROADS,Coordinator,2023-02,27,23,85.2,1.9,0,1.0,4,0.328,0.942
OFF-0031,ROADS,Coordinator,2023-03,32,21,65.6,2.4,0,2.2,3,0.397,0.942
OFF-0031,ROADS,Coordinator,2023-04,29,24,82.8,1.6,0,0.7,1,0.317,0.942
OFF-0031,ROADS,Coordinator,2023-05,31,26,83.9,3.0,0,0.7,1,0.432,0.942
OFF-0031,ROADS,Coordinator,2023-06,51,41,80.4,0.7,1,2.2,1,0.397,0.942
OFF-0031,ROADS,Coordinator,2023-07,56,46,82.1,3.3,0,0.9,0,0.62,0.942
OFF-0031,ROADS,Coordinator,2023-08,48,29,60.4,2.2,0,0.6,3,0.486,0.942
OFF-0031,ROADS,Coordinator,2023-09,61,39,63.9,3.0,0,0.8,1,0.625,0.942
OFF-0031,ROADS,Coordinator,2023-10,33,25,75.8,1.1,0,0.8,0,0.302,0.942
OFF-0031,ROADS,Coordinator,2023-11,35,25,71.4,3.0,0,1.7,4,0.465,0.942
OFF-0031,ROADS,Coordinator,2023-12,27,23,85.2,3.2,0,2.2,4,0.428,0.942
OFF-0031,ROADS,Coordinator,2024-01,28,23,82.1,1.1,0,2.0,1,0.278,0.942
OFF-0031,ROADS,Coordinator,2024-02,26,23,88.5,1.6,0,1.4,1,0.297,0.942
OFF-0031,ROADS,Coordinator,2024-03,35,25,71.4,2.2,0,2.0,0,0.404,0.942
OFF-0031,ROADS,Coordinator,2024-04,38,29,76.3,1.9,0,0.9,0,0.402,0.942
OFF-0031,ROADS,Coordinator,2024-05,33,22,66.7,1.1,0,1.2,2,0.309,0.942
OFF-0031,ROADS,Coordinator,2024-06,41,31,75.6,3.0,0,1.5,0,0.505,0.942
OFF-0031,ROADS,Coordinator,2024-07,41,28,68.3,1.3,0,0.9,0,0.375,0.942
OFF-0031,ROADS,Coordinator,2024-08,59,43,72.9,2.6,0,1.0,1,0.588,0.942
OFF-0031,ROADS,Coordinator,2024-09,51,43,84.3,0.6,0,1.6,0,0.394,0.942
OFF-0031,ROADS,Coordinator,2024-10,37,25,67.6,2.7,0,1.8,2,0.455,0.942
OFF-0031,ROADS,Coordinator,2024-11,36,26,72.2,4.3,0,1.9,1,0.546,0.942
OFF-0031,ROADS,Coordinator,2024-12,39,34,87.2,1.6,0,2.1,1,0.387,0.942
OFF-0032,ROADS,Assistant Engineer,2022-01,22,18,81.8,3.0,0,0.0,3,0.369,1.012
OFF-0032,ROADS,Assistant Engineer,2022-02,27,23,85.2,2.5,0,0.0,0,0.365,1.012
OFF-0032,ROADS,Assistant Engineer,2022-03,28,21,75.0,0.5,0,0.0,0,0.224,1.012
OFF-0032,ROADS,Assistant Engineer,2022-04,28,24,85.7,3.3,0,0.0,1,0.432,1.012
OFF-0032,ROADS,Assistant Engineer,2022-05,31,21,67.7,0.5,0,0.0,0,0.244,1.012
OFF-0032,ROADS,Assistant Engineer,2022-06,50,34,68.0,0.8,0,0.0,1,0.396,1.012
OFF-0032,ROADS,Assistant Engineer,2022-07,37,34,91.9,1.8,0,0.0,1,0.381,1.012
OFF-0032,ROADS,Assistant Engineer,2022-08,37,32,86.5,1.9,0,0.0,4,0.386,1.012
OFF-0032,ROADS,Assistant Engineer,2022-09,44,29,65.9,2.4,0,0.0,3,0.473,1.012
OFF-0032,ROADS,Assistant Engineer,2022-10,21,15,71.4,2.8,0,0.0,1,0.353,1.012
OFF-0032,ROADS,Assistant Engineer,2022-11,26,24,92.3,1.6,0,0.0,1,0.292,1.012
OFF-0032,ROADS,Assistant Engineer,2022-12,29,23,79.3,2.1,0,0.0,1,0.35,1.012
OFF-0032,ROADS,Assistant Engineer,2023-01,31,26,83.9,0.9,0,0.0,1,0.278,1.012
OFF-0032,ROADS,Assistant Engineer,2023-02,24,16,66.7,1.7,0,0.0,1,0.286,1.012
OFF-0032,ROADS,Assistant Engineer,2023-03,29,20,69.0,2.7,0,0.0,4,0.397,1.012
OFF-0032,ROADS,Assistant Engineer,2023-04,26,19,73.1,1.3,0,0.0,1,0.269,1.012
OFF-0032,ROADS,Assistant Engineer,2023-05,28,22,78.6,2.3,0,0.0,1,0.361,1.012
OFF-0032,ROADS,Assistant Engineer,2023-06,43,30,69.8,2.7,0,0.0,3,0.488,1.012
OFF-0032,ROADS,Assistant Engineer,2023-07,48,42,87.5,2.2,0,0.0,2,0.485,1.012
OFF-0032,ROADS,Assistant Engineer,2023-08,33,21,63.6,0.9,0,0.0,3,0.288,1.012
OFF-0032,ROADS,Assistant Engineer,2023-09,43,29,67.4,1.8,0,0.0,3,0.421,1.012
OFF-0032,ROADS,Assistant Engineer,2023-10,24,20,83.3,1.8,0,0.0,1,0.296,1.012
OFF-0032,ROADS,Assistant Engineer,2023-11,24,15,62.5,1.9,0,0.0,3,0.303,1.012
OFF-0032,ROADS,Assistant Engineer,2023-12,28,19,67.9,2.2,0,0.0,2,0.354,1.012
OFF-0032,ROADS,Assistant Engineer,2024-01,30,21,70.0,1.3,0,0.0,1,0.298,1.012
OFF-0032,ROADS,Assistant Engineer,2024-02,28,25,89.3,1.5,0,0.0,1,0.302,1.012
OFF-0032,ROADS,Assistant Engineer,2024-03,23,20,87.0,2.4,0,0.0,0,0.336,1.012
OFF-0032,ROADS,Assistant Engineer,2024-04,23,20,87.0,1.6,0,0.0,2,0.275,1.012
OFF-0032,ROADS,Assistant Engineer,2024-05,23,19,82.6,1.1,0,0.0,0,0.233,1.012
OFF-0032,ROADS,Assistant Engineer,2024-06,44,38,86.4,1.1,0,0.0,1,0.373,1.012
OFF-0032,ROADS,Assistant Engineer,2024-07,41,39,95.1,4.3,0,0.0,1,0.573,1.012
OFF-0032,ROADS,Assistant Engineer,2024-08,35,28,80.0,1.3,0,0.0,0,0.332,1.012
OFF-0032,ROADS,Assistant Engineer,2024-09,39,35,89.7,3.0,0,0.0,1,0.483,1.012
OFF-0032,ROADS,Assistant Engineer,2024-10,22,17,77.3,1.2,0,0.0,1,0.238,1.012
OFF-0032,ROADS,Assistant Engineer,2024-11,30,25,83.3,2.6,0,0.0,4,0.398,1.012
OFF-0032,ROADS,Assistant Engineer,2024-12,28,25,89.3,0.6,0,0.0,0,0.233,1.012
OFF-0033,ROADS,Executive Engineer,2022-01,33,27,81.8,0.8,0,0.0,4,0.276,1.064
OFF-0033,ROADS,Executive Engineer,2022-02,26,20,76.9,1.9,0,0.0,2,0.312,1.064
OFF-0033,ROADS,Executive Engineer,2022-03,32,23,71.9,2.2,0,0.0,0,0.381,1.064
OFF-0033,ROADS,Executive Engineer,2022-04,27,23,85.2,3.4,0,0.0,1,0.437,1.064
OFF-0033,ROADS,Executive Engineer,2022-05,28,24,85.7,2.9,0,0.0,2,0.408,1.064
OFF-0033,ROADS,Executive Engineer,2022-06,44,36,81.8,4.1,0,0.0,4,0.593,1.064
OFF-0033,ROADS,Executive Engineer,2022-07,44,32,72.7,3.7,0,0.0,0,0.573,1.064
OFF-0033,ROADS,Executive Engineer,2022-08,40,34,85.0,2.6,0,0.0,1,0.459,1.064
OFF-0033,ROADS,Executive Engineer,2022-09,43,42,97.7,3.0,0,0.0,3,0.51,1.064
OFF-0033,ROADS,Executive Engineer,2022-10,24,17,70.8,1.8,0,0.0,3,0.298,1.064
OFF-0033,ROADS,Executive Engineer,2022-11,31,26,83.9,2.1,0,0.0,1,0.362,1.064
OFF-0033,ROADS,Executive Engineer,2022-12,26,21,80.8,2.1,0,0.0,2,0.333,1.064
OFF-0033,ROADS,Executive Engineer,2023-01,35,26,74.3,3.0,0,0.0,0,0.459,1.064
OFF-0033,ROADS,Executive Engineer,2023-02,34,33,97.1,1.6,0,0.0,1,0.348,1.064
OFF-0033,ROADS,Executive Engineer,2023-03,26,22,84.6,1.5,0,0.0,0,0.288,1.064
OFF-0033,ROADS,Executive Engineer,2023-04,35,30,85.7,1.7,0,0.0,1,0.364,1.064
OFF-0033,ROADS,Executive Engineer,2023-05,28,24,85.7,2.7,0,0.0,0,0.391,1.064
OFF-0033,ROADS,Executive Engineer,2023-06,40,28,70.0,0.5,0,0.0,2,0.304,1.064
OFF-0033,ROADS,Executive Engineer,2023-07,49,46,93.9,2.1,0,0.0,1,0.481,1.064
OFF-0033,ROADS,Executive Engineer,2023-08,35,34,97.1,3.5,0,0.0,1,0.498,1.064
OFF-0033,ROADS,Executive Engineer,2023-09,38,37,97.4,2.1,0,0.0,2,0.407,1.064
OFF-0033,ROADS,Executive Engineer,2023-10,36,32,88.9,0.5,0,0.0,1,0.277,1.064
OFF-0033,ROADS,Executive Engineer,2023-11,30,22,73.3,3.0,0,0.0,4,0.428,1.064
OFF-0033,ROADS,Executive Engineer,2023-12,28,27,96.4,1.3,0,0.0,1,0.281,1.064
OFF-0033,ROADS,Executive Engineer,2024-01,36,31,86.1,1.1,0,0.0,3,0.325,1.064
OFF-0033,ROADS,Executive Engineer,2024-02,35,28,80.0,1.8,0,0.0,3,0.369,1.064
OFF-0033,ROADS,Executive Engineer,2024-03,31,22,71.0,0.9,0,0.0,1,0.275,1.064
OFF-0033,ROADS,Executive Engineer,2024-04,26,25,96.2,0.9,0,0.0,2,0.242,1.064
OFF-0033,ROADS,Executive Engineer,2024-05,36,28,77.8,2.2,0,0.0,1,0.401,1.064
OFF-0033,ROADS,Executive Engineer,2024-06,47,35,74.5,0.8,0,0.0,0,0.376,1.064
OFF-0033,ROADS,Executive Engineer,2024-07,52,50,96.2,2.9,0,0.0,1,0.567,1.064
OFF-0033,ROADS,Executive Engineer,2024-08,45,44,97.8,3.8,0,0.0,0,0.581,1.064
OFF-0033,ROADS,Executive Engineer,2024-09,55,46,83.6,3.3,0,0.0,1,0.618,1.064
OFF-0033,ROADS,Executive Engineer,2024-10,28,21,75.0,1.1,0,0.0,0,0.269,1.064
OFF-0033,ROADS,Executive Engineer,2024-11,35,29,82.9,1.5,0,0.0,1,0.344,1.064
OFF-0033,ROADS,Executive Engineer,2024-12,24,20,83.3,3.8,0,0.0,1,0.442,1.064
OFF-0034,ROADS,Executive Engineer,2022-01,37,21,56.8,2.3,1,3.1,1,0.428,0.811
OFF-0034,ROADS,Executive Engineer,2022-02,34,25,73.5,3.9,1,5.9,1,0.535,0.811
OFF-0034,ROADS,Executive Engineer,2022-03,49,31,63.3,2.9,2,5.7,1,0.562,0.811
OFF-0034,ROADS,Executive Engineer,2022-04,50,32,64.0,2.0,2,5.7,1,0.503,0.811
OFF-0034,ROADS,Executive Engineer,2022-05,40,21,52.5,4.3,2,6.7,1,0.587,0.811
OFF-0034,ROADS,Executive Engineer,2022-06,78,49,62.8,3.0,5,6.7,2,0.642,0.811
OFF-0034,ROADS,Executive Engineer,2022-07,73,46,63.0,2.3,1,2.4,3,0.582,0.811
OFF-0034,ROADS,Executive Engineer,2022-08,90,65,72.2,2.2,2,3.3,1,0.572,0.811
OFF-0034,ROADS,Executive Engineer,2022-09,71,50,70.4,2.5,5,7.1,1,0.607,0.811
OFF-0034,ROADS,Executive Engineer,2022-10,46,35,76.1,2.4,1,4.0,2,0.496,0.811
OFF-0034,ROADS,Executive Engineer,2022-11,40,22,55.0,3.6,0,2.1,0,0.54,0.811
OFF-0034,ROADS,Executive Engineer,2022-12,48,27,56.2,2.6,1,2.2,0,0.519,0.811
OFF-0034,ROADS,Executive Engineer,2023-01,35,18,51.4,2.9,1,5.2,1,0.47,0.811
OFF-0034,ROADS,Executive Engineer,2023-02,47,35,74.5,1.8,3,7.2,0,0.47,0.811
OFF-0034,ROADS,Executive Engineer,2023-03,38,24,63.2,3.9,2,5.7,1,0.563,0.811
OFF-0034,ROADS,Executive Engineer,2023-04,45,28,62.2,3.3,1,2.7,1,0.558,0.811
OFF-0034,ROADS,Executive Engineer,2023-05,38,26,68.4,2.0,1,2.9,0,0.409,0.811
OFF-0034,ROADS,Executive Engineer,2023-06,61,41,67.2,3.5,3,5.1,1,0.68,0.811
OFF-0034,ROADS,Executive Engineer,2023-07,52,27,51.9,3.2,3,7.0,2,0.61,0.811
OFF-0034,ROADS,Executive Engineer,2023-08,66,35,53.0,3.8,4,6.4,2,0.707,0.811
OFF-0034,ROADS,Executive Engineer,2023-09,85,54,63.5,1.6,2,3.1,2,0.527,0.811
OFF-0034,ROADS,Executive Engineer,2023-10,46,34,73.9,2.9,1,4.1,0,0.535,0.811
OFF-0034,ROADS,Executive Engineer,2023-11,38,27,71.1,3.0,2,6.6,2,0.501,0.811
OFF-0034,ROADS,Executive Engineer,2023-12,47,27,57.4,2.1,3,6.4,3,0.49,0.811
OFF-0034,ROADS,Executive Engineer,2024-01,43,25,58.1,1.5,1,3.7,1,0.414,0.811
OFF-0034,ROADS,Executive Engineer,2024-02,41,24,58.5,3.1,2,6.9,1,0.524,0.811
OFF-0034,ROADS,Executive Engineer,2024-03,38,28,73.7,3.1,2,7.2,1,0.509,0.811
OFF-0034,ROADS,Executive Engineer,2024-04,35,25,71.4,1.7,2,6.5,0,0.377,0.811
OFF-0034,ROADS,Executive Engineer,2024-05,46,26,56.5,3.9,3,7.3,3,0.618,0.811
OFF-0034,ROADS,Executive Engineer,2024-06,48,29,60.4,0.5,1,2.7,0,0.366,0.811
OFF-0034,ROADS,Executive Engineer,2024-07,58,41,70.7,3.1,3,5.7,0,0.635,0.811
OFF-0034,ROADS,Executive Engineer,2024-08,64,38,59.4,1.1,3,4.8,1,0.497,0.811
OFF-0034,ROADS,Executive Engineer,2024-09,69,39,56.5,2.7,4,5.9,0,0.621,0.811
OFF-0034,ROADS,Executive Engineer,2024-10,46,25,54.3,2.3,1,4.2,3,0.491,0.811
OFF-0034,ROADS,Executive Engineer,2024-11,40,27,67.5,2.1,1,4.9,1,0.437,0.811
OFF-0034,ROADS,Executive Engineer,2024-12,36,21,58.3,1.9,1,4.8,2,0.398,0.811
OFF-0035,ROADS,Coordinator,2022-01,39,29,74.4,0.5,0,0.0,2,0.297,1.101
OFF-0035,ROADS,Coordinator,2022-02,38,36,94.7,3.2,0,0.0,3,0.497,1.101
OFF-0035,ROADS,Coordinator,2022-03,33,28,84.8,0.9,0,0.0,0,0.288,1.101
OFF-0035,ROADS,Coordinator,2022-04,40,36,90.0,1.3,0,0.0,1,0.366,1.101
OFF-0035,ROADS,Coordinator,2022-05,38,37,97.4,1.4,0,0.0,0,0.356,1.101
OFF-0035,ROADS,Coordinator,2022-06,41,31,75.6,0.5,0,0.0,3,0.311,1.101
OFF-0035,ROADS,Coordinator,2022-07,67,65,97.0,1.7,0,0.0,1,0.524,1.101
OFF-0035,ROADS,Coordinator,2022-08,50,40,80.0,0.6,0,0.0,3,0.376,1.101
OFF-0035,ROADS,Coordinator,2022-09,61,55,90.2,2.4,0,0.0,0,0.579,1.101
OFF-0035,ROADS,Coordinator,2022-10,39,36,92.3,1.1,0,0.0,4,0.34,1.101
OFF-0035,ROADS,Coordinator,2022-11,39,31,79.5,1.3,0,0.0,0,0.354,1.101
OFF-0035,ROADS,Coordinator,2022-12,42,39,92.9,2.2,0,0.0,2,0.442,1.101
OFF-0035,ROADS,Coordinator,2023-01,38,30,78.9,0.5,0,0.0,1,0.291,1.101
OFF-0035,ROADS,Coordinator,2023-02,40,35,87.5,2.1,0,0.0,0,0.427,1.101
OFF-0035,ROADS,Coordinator,2023-03,39,38,97.4,3.1,0,0.0,1,0.49,1.101
OFF-0035,ROADS,Coordinator,2023-04,37,31,83.8,1.8,0,0.0,2,0.383,1.101
OFF-0035,ROADS,Coordinator,2023-05,39,34,87.2,1.3,0,0.0,0,0.359,1.101
OFF-0035,ROADS,Coordinator,2023-06,56,51,91.1,2.6,0,0.0,0,0.569,1.101
OFF-0035,ROADS,Coordinator,2023-07,45,35,77.8,3.5,0,0.0,0,0.565,1.101
OFF-0035,ROADS,Coordinator,2023-08,45,38,84.4,2.9,0,0.0,4,0.518,1.101
OFF-0035,ROADS,Coordinator,2023-09,46,40,87.0,2.3,0,0.0,3,0.478,1.101
OFF-0035,ROADS,Coordinator,2023-10,32,30,93.8,1.6,0,0.0,3,0.334,1.101
OFF-0035,ROADS,Coordinator,2023-11,43,34,79.1,2.8,0,0.0,1,0.493,1.101
OFF-0035,ROADS,Coordinator,2023-12,44,43,97.7,0.5,0,0.0,2,0.331,1.101
OFF-0035,ROADS,Coordinator,2024-01,37,26,70.3,0.5,0,0.0,3,0.284,1.101
OFF-0035,ROADS,Coordinator,2024-02,40,28,70.0,1.6,0,0.0,4,0.385,1.101
OFF-0035,ROADS,Coordinator,2024-03,43,37,86.0,0.9,0,0.0,1,0.356,1.101
OFF-0035,ROADS,Coordinator,2024-04,34,32,94.1,0.5,0,0.0,2,0.264,1.101
OFF-0035,ROADS,Coordinator,2024-05,31,27,87.1,2.7,0,0.0,1,0.412,1.101
OFF-0035,ROADS,Coordinator,2024-06,55,46,83.6,1.1,0,0.0,3,0.446,1.101
OFF-0035,ROADS,Coordinator,2024-07,66,55,83.3,3.3,0,0.0,1,0.649,1.101
OFF-0035,ROADS,Coordinator,2024-08,51,36,70.6,3.5,0,0.0,0,0.603,1.101
OFF-0035,ROADS,Coordinator,2024-09,55,40,72.7,0.6,0,0.0,2,0.41,1.101
OFF-0035,ROADS,Coordinator,2024-10,35,33,94.3,1.4,0,0.0,2,0.34,1.101
OFF-0035,ROADS,Coordinator,2024-11,32,31,96.9,2.2,0,0.0,1,0.38,1.101
OFF-0035,ROADS,Coordinator,2024-12,39,28,71.8,1.6,0,0.0,2,0.38,1.101
OFF-0036,ROADS,Coordinator,2022-01,45,44,97.8,1.7,0,0.0,1,0.431,1.167
OFF-0036,ROADS,Coordinator,2022-02,42,37,88.1,1.7,0,0.0,0,0.406,1.167
OFF-0036,ROADS,Coordinator,2022-03,41,32,78.0,3.3,0,0.0,1,0.522,1.167
OFF-0036,ROADS,Coordinator,2022-04,46,36,78.3,1.5,0,0.0,2,0.417,1.167
OFF-0036,ROADS,Coordinator,2022-05,31,24,77.4,2.9,0,0.0,0,0.426,1.167
OFF-0036,ROADS,Coordinator,2022-06,61,59,96.7,0.5,0,0.0,1,0.44,1.167
OFF-0036,ROADS,Coordinator,2022-07,52,50,96.2,2.7,0,0.0,1,0.553,1.167
OFF-0036,ROADS,Coordinator,2022-08,49,48,98.0,3.3,0,0.0,1,0.571,1.167
OFF-0036,ROADS,Coordinator,2022-09,71,56,78.9,1.0,0,0.0,2,0.473,1.167
OFF-0036,ROADS,Coordinator,2022-10,40,32,80.0,3.1,0,0.0,2,0.497,1.167
OFF-0036,ROADS,Coordinator,2022-11,35,32,91.4,2.0,0,0.0,1,0.386,1.167
OFF-0036,ROADS,Coordinator,2022-12,33,25,75.8,4.5,0,0.0,2,0.52,1.167
OFF-0036,ROADS,Coordinator,2023-01,35,30,85.7,0.5,0,0.0,2,0.273,1.167
OFF-0036,ROADS,Coordinator,2023-02,33,25,75.8,1.2,0,0.0,0,0.312,1.167
OFF-0036,ROADS,Coordinator,2023-03,40,35,87.5,1.0,0,0.0,1,0.345,1.167
OFF-0036,ROADS,Coordinator,2023-04,43,42,97.7,0.5,0,0.0,2,0.324,1.167
OFF-0036,ROADS,Coordinator,2023-05,41,37,90.2,2.8,0,0.0,4,0.482,1.167
OFF-0036,ROADS,Coordinator,2023-06,72,61,84.7,3.0,0,0.0,3,0.628,1.167
OFF-0036,ROADS,Coordinator,2023-07,55,53,96.4,0.9,0,0.0,0,0.437,1.167
OFF-0036,ROADS,Coordinator,2023-08,68,58,85.3,1.4,0,0.0,1,0.508,1.167
OFF-0036,ROADS,Coordinator,2023-09,75,73,97.3,0.5,0,0.0,4,0.438,1.167
OFF-0036,ROADS,Coordinator,2023-10,38,29,76.3,1.3,0,0.0,0,0.352,1.167
OFF-0036,ROADS,Coordinator,2023-11,42,36,85.7,1.2,0,0.0,0,0.368,1.167
OFF-0036,ROADS,Coordinator,2023-12,34,29,85.3,1.7,0,0.0,0,0.351,1.167
OFF-0036,ROADS,Coordinator,2024-01,33,32,97.0,0.5,0,0.0,1,0.258,1.167
OFF-0036,ROADS,Coordinator,2024-02,37,33,89.2,1.0,0,0.0,0,0.32,1.167
OFF-0036,ROADS,Coordinator,2024-03,37,33,89.2,2.9,0,0.0,1,0.462,1.167
OFF-0036,ROADS,Coordinator,2024-04,34,30,88.2,2.9,0,0.0,0,0.447,1.167
OFF-0036,ROADS,Coordinator,2024-05,36,35,97.2,0.5,0,0.0,1,0.277,1.167
OFF-0036,ROADS,Coordinator,2024-06,72,68,94.4,0.5,0,0.0,1,0.438,1.167
OFF-0036,ROADS,Coordinator,2024-07,45,44,97.8,0.7,0,0.0,2,0.353,1.167
OFF-0036,ROADS,Coordinator,2024-08,54,48,88.9,1.3,0,0.0,0,0.457,1.167
OFF-0036,ROADS,Coordinator,2024-09,57,49,86.0,2.9,0,0.0,0,0.597,1.167
OFF-0036,ROADS,Coordinator,2024-10,42,41,97.6,1.9,0,0.0,4,0.42,1.167
OFF-0036,ROADS,Coordinator,2024-11,38,34,89.5,1.8,0,0.0,0,0.391,1.167
OFF-0036,ROADS,Coordinator,2024-12,42,41,97.6,1.4,0,0.0,2,0.386,1.167
OFF-0037,ROADS,Coordinator,2022-01,27,22,81.5,1.4,0,0.1,0,0.282,0.997
OFF-0037,ROADS,Coordinator,2022-02,29,25,86.2,0.7,0,0.0,2,0.249,0.997
OFF-0037,ROADS,Coordinator,2022-03,27,21,77.8,1.3,0,0.0,2,0.274,0.997
OFF-0037,ROADS,Coordinator,2022-04,29,24,82.8,3.1,0,0.1,3,0.426,0.997
OFF-0037,ROADS,Coordinator,2022-05,23,15,65.2,1.4,0,0.1,0,0.257,0.997
OFF-0037,ROADS,Coordinator,2022-06,45,34,75.6,1.4,0,0.0,0,0.407,0.997
OFF-0037,ROADS,Coordinator,2022-07,46,37,80.4,1.5,0,0.1,2,0.417,0.997
OFF-0037,ROADS,Coordinator,2022-08,40,28,70.0,1.3,0,0.1,0,0.366,0.997
OFF-0037,ROADS,Coordinator,2022-09,33,22,66.7,1.3,0,0.1,2,0.315,0.997
OFF-0037,ROADS,Coordinator,2022-10,29,21,72.4,2.5,0,0.1,0,0.381,0.997
OFF-0037,ROADS,Coordinator,2022-11,30,27,90.0,4.2,0,0.0,1,0.5,0.997
OFF-0037,ROADS,Coordinator,2022-12,30,19,63.3,1.6,0,0.1,0,0.323,0.997
OFF-0037,ROADS,Coordinator,2023-01,26,18,69.2,1.8,0,0.1,0,0.309,0.997
OFF-0037,ROADS,Coordinator,2023-02,21,18,85.7,3.2,0,0.1,0,0.381,0.997
OFF-0037,ROADS,Coordinator,2023-03,21,13,61.9,1.4,0,0.1,1,0.246,0.997
OFF-0037,ROADS,Coordinator,2023-04,29,25,86.2,1.7,0,0.1,2,0.32,0.997
OFF-0037,ROADS,Coordinator,2023-05,25,22,88.0,1.8,0,0.1,2,0.299,0.997
OFF-0037,ROADS,Coordinator,2023-06,50,43,86.0,0.6,0,0.1,1,0.379,0.997
OFF-0037,ROADS,Coordinator,2023-07,41,33,80.5,2.1,0,0.1,1,0.434,0.997
OFF-0037,ROADS,Coordinator,2023-08,44,34,77.3,2.6,0,0.1,1,0.485,0.997
OFF-0037,ROADS,Coordinator,2023-09,43,33,76.7,1.8,0,0.1,2,0.42,0.997
OFF-0037,ROADS,Coordinator,2023-10,22,20,90.9,2.7,0,0.0,3,0.351,0.997
OFF-0037,ROADS,Coordinator,2023-11,24,22,91.7,0.6,0,0.1,4,0.206,0.997
OFF-0037,ROADS,Coordinator,2023-12,27,22,81.5,4.0,0,0.1,2,0.477,0.997
OFF-0037,ROADS,Coordinator,2024-01,28,20,71.4,1.6,0,0.1,1,0.306,0.997
OFF-0037,ROADS,Coordinator,2024-02,30,19,63.3,0.6,0,0.1,1,0.245,0.997
OFF-0037,ROADS,Coordinator,2024-03,23,16,69.6,3.3,0,0.1,0,0.4,0.997
OFF-0037,ROADS,Coordinator,2024-04,24,16,66.7,1.5,0,0.1,4,0.275,0.997
OFF-0037,ROADS,Coordinator,2024-05,24,17,70.8,3.1,0,0.1,2,0.396,0.997
OFF-0037,ROADS,Coordinator,2024-06,43,32,74.4,1.1,0,0.1,4,0.366,0.997
OFF-0037,ROADS,Coordinator,2024-07,28,25,89.3,0.6,0,0.0,3,0.23,0.997
OFF-0037,ROADS,Coordinator,2024-08,41,35,85.4,1.6,0,0.1,1,0.395,0.997
OFF-0037,ROADS,Coordinator,2024-09,38,29,76.3,0.5,0,0.1,4,0.291,0.997
OFF-0037,ROADS,Coordinator,2024-10,22,15,68.2,2.2,0,0.1,2,0.314,0.997
OFF-0037,ROADS,Coordinator,2024-11,27,18,66.7,3.5,0,0.1,2,0.441,0.997
OFF-0037,ROADS,Coordinator,2024-12,30,27,90.0,2.6,0,0.1,0,0.394,0.997
OFF-0038,ROADS,Executive Engineer,2022-01,25,18,72.0,1.4,0,0.0,0,0.272,1.035
OFF-0038,ROADS,Executive Engineer,2022-02,22,20,90.9,3.9,0,0.0,0,0.443,1.035
OFF-0038,ROADS,Executive Engineer,2022-03,20,15,75.0,2.5,0,0.0,4,0.319,1.035
OFF-0038,ROADS,Executive Engineer,2022-04,25,17,68.0,2.0,0,0.0,2,0.316,1.035
OFF-0038,ROADS,Executive Engineer,2022-05,23,16,69.6,1.6,0,0.0,1,0.273,1.035
OFF-0038,ROADS,Executive Engineer,2022-06,41,29,70.7,1.7,0,0.0,1,0.402,1.035
OFF-0038,ROADS,Executive Engineer,2022-07,43,33,76.7,3.2,0,0.0,0,0.528,1.035
OFF-0038,ROADS,Executive Engineer,2022-08,37,35,94.6,2.3,0,0.0,1,0.419,1.035
OFF-0038,ROADS,Executive Engineer,2022-09,42,32,76.2,0.5,0,0.0,1,0.317,1.035
OFF-0038,ROADS,Executive Engineer,2022-10,21,15,71.4,2.8,0,0.0,2,0.35,1.035
OFF-0038,ROADS,Executive Engineer,2022-11,22,16,72.7,1.9,0,0.0,0,0.291,1.035
OFF-0038,ROADS,Executive Engineer,2022-12,21,18,85.7,1.0,0,0.0,2,0.211,1.035
OFF-0038,ROADS,Executive Engineer,2023-01,24,16,66.7,2.2,0,0.0,0,0.327,1.035
OFF-0038,ROADS,Executive Engineer,2023-02,17,16,94.1,3.8,0,0.0,1,0.399,1.035
OFF-0038,ROADS,Executive Engineer,2023-03,25,20,80.0,0.5,0,0.0,1,0.204,1.035
OFF-0038,ROADS,Executive Engineer,2023-04,19,13,68.4,1.4,0,0.0,3,0.231,1.035
OFF-0038,ROADS,Executive Engineer,2023-05,18,14,77.8,3.6,0,0.0,1,0.387,1.035
OFF-0038,ROADS,Executive Engineer,2023-06,31,28,90.3,2.6,0,0.0,2,0.402,1.035
OFF-0038,ROADS,Executive Engineer,2023-07,24,16,66.7,1.0,0,0.0,0,0.238,1.035
OFF-0038,ROADS,Executive Engineer,2023-08,32,23,71.9,2.4,0,0.0,1,0.395,1.035
OFF-0038,ROADS,Executive Engineer,2023-09,33,27,81.8,0.9,0,0.0,1,0.288,1.035
OFF-0038,ROADS,Executive Engineer,2023-10,21,18,85.7,0.5,0,0.0,1,0.177,1.035
OFF-0038,ROADS,Executive Engineer,2023-11,25,24,96.0,3.1,0,0.0,2,0.398,1.035
OFF-0038,ROADS,Executive Engineer,2023-12,24,20,83.3,0.5,0,0.0,0,0.198,1.035
OFF-0038,ROADS,Executive Engineer,2024-01,21,19,90.5,2.9,0,0.0,4,0.358,1.035
OFF-0038,ROADS,Executive Engineer,2024-02,24,23,95.8,2.6,0,0.0,0,0.352,1.035
OFF-0038,ROADS,Executive Engineer,2024-03,18,17,94.4,3.5,0,0.0,3,0.379,1.035
OFF-0038,ROADS,Executive Engineer,2024-04,19,13,68.4,3.4,0,0.0,4,0.382,1.035
OFF-0038,ROADS,Executive Engineer,2024-05,19,14,73.7,0.9,0,0.0,0,0.195,1.035
OFF-0038,ROADS,Executive Engineer,2024-06,38,32,84.2,1.9,0,0.0,1,0.398,1.035
OFF-0038,ROADS,Executive Engineer,2024-07,30,28,93.3,1.2,0,0.0,1,0.291,1.035
OFF-0038,ROADS,Executive Engineer,2024-08,33,28,84.8,0.8,0,0.0,3,0.276,1.035
OFF-0038,ROADS,Executive Engineer,2024-09,37,29,78.4,2.3,0,0.0,2,0.423,1.035
OFF-0038,ROADS,Executive Engineer,2024-10,21,17,81.0,2.3,0,0.0,1,0.315,1.035
OFF-0038,ROADS,Executive Engineer,2024-11,21,17,81.0,0.7,0,0.0,0,0.194,1.035
OFF-0038,ROADS,Executive Engineer,2024-12,20,15,75.0,1.5,0,0.0,2,0.249,1.035
OFF-0039,ROADS,Coordinator,2022-01,25,21,84.0,2.6,0,0.9,3,0.367,0.971
OFF-0039,ROADS,Coordinator,2022-02,25,17,68.0,2.1,0,1.1,4,0.325,0.971
OFF-0039,ROADS,Coordinator,2022-03,22,19,86.4,2.2,0,1.0,0,0.318,0.971
OFF-0039,ROADS,Coordinator,2022-04,23,15,65.2,3.0,0,0.6,4,0.382,0.971
OFF-0039,ROADS,Coordinator,2022-05,18,16,88.9,2.3,0,0.5,3,0.297,0.971
OFF-0039,ROADS,Coordinator,2022-06,24,20,83.3,2.0,0,0.9,1,0.311,0.971
OFF-0039,ROADS,Coordinator,2022-07,29,25,86.2,2.6,0,1.1,0,0.391,0.971
OFF-0039,ROADS,Coordinator,2022-08,36,30,83.3,1.7,0,0.5,3,0.369,0.971
OFF-0039,ROADS,Coordinator,2022-09,30,26,86.7,3.7,0,0.6,0,0.478,0.971
OFF-0039,ROADS,Coordinator,2022-10,21,14,66.7,1.8,0,0.8,2,0.276,0.971
OFF-0039,ROADS,Coordinator,2022-11,23,16,69.6,2.4,0,0.3,0,0.334,0.971
OFF-0039,ROADS,Coordinator,2022-12,20,16,80.0,1.4,0,0.8,1,0.237,0.971
OFF-0039,ROADS,Coordinator,2023-01,21,17,81.0,2.4,0,0.7,2,0.324,0.971
OFF-0039,ROADS,Coordinator,2023-02,24,15,62.5,2.0,0,0.9,2,0.31,0.971
OFF-0039,ROADS,Coordinator,2023-03,21,14,66.7,3.0,0,0.3,1,0.362,0.971
OFF-0039,ROADS,Coordinator,2023-04,23,16,69.6,1.8,0,1.1,1,0.292,0.971
OFF-0039,ROADS,Coordinator,2023-05,19,14,73.7,0.7,0,1.1,4,0.182,0.971
OFF-0039,ROADS,Coordinator,2023-06,37,30,81.1,3.0,0,0.7,1,0.476,0.971
OFF-0039,ROADS,Coordinator,2023-07,35,22,62.9,1.0,0,0.5,1,0.309,0.971
OFF-0039,ROADS,Coordinator,2023-08,43,38,88.4,2.3,0,0.4,1,0.458,0.971
OFF-0039,ROADS,Coordinator,2023-09,33,21,63.6,2.4,0,0.3,0,0.399,0.971
OFF-0039,ROADS,Coordinator,2023-10,19,14,73.7,1.1,0,1.0,1,0.211,0.971
OFF-0039,ROADS,Coordinator,2023-11,26,22,84.6,2.7,0,0.3,4,0.376,0.971
OFF-0039,ROADS,Coordinator,2023-12,19,13,68.4,1.0,0,0.7,1,0.204,0.971
OFF-0039,ROADS,Coordinator,2024-01,23,21,91.3,3.7,0,1.0,2,0.436,0.971
OFF-0039,ROADS,Coordinator,2024-02,21,14,66.7,1.2,0,1.1,2,0.236,0.971
OFF-0039,ROADS,Coordinator,2024-03,23,16,69.6,0.9,0,0.3,0,0.223,0.971
OFF-0039,ROADS,Coordinator,2024-04,19,15,78.9,3.2,0,0.4,0,0.366,0.971
OFF-0039,ROADS,Coordinator,2024-05,17,12,70.6,2.2,0,0.7,0,0.283,0.971
OFF-0039,ROADS,Coordinator,2024-06,34,21,61.8,2.6,0,0.4,2,0.421,0.971
OFF-0039,ROADS,Coordinator,2024-07,27,18,66.7,3.2,0,0.9,0,0.421,0.971
OFF-0039,ROADS,Coordinator,2024-08,38,31,81.6,0.7,0,1.2,1,0.309,0.971
OFF-0039,ROADS,Coordinator,2024-09,40,27,67.5,3.3,0,1.0,1,0.516,0.971
OFF-0039,ROADS,Coordinator,2024-10,23,20,87.0,2.8,0,0.9,1,0.363,0.971
OFF-0039,ROADS,Coordinator,2024-11,25,17,68.0,2.5,0,0.5,2,0.356,0.971
OFF-0039,ROADS,Coordinator,2024-12,21,16,76.2,2.5,0,0.5,1,0.332,0.971
OFF-0040,ROADS,Junior Engineer,2022-01,28,21,75.0,1.1,0,0.0,0,0.268,1.168
OFF-0040,ROADS,Junior Engineer,2022-02,28,26,92.9,1.1,0,0.0,1,0.266,1.168
OFF-0040,ROADS,Junior Engineer,2022-03,27,22,81.5,1.5,0,0.0,2,0.291,1.168
OFF-0040,ROADS,Junior Engineer,2022-04,26,20,76.9,1.9,0,0.0,4,0.316,1.168
OFF-0040,ROADS,Junior Engineer,2022-05,24,23,95.8,1.6,0,0.0,3,0.277,1.168
OFF-0040,ROADS,Junior Engineer,2022-06,51,47,92.2,2.6,0,0.0,4,0.538,1.168
OFF-0040,ROADS,Junior Engineer,2022-07,43,38,88.4,1.8,0,0.0,1,0.421,1.168
OFF-0040,ROADS,Junior Engineer,2022-08,35,31,88.6,2.5,0,0.0,0,0.422,1.168
OFF-0040,ROADS,Junior Engineer,2022-09,41,34,82.9,2.4,0,0.0,1,0.457,1.168
OFF-0040,ROADS,Junior Engineer,2022-10,27,26,96.3,0.5,0,0.0,1,0.218,1.168
OFF-0040,ROADS,Junior Engineer,2022-11,27,22,81.5,1.3,0,0.0,1,0.278,1.168
OFF-0040,ROADS,Junior Engineer,2022-12,29,27,93.1,0.5,0,0.0,2,0.231,1.168
OFF-0040,ROADS,Junior Engineer,2023-01,33,27,81.8,2.7,0,0.0,1,0.422,1.168
OFF-0040,ROADS,Junior Engineer,2023-02,23,22,95.7,1.4,0,0.0,0,0.261,1.168
OFF-0040,ROADS,Junior Engineer,2023-03,27,26,96.3,0.7,0,0.0,4,0.233,1.168
OFF-0040,ROADS,Junior Engineer,2023-04,31,26,83.9,2.0,0,0.0,0,0.353,1.168
OFF-0040,ROADS,Junior Engineer,2023-05,28,27,96.4,2.2,0,0.0,2,0.353,1.168
OFF-0040,ROADS,Junior Engineer,2023-06,54,47,87.0,2.2,0,0.0,1,0.522,1.168
OFF-0040,ROADS,Junior Engineer,2023-07,52,44,84.6,0.7,0,0.0,2,0.402,1.168
OFF-0040,ROADS,Junior Engineer,2023-08,51,49,96.1,0.9,0,0.0,2,0.404,1.168
OFF-0040,ROADS,Junior Engineer,2023-09,36,32,88.9,3.1,0,0.0,2,0.476,1.168
OFF-0040,ROADS,Junior Engineer,2023-10,32,31,96.9,2.5,0,0.0,1,0.4,1.168
OFF-0040,ROADS,Junior Engineer,2023-11,25,24,96.0,1.7,0,0.0,0,0.291,1.168
OFF-0040,ROADS,Junior Engineer,2023-12,30,29,96.7,1.2,0,0.0,4,0.287,1.168
OFF-0040,ROADS,Junior Engineer,2024-01,29,23,79.3,2.1,0,0.0,2,0.354,1.168
OFF-0040,ROADS,Junior Engineer,2024-02,24,18,75.0,0.5,0,0.0,2,0.198,1.168
OFF-0040,ROADS,Junior Engineer,2024-03,30,29,96.7,2.8,0,0.0,1,0.414,1.168
OFF-0040,ROADS,Junior Engineer,2024-04,24,23,95.8,3.8,0,0.0,1,0.447,1.168
OFF-0040,ROADS,Junior Engineer,2024-05,31,30,96.8,0.5,0,0.0,1,0.244,1.168
OFF-0040,ROADS,Junior Engineer,2024-06,35,34,97.1,0.5,0,0.0,0,0.271,1.168
OFF-0040,ROADS,Junior Engineer,2024-07,45,44,97.8,1.9,0,0.0,0,0.44,1.168
OFF-0040,ROADS,Junior Engineer,2024-08,32,27,84.4,1.8,0,0.0,2,0.351,1.168
OFF-0040,ROADS,Junior Engineer,2024-09,44,43,97.7,1.8,0,0.0,1,0.425,1.168
OFF-0040,ROADS,Junior Engineer,2024-10,26,25,96.2,1.8,0,0.0,0,0.312,1.168
OFF-0040,ROADS,Junior Engineer,2024-11,32,31,96.9,1.5,0,0.0,0,0.323,1.168
OFF-0040,ROADS,Junior Engineer,2024-12,25,21,84.0,2.7,0,0.0,1,0.371,1.168
OFF-0041,ROADS,Assistant Engineer,2022-01,21,11,52.4,2.8,0,4.4,1,0.363,0.805
OFF-0041,ROADS,Assistant Engineer,2022-02,17,9,52.9,2.0,0,4.0,3,0.278,0.805
OFF-0041,ROADS,Assistant Engineer,2022-03,19,14,73.7,4.0,0,5.2,0,0.442,0.805
OFF-0041,ROADS,Assistant Engineer,2022-04,21,12,57.1,2.0,0,3.0,1,0.3,0.805
OFF-0041,ROADS,Assistant Engineer,2022-05,21,13,61.9,3.1,0,3.3,1,0.385,0.805
OFF-0041,ROADS,Assistant Engineer,2022-06,26,14,53.8,1.2,0,3.8,0,0.275,0.805
OFF-0041,ROADS,Assistant Engineer,2022-07,36,19,52.8,2.3,1,4.3,1,0.425,0.805
OFF-0041,ROADS,Assistant Engineer,2022-08,37,21,56.8,2.3,2,7.0,0,0.443,0.805
OFF-0041,ROADS,Assistant Engineer,2022-09,22,16,72.7,1.0,1,7.3,2,0.244,0.805
OFF-0041,ROADS,Assistant Engineer,2022-10,19,12,63.2,2.5,1,6.9,1,0.337,0.805
OFF-0041,ROADS,Assistant Engineer,2022-11,20,13,65.0,1.7,1,5.8,1,0.282,0.805
OFF-0041,ROADS,Assistant Engineer,2022-12,19,11,57.9,2.0,0,2.0,0,0.282,0.805
OFF-0041,ROADS,Assistant Engineer,2023-01,17,12,70.6,2.4,1,6.5,1,0.309,0.805
OFF-0041,ROADS,Assistant Engineer,2023-02,19,12,63.2,1.7,1,7.0,1,0.278,0.805
OFF-0041,ROADS,Assistant Engineer,2023-03,15,8,53.3,3.3,0,4.3,2,0.358,0.805
OFF-0041,ROADS,Assistant Engineer,2023-04,21,14,66.7,1.8,1,5.2,1,0.291,0.805
OFF-0041,ROADS,Assistant Engineer,2023-05,18,11,61.1,1.5,0,4.1,0,0.242,0.805
OFF-0041,ROADS,Assistant Engineer,2023-06,28,21,75.0,1.7,1,7.1,0,0.338,0.805
OFF-0041,ROADS,Assistant Engineer,2023-07,28,18,64.3,1.5,0,2.1,3,0.303,0.805
OFF-0041,ROADS,Assistant Engineer,2023-08,30,22,73.3,1.7,1,3.4,0,0.341,0.805
OFF-0041,ROADS,Assistant Engineer,2023-09,24,17,70.8,3.3,0,2.9,0,0.416,0.805
OFF-0041,ROADS,Assistant Engineer,2023-10,16,10,62.5,4.6,1,6.7,2,0.427,0.805
OFF-0041,ROADS,Assistant Engineer,2023-11,18,11,61.1,2.7,0,4.3,1,0.333,0.805
OFF-0041,ROADS,Assistant Engineer,2023-12,20,11,55.0,1.5,0,3.2,1,0.258,0.805
OFF-0041,ROADS,Assistant Engineer,2024-01,21,14,66.7,2.3,1,6.3,1,0.334,0.805
OFF-0041,ROADS,Assistant Engineer,2024-02,19,11,57.9,1.2,1,6.9,1,0.236,0.805
OFF-0041,ROADS,Assistant Engineer,2024-03,18,9,50.0,2.6,0,3.8,1,0.323,0.805
OFF-0041,ROADS,Assistant Engineer,2024-04,15,7,46.7,2.4,1,7.3,1,0.301,0.805
OFF-0041,ROADS,Assistant Engineer,2024-05,18,12,66.7,3.1,1,7.5,3,0.376,0.805
OFF-0041,ROADS,Assistant Engineer,2024-06,30,21,70.0,0.5,2,6.7,2,0.258,0.805
OFF-0041,ROADS,Assistant Engineer,2024-07,27,14,51.9,2.8,1,3.9,1,0.399,0.805
OFF-0041,ROADS,Assistant Engineer,2024-08,30,18,60.0,1.3,1,3.4,1,0.307,0.805
OFF-0041,ROADS,Assistant Engineer,2024-09,23,17,73.9,3.9,1,7.0,1,0.466,0.805
OFF-0041,ROADS,Assistant Engineer,2024-10,19,12,63.2,4.4,0,4.7,0,0.441,0.805
OFF-0041,ROADS,Assistant Engineer,2024-11,21,15,71.4,2.5,0,3.4,3,0.341,0.805
OFF-0041,ROADS,Assistant Engineer,2024-12,18,12,66.7,2.5,0,5.5,2,0.326,0.805
OFF-0042,ROADS,Junior Engineer,2022-01,25,24,96.0,2.1,0,0.0,2,0.322,1.187
OFF-0042,ROADS,Junior Engineer,2022-02,29,27,93.1,0.9,0,0.0,0,0.262,1.187
OFF-0042,ROADS,Junior Engineer,2022-03,28,27,96.4,1.4,0,0.0,1,0.29,1.187
OFF-0042,ROADS,Junior Engineer,2022-04,31,25,80.6,0.7,0,0.0,2,0.257,1.187
OFF-0042,ROADS,Junior Engineer,2022-05,31,24,77.4,4.3,0,0.0,1,0.507,1.187
OFF-0042,ROADS,Junior Engineer,2022-06,45,44,97.8,2.3,0,0.0,0,0.476,1.187
OFF-0042,ROADS,Junior Engineer,2022-07,60,58,96.7,0.7,0,0.0,3,0.456,1.187
OFF-0042,ROADS,Junior Engineer,2022-08,37,34,91.9,1.5,0,0.0,0,0.362,1.187
OFF-0042,ROADS,Junior Engineer,2022-09,46,45,97.8,0.8,0,0.0,1,0.369,1.187
OFF-0042,ROADS,Junior Engineer,2022-10,33,28,84.8,1.2,0,0.0,1,0.309,1.187
OFF-0042,ROADS,Junior Engineer,2022-11,26,25,96.2,2.0,0,0.0,0,0.323,1.187
OFF-0042,ROADS,Junior Engineer,2022-12,28,23,82.1,0.5,0,0.0,1,0.224,1.187
OFF-0042,ROADS,Junior Engineer,2023-01,35,29,82.9,1.7,0,0.0,1,0.364,1.187
OFF-0042,ROADS,Junior Engineer,2023-02,26,25,96.2,0.9,0,0.0,0,0.24,1.187
OFF-0042,ROADS,Junior Engineer,2023-03,27,24,88.9,1.3,0,0.0,3,0.277,1.187
OFF-0042,ROADS,Junior Engineer,2023-04,34,33,97.1,2.5,0,0.0,1,0.411,1.187
OFF-0042,ROADS,Junior Engineer,2023-05,24,20,83.3,3.1,0,0.0,1,0.396,1.187
OFF-0042,ROADS,Junior Engineer,2023-06,43,42,97.7,3.4,0,0.0,0,0.538,1.187
OFF-0042,ROADS,Junior Engineer,2023-07,40,34,85.0,0.8,0,0.0,0,0.33,1.187
OFF-0042,ROADS,Junior Engineer,2023-08,33,31,93.9,1.7,0,0.0,0,0.349,1.187
OFF-0042,ROADS,Junior Engineer,2023-09,41,40,97.6,2.8,0,0.0,4,0.48,1.187
OFF-0042,ROADS,Junior Engineer,2023-10,34,33,97.1,3.0,0,0.0,0,0.452,1.187
OFF-0042,ROADS,Junior Engineer,2023-11,32,31,96.9,1.4,0,0.0,3,0.315,1.187
OFF-0042,ROADS,Junior Engineer,2023-12,24,21,87.5,0.8,0,0.0,2,0.218,1.187
OFF-0042,ROADS,Junior Engineer,2024-01,28,27,96.4,2.3,0,0.0,0,0.36,1.187
OFF-0042,ROADS,Junior Engineer,2024-02,31,24,77.4,1.5,0,0.0,1,0.319,1.187
OFF-0042,ROADS,Junior Engineer,2024-03,33,31,93.9,0.5,0,0.0,0,0.258,1.187
OFF-0042,ROADS,Junior Engineer,2024-04,27,23,85.2,2.2,0,0.0,0,0.342,1.187
OFF-0042,ROADS,Junior Engineer,2024-05,28,27,96.4,2.9,0,0.0,2,0.406,1.187
OFF-0042,ROADS,Junior Engineer,2024-06,46,40,87.0,0.7,0,0.0,0,0.36,1.187
OFF-0042,ROADS,Junior Engineer,2024-07,51,41,80.4,1.4,0,0.0,0,0.444,1.187
OFF-0042,ROADS,Junior Engineer,2024-08,41,40,97.6,2.2,0,0.0,1,0.441,1.187
OFF-0042,ROADS,Junior Engineer,2024-09,50,49,98.0,2.6,0,0.0,1,0.526,1.187
OFF-0042,ROADS,Junior Engineer,2024-10,24,21,87.5,2.7,0,0.0,3,0.361,1.187
OFF-0042,ROADS,Junior Engineer,2024-11,30,26,86.7,1.4,0,0.0,0,0.303,1.187
OFF-0042,ROADS,Junior Engineer,2024-12,30,29,96.7,0.5,0,0.0,1,0.238,1.187
OFF-0043,ROADS,Assistant Engineer,2022-01,17,12,70.6,3.0,0,5.3,2,0.358,0.853
OFF-0043,ROADS,Assistant Engineer,2022-02,12,7,58.3,0.7,0,5.8,0,0.148,0.853
OFF-0043,ROADS,Assistant Engineer,2022-03,17,10,58.8,2.9,0,2.6,1,0.335,0.853
OFF-0043,ROADS,Assistant Engineer,2022-04,17,11,64.7,1.8,0,1.7,3,0.255,0.853
OFF-0043,ROADS,Assistant Engineer,2022-05,14,10,71.4,1.8,0,3.6,0,0.241,0.853
OFF-0043,ROADS,Assistant Engineer,2022-06,25,19,76.0,2.7,0,2.5,1,0.373,0.853
OFF-0043,ROADS,Assistant Engineer,2022-07,22,15,68.2,3.5,0,2.9,2,0.421,0.853
OFF-0043,ROADS,Assistant Engineer,2022-08,17,11,64.7,2.4,0,1.9,4,0.295,0.853
OFF-0043,ROADS,Assistant Engineer,2022-09,23,13,56.5,1.3,0,3.1,0,0.261,0.853
OFF-0043,ROADS,Assistant Engineer,2022-10,13,9,69.2,1.4,0,2.9,2,0.201,0.853
OFF-0043,ROADS,Assistant Engineer,2022-11,15,9,60.0,2.0,0,5.4,2,0.269,0.853
OFF-0043,ROADS,Assistant Engineer,2022-12,16,10,62.5,3.1,0,5.3,3,0.358,0.853
OFF-0043,ROADS,Assistant Engineer,2023-01,14,10,71.4,2.9,0,5.8,1,0.327,0.853
OFF-0043,ROADS,Assistant Engineer,2023-02,17,13,76.5,3.9,0,2.1,2,0.414,0.853
OFF-0043,ROADS,Assistant Engineer,2023-03,13,10,76.9,3.5,0,2.1,2,0.356,0.853
OFF-0043,ROADS,Assistant Engineer,2023-04,16,11,68.8,0.5,0,5.2,3,0.16,0.853
OFF-0043,ROADS,Assistant Engineer,2023-05,12,7,58.3,2.7,0,1.7,1,0.289,0.853
OFF-0043,ROADS,Assistant Engineer,2023-06,20,15,75.0,2.9,0,4.1,2,0.365,0.853
OFF-0043,ROADS,Assistant Engineer,2023-07,30,23,76.7,2.5,1,5.0,1,0.405,0.853
OFF-0043,ROADS,Assistant Engineer,2023-08,21,11,52.4,2.3,1,5.7,0,0.328,0.853
OFF-0043,ROADS,Assistant Engineer,2023-09,30,18,60.0,2.5,1,3.8,0,0.4,0.853
OFF-0043,ROADS,Assistant Engineer,2023-10,12,7,58.3,2.1,0,2.4,0,0.243,0.853
OFF-0043,ROADS,Assistant Engineer,2023-11,15,10,66.7,1.2,0,2.7,1,0.196,0.853
OFF-0043,ROADS,Assistant Engineer,2023-12,17,13,76.5,3.2,0,5.2,2,0.371,0.853
OFF-0043,ROADS,Assistant Engineer,2024-01,12,9,75.0,3.9,0,3.7,2,0.384,0.853
OFF-0043,ROADS,Assistant Engineer,2024-02,12,9,75.0,1.2,0,3.2,2,0.178,0.853
OFF-0043,ROADS,Assistant Engineer,2024-03,17,13,76.5,2.9,0,3.8,3,0.339,0.853
OFF-0043,ROADS,Assistant Engineer,2024-04,14,8,57.1,2.6,0,4.6,2,0.303,0.853
OFF-0043,ROADS,Assistant Engineer,2024-05,13,9,69.2,2.7,0,5.3,3,0.302,0.853
OFF-0043,ROADS,Assistant Engineer,2024-06,28,19,67.9,1.3,0,3.0,1,0.291,0.853
OFF-0043,ROADS,Assistant Engineer,2024-07,22,17,77.3,2.4,0,3.5,0,0.336,0.853
OFF-0043,ROADS,Assistant Engineer,2024-08,25,16,64.0,2.3,1,5.4,2,0.354,0.853
OFF-0043,ROADS,Assistant Engineer,2024-09,26,14,53.8,3.6,1,3.9,4,0.454,0.853
OFF-0043,ROADS,Assistant Engineer,2024-10,16,12,75.0,1.2,0,2.0,1,0.199,0.853
OFF-0043,ROADS,Assistant Engineer,2024-11,17,10,58.8,4.5,0,4.5,3,0.427,0.853
OFF-0043,ROADS,Assistant Engineer,2024-12,15,11,73.3,1.0,0,5.6,0,0.192,0.853
OFF-0044,ROADS,Coordinator,2022-01,26,23,88.5,5.5,0,0.8,3,0.476,0.975
OFF-0044,ROADS,Coordinator,2022-02,28,24,85.7,1.1,0,0.3,1,0.267,0.975
OFF-0044,ROADS,Coordinator,2022-03,30,25,83.3,1.5,0,1.0,1,0.312,0.975
OFF-0044,ROADS,Coordinator,2022-04,25,19,76.0,0.8,0,0.5,1,0.23,0.975
OFF-0044,ROADS,Coordinator,2022-05,32,29,90.6,2.2,0,0.6,2,0.377,0.975
OFF-0044,ROADS,Coordinator,2022-06,58,37,63.8,2.8,0,0.7,0,0.596,0.975
OFF-0044,ROADS,Coordinator,2022-07,48,39,81.2,1.3,0,0.6,0,0.422,0.975
OFF-0044,ROADS,Coordinator,2022-08,47,38,80.9,1.9,0,0.5,0,0.454,0.975
OFF-0044,ROADS,Coordinator,2022-09,43,37,86.0,1.9,0,0.5,0,0.43,0.975
OFF-0044,ROADS,Coordinator,2022-10,37,30,81.1,1.6,0,0.9,1,0.366,0.975
OFF-0044,ROADS,Coordinator,2022-11,35,30,85.7,2.0,0,0.7,0,0.383,0.975
OFF-0044,ROADS,Coordinator,2022-12,28,21,75.0,2.5,0,0.4,3,0.377,0.975
OFF-0044,ROADS,Coordinator,2023-01,25,23,92.0,1.6,0,0.7,0,0.285,0.975
OFF-0044,ROADS,Coordinator,2023-02,30,19,63.3,3.1,0,0.6,0,0.435,0.975
OFF-0044,ROADS,Coordinator,2023-03,31,26,83.9,3.3,0,0.5,0,0.456,0.975
OFF-0044,ROADS,Coordinator,2023-04,31,23,74.2,2.8,0,0.3,0,0.42,0.975
OFF-0044,ROADS,Coordinator,2023-05,34,30,88.2,1.0,0,0.4,1,0.304,0.975
OFF-0044,ROADS,Coordinator,2023-06,47,40,85.1,1.5,0,0.8,1,0.429,0.975
OFF-0044,ROADS,Coordinator,2023-07,39,27,69.2,1.5,0,0.6,1,0.378,0.975
OFF-0044,ROADS,Coordinator,2023-08,50,40,80.0,2.9,0,0.7,2,0.552,0.975
OFF-0044,ROADS,Coordinator,2023-09,40,36,90.0,2.2,0,0.3,0,0.436,0.975
OFF-0044,ROADS,Coordinator,2023-10,24,17,70.8,2.7,0,0.6,1,0.361,0.975
OFF-0044,ROADS,Coordinator,2023-11,28,24,85.7,2.3,0,0.6,1,0.359,0.975
OFF-0044,ROADS,Coordinator,2023-12,27,21,77.8,2.2,0,0.4,1,0.346,0.975
OFF-0044,ROADS,Coordinator,2024-01,27,18,66.7,2.2,0,0.4,1,0.345,0.975
OFF-0044,ROADS,Coordinator,2024-02,33,21,63.6,1.4,0,0.8,4,0.324,0.975
OFF-0044,ROADS,Coordinator,2024-03,29,24,82.8,1.7,0,0.3,3,0.318,0.975
OFF-0044,ROADS,Coordinator,2024-04,35,31,88.6,2.2,0,0.6,0,0.397,0.975
OFF-0044,ROADS,Coordinator,2024-05,27,20,74.1,1.9,0,0.6,3,0.324,0.975
OFF-0044,ROADS,Coordinator,2024-06,36,29,80.6,1.5,0,0.3,1,0.354,0.975
OFF-0044,ROADS,Coordinator,2024-07,52,33,63.5,0.5,0,0.7,0,0.386,0.975
OFF-0044,ROADS,Coordinator,2024-08,49,42,85.7,1.0,0,0.8,2,0.402,0.975
OFF-0044,ROADS,Coordinator,2024-09,32,28,87.5,2.7,0,0.3,2,0.418,0.975
OFF-0044,ROADS,Coordinator,2024-10,26,19,73.1,2.1,0,0.6,1,0.33,0.975
OFF-0044,ROADS,Coordinator,2024-11,29,22,75.9,1.5,0,0.3,0,0.307,0.975
OFF-0044,ROADS,Coordinator,2024-12,25,22,88.0,4.1,0,0.6,0,0.468,0.975
OFF-0045,ROADS,Assistant Engineer,2022-01,42,28,66.7,1.9,1,3.2,0,0.429,0.891
OFF-0045,ROADS,Assistant Engineer,2022-02,39,28,71.8,2.4,0,1.2,3,0.445,0.891
OFF-0045,ROADS,Assistant Engineer,2022-03,43,28,65.1,1.7,1,3.8,1,0.427,0.891
OFF-0045,ROADS,Assistant Engineer,2022-04,41,33,80.5,2.9,1,4.2,0,0.501,0.891
OFF-0045,ROADS,Assistant Engineer,2022-05,36,30,83.3,1.7,1,4.3,2,0.384,0.891
OFF-0045,ROADS,Assistant Engineer,2022-06,81,47,58.0,3.0,2,2.5,1,0.633,0.891
OFF-0045,ROADS,Assistant Engineer,2022-07,70,56,80.0,1.3,2,3.5,1,0.506,0.891
OFF-0045,ROADS,Assistant Engineer,2022-08,66,55,83.3,2.5,1,2.7,0,0.597,0.891
OFF-0045,ROADS,Assistant Engineer,2022-09,73,45,61.6,1.6,1,1.7,1,0.526,0.891
OFF-0045,ROADS,Assistant Engineer,2022-10,43,36,83.7,3.5,1,3.6,0,0.561,0.891
OFF-0045,ROADS,Assistant Engineer,2022-11,39,23,59.0,2.7,1,4.0,2,0.476,0.891
OFF-0045,ROADS,Assistant Engineer,2022-12,33,26,78.8,2.2,0,2.8,0,0.396,0.891
OFF-0045,ROADS,Assistant Engineer,2023-01,38,23,60.5,1.3,0,2.3,0,0.356,0.891
OFF-0045,ROADS,Assistant Engineer,2023-02,35,23,65.7,2.1,0,1.5,0,0.396,0.891
OFF-0045,ROADS,Assistant Engineer,2023-03,37,25,67.6,2.2,1,3.3,1,0.421,0.891
OFF-0045,ROADS,Assistant Engineer,2023-04,37,27,73.0,1.4,1,3.1,2,0.361,0.891
OFF-0045,ROADS,Assistant Engineer,2023-05,37,30,81.1,1.1,0,1.9,0,0.333,0.891
OFF-0045,ROADS,Assistant Engineer,2023-06,77,53,68.8,4.1,3,3.9,0,0.712,0.891
OFF-0045,ROADS,Assistant Engineer,2023-07,47,32,68.1,2.8,1,2.5,0,0.529,0.891
OFF-0045,ROADS,Assistant Engineer,2023-08,71,49,69.0,2.6,0,1.3,0,0.596,0.891
OFF-0045,ROADS,Assistant Engineer,2023-09,62,49,79.0,1.3,1,2.3,1,0.504,0.891
OFF-0045,ROADS,Assistant Engineer,2023-10,47,33,70.2,2.4,1,2.2,2,0.498,0.891
OFF-0045,ROADS,Assistant Engineer,2023-11,37,23,62.2,1.1,0,2.2,3,0.338,0.891
OFF-0045,ROADS,Assistant Engineer,2023-12,45,37,82.2,3.7,1,2.6,0,0.583,0.891
OFF-0045,ROADS,Assistant Engineer,2024-01,36,21,58.3,0.5,1,3.3,2,0.287,0.891
OFF-0045,ROADS,Assistant Engineer,2024-02,37,31,83.8,1.4,1,3.8,0,0.36,0.891
OFF-0045,ROADS,Assistant Engineer,2024-03,38,23,60.5,1.8,1,2.8,1,0.396,0.891
OFF-0045,ROADS,Assistant Engineer,2024-04,41,25,61.0,1.9,0,2.3,1,0.425,0.891
OFF-0045,ROADS,Assistant Engineer,2024-05,46,27,58.7,0.8,1,4.2,0,0.382,0.891
OFF-0045,ROADS,Assistant Engineer,2024-06,49,31,63.3,2.3,0,1.9,3,0.506,0.891
OFF-0045,ROADS,Assistant Engineer,2024-07,67,55,82.1,0.9,0,1.1,1,0.473,0.891
OFF-0045,ROADS,Assistant Engineer,2024-08,64,38,59.4,3.4,1,1.6,1,0.659,0.891
OFF-0045,ROADS,Assistant Engineer,2024-09,45,32,71.1,1.0,1,2.8,1,0.386,0.891
OFF-0045,ROADS,Assistant Engineer,2024-10,41,24,58.5,2.5,1,2.4,0,0.47,0.891
OFF-0045,ROADS,Assistant Engineer,2024-11,35,29,82.9,2.5,0,1.3,0,0.426,0.891
OFF-0045,ROADS,Assistant Engineer,2024-12,40,25,62.5,0.6,0,2.1,1,0.32,0.891
OFF-0046,ROADS,Coordinator,2022-01,40,25,62.5,3.5,1,3.1,2,0.538,0.899
OFF-0046,ROADS,Coordinator,2022-02,43,27,62.8,2.3,1,2.8,1,0.468,0.899
OFF-0046,ROADS,Coordinator,2022-03,47,37,78.7,3.8,1,3.6,0,0.607,0.899
OFF-0046,ROADS,Coordinator,2022-04,52,43,82.7,0.5,1,2.5,1,0.392,0.899
OFF-0046,ROADS,Coordinator,2022-05,48,33,68.8,2.7,0,2.1,0,0.529,0.899
OFF-0046,ROADS,Coordinator,2022-06,84,59,70.2,3.6,2,3.5,0,0.683,0.899
OFF-0046,ROADS,Coordinator,2022-07,59,36,61.0,1.7,1,3.1,0,0.529,0.899
OFF-0046,ROADS,Coordinator,2022-08,62,47,75.8,2.6,1,2.3,2,0.6,0.899
OFF-0046,ROADS,Coordinator,2022-09,78,48,61.5,2.3,1,1.9,3,0.578,0.899
OFF-0046,ROADS,Coordinator,2022-10,40,32,80.0,2.4,0,1.7,3,0.449,0.899
OFF-0046,ROADS,Coordinator,2022-11,39,30,76.9,0.5,1,2.9,0,0.306,0.899
OFF-0046,ROADS,Coordinator,2022-12,44,32,72.7,2.3,1,2.7,2,0.476,0.899
OFF-0046,ROADS,Coordinator,2023-01,44,36,81.8,3.4,0,1.9,3,0.555,0.899
OFF-0046,ROADS,Coordinator,2023-02,40,27,67.5,1.3,1,2.9,1,0.376,0.899
OFF-0046,ROADS,Coordinator,2023-03,36,27,75.0,2.6,0,2.5,1,0.446,0.899
OFF-0046,ROADS,Coordinator,2023-04,50,41,82.0,2.4,1,3.1,3,0.522,0.899
OFF-0046,ROADS,Coordinator,2023-05,45,26,57.8,1.9,1,2.7,0,0.45,0.899
OFF-0046,ROADS,Coordinator,2023-06,70,51,72.9,2.8,1,2.2,1,0.618,0.899
OFF-0046,ROADS,Coordinator,2023-07,68,40,58.8,3.1,2,3.8,1,0.646,0.899
OFF-0046,ROADS,Coordinator,2023-08,66,52,78.8,3.4,2,3.5,0,0.666,0.899
OFF-0046,ROADS,Coordinator,2023-09,62,43,69.4,1.5,1,2.3,1,0.519,0.899
OFF-0046,ROADS,Coordinator,2023-10,37,24,64.9,3.0,0,1.9,1,0.481,0.899
OFF-0046,ROADS,Coordinator,2023-11,36,23,63.9,1.0,0,2.8,0,0.323,0.899
OFF-0046,ROADS,Coordinator,2023-12,42,32,76.2,2.2,0,1.7,1,0.448,0.899
OFF-0046,ROADS,Coordinator,2024-01,37,26,70.3,1.0,0,1.1,0,0.322,0.899
OFF-0046,ROADS,Coordinator,2024-02,36,21,58.3,1.7,0,1.8,1,0.37,0.899
OFF-0046,ROADS,Coordinator,2024-03,40,33,82.5,3.7,0,1.5,1,0.548,0.899
OFF-0046,ROADS,Coordinator,2024-04,49,37,75.5,1.0,0,1.4,4,0.407,0.899
OFF-0046,ROADS,Coordinator,2024-05,44,33,75.0,2.3,1,3.8,0,0.476,0.899
OFF-0046,ROADS,Coordinator,2024-06,85,49,57.6,2.3,2,2.8,3,0.579,0.899
OFF-0046,ROADS,Coordinator,2024-07,63,46,73.0,4.0,0,1.0,1,0.702,0.899
OFF-0046,ROADS,Coordinator,2024-08,79,48,60.8,0.5,1,1.5,3,0.442,0.899
OFF-0046,ROADS,Coordinator,2024-09,61,45,73.8,1.2,2,4.0,1,0.503,0.899
OFF-0046,ROADS,Coordinator,2024-10,48,33,68.8,1.9,1,3.7,0,0.473,0.899
OFF-0046,ROADS,Coordinator,2024-11,48,34,70.8,2.5,1,2.8,0,0.516,0.899
OFF-0046,ROADS,Coordinator,2024-12,41,33,80.5,2.3,0,1.1,4,0.449,0.899
OFF-0047,ROADS,Executive Engineer,2022-01,42,31,73.8,0.9,0,0.4,2,0.349,0.961
OFF-0047,ROADS,Executive Engineer,2022-02,38,28,73.7,1.3,0,0.5,2,0.35,0.961
OFF-0047,ROADS,Executive Engineer,2022-03,40,27,67.5,3.1,0,0.7,2,0.503,0.961
OFF-0047,ROADS,Executive Engineer,2022-04,40,27,67.5,1.9,0,1.5,3,0.414,0.961
OFF-0047,ROADS,Executive Engineer,2022-05,43,29,67.4,2.0,0,0.6,0,0.44,0.961
OFF-0047,ROADS,Executive Engineer,2022-06,72,50,69.4,2.3,0,0.8,1,0.572,0.961
OFF-0047,ROADS,Executive Engineer,2022-07,44,33,75.0,4.1,0,0.6,1,0.595,0.961
OFF-0047,ROADS,Executive Engineer,2022-08,59,37,62.7,2.5,0,0.6,3,0.581,0.961
OFF-0047,ROADS,Executive Engineer,2022-09,58,43,74.1,2.9,0,0.9,0,0.61,0.961
OFF-0047,ROADS,Executive Engineer,2022-10,35,31,88.6,3.1,0,1.1,1,0.466,0.961
OFF-0047,ROADS,Executive Engineer,2022-11,41,26,63.4,3.6,0,1.1,4,0.546,0.961
OFF-0047,ROADS,Executive Engineer,2022-12,48,33,68.8,0.5,0,1.5,0,0.363,0.961
OFF-0047,ROADS,Executive Engineer,2023-01,36,31,86.1,1.8,0,1.2,1,0.379,0.961
OFF-0047,ROADS,Executive Engineer,2023-02,46,39,84.8,2.3,0,1.0,0,0.482,0.961
OFF-0047,ROADS,Executive Engineer,2023-03,46,30,65.2,2.7,0,0.5,0,0.507,0.961
OFF-0047,ROADS,Executive Engineer,2023-04,38,30,78.9,2.3,0,1.4,1,0.43,0.961
OFF-0047,ROADS,Executive Engineer,2023-05,41,34,82.9,4.2,0,1.3,1,0.577,0.961
OFF-0047,ROADS,Executive Engineer,2023-06,63,50,79.4,0.7,0,1.4,0,0.459,0.961
OFF-0047,ROADS,Executive Engineer,2023-07,63,49,77.8,0.6,0,0.8,4,0.45,0.961
OFF-0047,ROADS,Executive Engineer,2023-08,62,54,87.1,2.6,0,0.9,1,0.595,0.961
OFF-0047,ROADS,Executive Engineer,2023-09,62,48,77.4,4.6,0,1.6,0,0.705,0.961
OFF-0047,ROADS,Executive Engineer,2023-10,37,23,62.2,1.3,0,0.5,1,0.345,0.961
OFF-0047,ROADS,Executive Engineer,2023-11,47,40,85.1,3.8,0,1.4,4,0.599,0.961
OFF-0047,ROADS,Executive Engineer,2023-12,41,27,65.9,2.6,0,0.8,0,0.473,0.961
OFF-0047,ROADS,Executive Engineer,2024-01,34,24,70.6,3.1,0,1.4,0,0.461,0.961
OFF-0047,ROADS,Executive Engineer,2024-02,39,25,64.1,1.6,0,0.6,1,0.379,0.961
OFF-0047,ROADS,Executive Engineer,2024-03,40,32,80.0,2.0,0,0.9,1,0.416,0.961
OFF-0047,ROADS,Executive Engineer,2024-04,34,23,67.6,2.2,0,1.2,1,0.398,0.961
OFF-0047,ROADS,Executive Engineer,2024-05,39,34,87.2,1.7,0,0.7,0,0.39,0.961
OFF-0047,ROADS,Executive Engineer,2024-06,65,53,81.5,2.4,0,1.2,0,0.585,0.961
OFF-0047,ROADS,Executive Engineer,2024-07,72,61,84.7,2.0,0,1.4,1,0.553,0.961
OFF-0047,ROADS,Executive Engineer,2024-08,71,58,81.7,1.3,0,0.9,0,0.503,0.961
OFF-0047,ROADS,Executive Engineer,2024-09,80,59,73.8,2.1,0,0.7,1,0.558,0.961
OFF-0047,ROADS,Executive Engineer,2024-10,33,26,78.8,3.2,0,1.5,0,0.468,0.961
OFF-0047,ROADS,Executive Engineer,2024-11,43,32,74.4,0.5,0,0.6,1,0.326,0.961
OFF-0047,ROADS,Executive Engineer,2024-12,45,35,77.8,1.7,0,1.4,2,0.431,0.961
OFF-0048,ROADS,Junior Engineer,2022-01,45,29,64.4,2.0,3,6.8,1,0.473,0.694
OFF-0048,ROADS,Junior Engineer,2022-02,38,22,57.9,1.7,3,9.4,0,0.41,0.694
OFF-0048,ROADS,Junior Engineer,2022-03,37,19,51.4,2.5,3,10.4,0,0.465,0.694
OFF-0048,ROADS,Junior Engineer,2022-04,44,24,54.5,5.2,4,9.8,0,0.623,0.694
OFF-0048,ROADS,Junior Engineer,2022-05,34,21,61.8,2.8,1,5.7,1,0.457,0.694
OFF-0048,ROADS,Junior Engineer,2022-06,70,43,61.4,1.5,3,5.4,1,0.527,0.694
OFF-0048,ROADS,Junior Engineer,2022-07,65,30,46.2,2.9,4,6.8,2,0.639,0.694
OFF-0048,ROADS,Junior Engineer,2022-08,58,35,60.3,4.1,5,9.5,2,0.715,0.694
OFF-0048,ROADS,Junior Engineer,2022-09,72,35,48.6,2.5,6,8.9,0,0.612,0.694
OFF-0048,ROADS,Junior Engineer,2022-10,47,30,63.8,2.2,2,4.8,2,0.489,0.694
OFF-0048,ROADS,Junior Engineer,2022-11,41,25,61.0,1.4,2,5.5,0,0.397,0.694
OFF-0048,ROADS,Junior Engineer,2022-12,46,29,63.0,3.2,3,7.3,2,0.566,0.694
OFF-0048,ROADS,Junior Engineer,2023-01,48,26,54.2,5.0,2,4.4,0,0.633,0.694
OFF-0048,ROADS,Junior Engineer,2023-02,40,22,55.0,1.4,3,9.1,2,0.402,0.694
OFF-0048,ROADS,Junior Engineer,2023-03,37,19,51.4,5.1,2,7.0,0,0.568,0.694
OFF-0048,ROADS,Junior Engineer,2023-04,37,22,59.5,2.9,2,6.8,2,0.485,0.694
OFF-0048,ROADS,Junior Engineer,2023-05,48,22,45.8,2.6,1,3.1,0,0.523,0.694
OFF-0048,ROADS,Junior Engineer,2023-06,59,31,52.5,2.9,3,6.2,3,0.632,0.694
OFF-0048,ROADS,Junior Engineer,2023-07,69,35,50.7,3.1,6,9.0,4,0.661,0.694
OFF-0048,ROADS,Junior Engineer,2023-08,77,46,59.7,3.1,5,7.4,0,0.651,0.694
OFF-0048,ROADS,Junior Engineer,2023-09,58,27,46.6,3.0,4,7.6,4,0.632,0.694
OFF-0048,ROADS,Junior Engineer,2023-10,43,22,51.2,3.6,4,10.4,2,0.588,0.694
OFF-0048,ROADS,Junior Engineer,2023-11,45,20,44.4,1.8,4,10.1,2,0.462,0.694
OFF-0048,ROADS,Junior Engineer,2023-12,38,24,63.2,3.8,3,9.6,1,0.565,0.694
OFF-0048,ROADS,Junior Engineer,2024-01,40,21,52.5,2.7,1,4.2,1,0.482,0.694
OFF-0048,ROADS,Junior Engineer,2024-02,35,16,45.7,3.1,2,6.0,1,0.483,0.694
OFF-0048,ROADS,Junior Engineer,2024-03,40,20,50.0,2.9,2,7.2,0,0.506,0.694
OFF-0048,ROADS,Junior Engineer,2024-04,49,25,51.0,3.8,4,8.7,1,0.638,0.694
OFF-0048,ROADS,Junior Engineer,2024-05,48,22,45.8,3.2,1,3.6,0,0.569,0.694
OFF-0048,ROADS,Junior Engineer,2024-06,54,34,63.0,2.7,2,4.7,0,0.579,0.694
OFF-0048,ROADS,Junior Engineer,2024-07,54,25,46.3,4.5,5,9.4,0,0.688,0.694
OFF-0048,ROADS,Junior Engineer,2024-08,54,32,59.3,2.0,4,8.9,1,0.534,0.694
OFF-0048,ROADS,Junior Engineer,2024-09,64,40,62.5,3.2,7,11.8,0,0.677,0.694
OFF-0048,ROADS,Junior Engineer,2024-10,47,23,48.9,2.6,1,3.9,1,0.521,0.694
OFF-0048,ROADS,Junior Engineer,2024-11,47,22,46.8,3.8,2,5.0,0,0.615,0.694
OFF-0048,ROADS,Junior Engineer,2024-12,37,22,59.5,1.9,3,10.8,0,0.418,0.694
OFF-0049,ROADS,Assistant Engineer,2022-01,16,14,87.5,1.4,0,0.0,2,0.211,1.125
OFF-0049,ROADS,Assistant Engineer,2022-02,20,14,70.0,2.5,0,0.0,0,0.322,1.125
OFF-0049,ROADS,Assistant Engineer,2022-03,19,17,89.5,1.8,0,0.0,1,0.265,1.125
OFF-0049,ROADS,Assistant Engineer,2022-04,20,19,95.0,0.8,0,0.0,2,0.196,1.125
OFF-0049,ROADS,Assistant Engineer,2022-05,18,16,88.9,1.0,0,0.0,0,0.194,1.125
OFF-0049,ROADS,Assistant Engineer,2022-06,27,25,92.6,2.9,0,0.0,0,0.397,1.125
OFF-0049,ROADS,Assistant Engineer,2022-07,32,31,96.9,1.8,0,0.0,1,0.347,1.125
OFF-0049,ROADS,Assistant Engineer,2022-08,24,21,87.5,2.0,0,0.0,2,0.313,1.125
OFF-0049,ROADS,Assistant Engineer,2022-09,23,19,82.6,2.4,0,0.0,1,0.33,1.125
OFF-0049,ROADS,Assistant Engineer,2022-10,17,16,94.1,1.0,0,0.0,3,0.192,1.125
OFF-0049,ROADS,Assistant Engineer,2022-11,21,20,95.2,3.6,0,0.0,1,0.411,1.125
OFF-0049,ROADS,Assistant Engineer,2022-12,18,13,72.2,0.7,0,0.0,3,0.17,1.125
OFF-0049,ROADS,Assistant Engineer,2023-01,22,21,95.5,1.4,0,0.0,1,0.25,1.125
OFF-0049,ROADS,Assistant Engineer,2023-02,19,14,73.7,1.2,0,0.0,0,0.214,1.125
OFF-0049,ROADS,Assistant Engineer,2023-03,19,18,94.7,1.3,0,0.0,1,0.227,1.125
OFF-0049,ROADS,Assistant Engineer,2023-04,15,12,80.0,2.9,0,0.0,0,0.316,1.125
OFF-0049,ROADS,Assistant Engineer,2023-05,19,14,73.7,2.5,0,0.0,1,0.317,1.125
OFF-0049,ROADS,Assistant Engineer,2023-06,28,27,96.4,2.1,0,0.0,0,0.341,1.125
OFF-0049,ROADS,Assistant Engineer,2023-07,33,32,97.0,0.5,0,0.0,1,0.258,1.125
OFF-0049,ROADS,Assistant Engineer,2023-08,34,26,76.5,1.6,0,0.0,1,0.347,1.125
OFF-0049,ROADS,Assistant Engineer,2023-09,24,23,95.8,1.1,0,0.0,1,0.246,1.125
OFF-0049,ROADS,Assistant Engineer,2023-10,18,16,88.9,0.9,0,0.0,2,0.191,1.125
OFF-0049,ROADS,Assistant Engineer,2023-11,18,17,94.4,2.6,0,0.0,1,0.315,1.125
OFF-0049,ROADS,Assistant Engineer,2023-12,15,14,93.3,3.3,0,0.0,0,0.347,1.125
OFF-0049,ROADS,Assistant Engineer,2024-01,22,17,77.3,3.4,0,0.0,1,0.401,1.125
OFF-0049,ROADS,Assistant Engineer,2024-02,21,20,95.2,1.4,0,0.0,0,0.243,1.125
OFF-0049,ROADS,Assistant Engineer,2024-03,21,16,76.2,2.5,0,0.0,2,0.325,1.125
OFF-0049,ROADS,Assistant Engineer,2024-04,17,16,94.1,0.6,0,0.0,1,0.16,1.125
OFF-0049,ROADS,Assistant Engineer,2024-05,15,11,73.3,0.5,0,0.0,4,0.138,1.125
OFF-0049,ROADS,Assistant Engineer,2024-06,28,23,82.1,2.9,0,0.0,0,0.402,1.125
OFF-0049,ROADS,Assistant Engineer,2024-07,33,27,81.8,1.7,0,0.0,1,0.344,1.125
OFF-0049,ROADS,Assistant Engineer,2024-08,30,23,76.7,2.7,0,0.0,2,0.405,1.125
OFF-0049,ROADS,Assistant Engineer,2024-09,25,21,84.0,0.9,0,0.0,1,0.237,1.125
OFF-0049,ROADS,Assistant Engineer,2024-10,22,18,81.8,2.7,0,0.0,1,0.351,1.125
OFF-0049,ROADS,Assistant Engineer,2024-11,15,12,80.0,2.6,0,0.0,2,0.298,1.125
OFF-0049,ROADS,Assistant Engineer,2024-12,22,21,95.5,0.9,0,0.0,0,0.215,1.125
OFF-0050,ROADS,Assistant Engineer,2022-01,42,41,97.6,1.8,0,0.0,0,0.413,1.168
OFF-0050,ROADS,Assistant Engineer,2022-02,34,30,88.2,1.2,0,0.0,1,0.315,1.168
OFF-0050,ROADS,Assistant Engineer,2022-03,36,30,83.3,0.5,0,0.0,4,0.277,1.168
OFF-0050,ROADS,Assistant Engineer,2022-04,44,35,79.5,2.1,0,0.0,0,0.45,1.168
OFF-0050,ROADS,Assistant Engineer,2022-05,40,30,75.0,1.7,0,0.0,0,0.393,1.168
OFF-0050,ROADS,Assistant Engineer,2022-06,66,53,80.3,1.1,0,0.0,0,0.481,1.168
OFF-0050,ROADS,Assistant Engineer,2022-07,47,45,95.7,1.2,0,0.0,0,0.405,1.168
OFF-0050,ROADS,Assistant Engineer,2022-08,63,61,96.8,0.5,0,0.0,1,0.438,1.168
OFF-0050,ROADS,Assistant Engineer,2022-09,62,55,88.7,0.5,0,0.0,4,0.438,1.168
OFF-0050,ROADS,Assistant Engineer,2022-10,41,40,97.6,0.5,0,0.0,1,0.311,1.168
OFF-0050,ROADS,Assistant Engineer,2022-11,38,36,94.7,2.1,0,0.0,1,0.412,1.168
OFF-0050,ROADS,Assistant Engineer,2022-12,36,35,97.2,1.1,0,0.0,1,0.319,1.168
OFF-0050,ROADS,Assistant Engineer,2023-01,39,37,94.9,1.4,0,0.0,2,0.363,1.168
OFF-0050,ROADS,Assistant Engineer,2023-02,40,38,95.0,1.4,0,0.0,0,0.371,1.168
OFF-0050,ROADS,Assistant Engineer,2023-03,38,37,97.4,1.7,0,0.0,2,0.385,1.168
OFF-0050,ROADS,Assistant Engineer,2023-04,43,42,97.7,1.6,0,0.0,1,0.405,1.168
OFF-0050,ROADS,Assistant Engineer,2023-05,42,34,81.0,2.4,0,0.0,0,0.461,1.168
OFF-0050,ROADS,Assistant Engineer,2023-06,51,49,96.1,2.1,0,0.0,0,0.495,1.168
OFF-0050,ROADS,Assistant Engineer,2023-07,54,51,94.4,0.8,0,0.0,2,0.42,1.168
OFF-0050,ROADS,Assistant Engineer,2023-08,74,62,83.8,2.9,0,0.0,0,0.616,1.168
OFF-0050,ROADS,Assistant Engineer,2023-09,59,55,93.2,1.1,0,0.0,1,0.478,1.168
OFF-0050,ROADS,Assistant Engineer,2023-10,45,44,97.8,1.7,0,0.0,1,0.428,1.168
OFF-0050,ROADS,Assistant Engineer,2023-11,34,27,79.4,2.4,0,0.0,2,0.407,1.168
OFF-0050,ROADS,Assistant Engineer,2023-12,41,38,92.7,3.0,0,0.0,0,0.499,1.168
OFF-0050,ROADS,Assistant Engineer,2024-01,33,32,97.0,1.4,0,0.0,1,0.326,1.168
OFF-0050,ROADS,Assistant Engineer,2024-02,38,37,97.4,1.9,0,0.0,0,0.393,1.168
OFF-0050,ROADS,Assistant Engineer,2024-03,42,36,85.7,1.5,0,0.0,1,0.391,1.168
OFF-0050,ROADS,Assistant Engineer,2024-04,46,45,97.8,0.5,0,0.0,1,0.344,1.168
OFF-0050,ROADS,Assistant Engineer,2024-05,33,27,81.8,3.5,0,0.0,2,0.483,1.168
OFF-0050,ROADS,Assistant Engineer,2024-06,63,60,95.2,1.0,0,0.0,0,0.476,1.168
OFF-0050,ROADS,Assistant Engineer,2024-07,78,67,85.9,0.5,0,0.0,2,0.438,1.168
OFF-0050,ROADS,Assistant Engineer,2024-08,59,57,96.6,0.9,0,0.0,0,0.46,1.168
OFF-0050,ROADS,Assistant Engineer,2024-09,57,55,96.5,3.0,0,0.0,2,0.603,1.168
OFF-0050,ROADS,Assistant Engineer,2024-10,40,33,82.5,1.5,0,0.0,0,0.383,1.168
OFF-0050,ROADS,Assistant Engineer,2024-11,46,45,97.8,1.9,0,0.0,3,0.452,1.168
OFF-0050,ROADS,Assistant Engineer,2024-12,35,34,97.1,2.2,0,0.0,0,0.402,1.168
OFF-0051,ROADS,Executive Engineer,2022-01,35,30,85.7,3.7,0,1.4,1,0.514,0.949
OFF-0051,ROADS,Executive Engineer,2022-02,40,34,85.0,2.1,0,0.9,3,0.425,0.949
OFF-0051,ROADS,Executive Engineer,2022-03,43,27,62.8,2.8,0,0.7,2,0.501,0.949
OFF-0051,ROADS,Executive Engineer,2022-04,47,34,72.3,1.8,0,1.7,0,0.454,0.949
OFF-0051,ROADS,Executive Engineer,2022-05,40,31,77.5,1.1,0,2.0,2,0.356,0.949
OFF-0051,ROADS,Executive Engineer,2022-06,66,48,72.7,1.0,0,0.6,1,0.48,0.949
OFF-0051,ROADS,Executive Engineer,2022-07,50,42,84.0,2.3,0,1.9,0,0.509,0.949
OFF-0051,ROADS,Executive Engineer,2022-08,79,59,74.7,0.5,0,0.7,0,0.44,0.949
OFF-0051,ROADS,Executive Engineer,2022-09,70,43,61.4,2.5,1,1.6,1,0.593,0.949
OFF-0051,ROADS,Executive Engineer,2022-10,52,38,73.1,1.0,0,1.3,1,0.428,0.949
OFF-0051,ROADS,Executive Engineer,2022-11,48,42,87.5,0.5,0,1.1,0,0.361,0.949
OFF-0051,ROADS,Executive Engineer,2022-12,39,27,69.2,2.4,0,0.5,0,0.44,0.949
OFF-0051,ROADS,Executive Engineer,2023-01,43,31,72.1,2.6,0,1.4,3,0.482,0.949
OFF-0051,ROADS,Executive Engineer,2023-02,47,37,78.7,2.2,0,1.5,2,0.481,0.949
OFF-0051,ROADS,Executive Engineer,2023-03,51,40,78.4,4.2,0,0.7,1,0.642,0.949
OFF-0051,ROADS,Executive Engineer,2023-04,49,36,73.5,0.8,0,1.4,0,0.394,0.949
OFF-0051,ROADS,Executive Engineer,2023-05,36,24,66.7,1.1,0,1.3,0,0.329,0.949
OFF-0051,ROADS,Executive Engineer,2023-06,50,38,76.0,3.5,0,1.7,0,0.599,0.949
OFF-0051,ROADS,Executive Engineer,2023-07,79,53,67.1,0.6,1,1.8,2,0.449,0.949
OFF-0051,ROADS,Executive Engineer,2023-08,61,38,62.3,1.4,1,1.9,2,0.513,0.949
OFF-0051,ROADS,Executive Engineer,2023-09,64,55,85.9,3.6,0,0.7,4,0.671,0.949
OFF-0051,ROADS,Executive Engineer,2023-10,41,31,75.6,1.4,0,1.6,1,0.386,0.949
OFF-0051,ROADS,Executive Engineer,2023-11,41,34,82.9,1.4,0,1.5,1,0.38,0.949
OFF-0051,ROADS,Executive Engineer,2023-12,47,36,76.6,2.3,0,0.6,1,0.484,0.949
OFF-0051,ROADS,Executive Engineer,2024-01,36,28,77.8,0.5,0,1.9,1,0.283,0.949
OFF-0051,ROADS,Executive Engineer,2024-02,38,26,68.4,1.5,0,1.0,2,0.372,0.949
OFF-0051,ROADS,Executive Engineer,2024-03,52,39,75.0,2.6,0,1.2,1,0.542,0.949
OFF-0051,ROADS,Executive Engineer,2024-04,38,27,71.1,3.4,0,1.0,1,0.512,0.949
OFF-0051,ROADS,Executive Engineer,2024-05,51,36,70.6,1.7,0,1.0,1,0.468,0.949
OFF-0051,ROADS,Executive Engineer,2024-06,55,49,89.1,2.9,0,1.6,0,0.591,0.949
OFF-0051,ROADS,Executive Engineer,2024-07,61,48,78.7,1.5,1,1.9,0,0.518,0.949
OFF-0051,ROADS,Executive Engineer,2024-08,75,64,85.3,3.7,0,1.1,0,0.68,0.949
OFF-0051,ROADS,Executive Engineer,2024-09,79,60,75.9,1.2,1,2.0,0,0.497,0.949
OFF-0051,ROADS,Executive Engineer,2024-10,36,25,69.4,1.4,0,0.8,1,0.348,0.949
OFF-0051,ROADS,Executive Engineer,2024-11,52,42,80.8,2.1,0,1.6,3,0.506,0.949
OFF-0051,ROADS,Executive Engineer,2024-12,39,26,66.7,1.9,0,1.5,1,0.41,0.949
OFF-0052,ROADS,Executive Engineer,2022-01,21,15,71.4,1.8,0,2.1,1,0.281,0.909
OFF-0052,ROADS,Executive Engineer,2022-02,20,16,80.0,2.7,0,3.4,0,0.343,0.909
OFF-0052,ROADS,Executive Engineer,2022-03,23,18,78.3,2.4,0,2.1,2,0.338,0.909
OFF-0052,ROADS,Executive Engineer,2022-04,20,15,75.0,2.1,0,1.5,1,0.294,0.909
OFF-0052,ROADS,Executive Engineer,2022-05,18,14,77.8,2.4,0,2.6,2,0.31,0.909
OFF-0052,ROADS,Executive Engineer,2022-06,29,20,69.0,2.2,0,1.4,4,0.363,0.909
OFF-0052,ROADS,Executive Engineer,2022-07,37,31,83.8,2.4,0,2.2,2,0.432,0.909
OFF-0052,ROADS,Executive Engineer,2022-08,22,18,81.8,0.5,0,2.2,4,0.191,0.909
OFF-0052,ROADS,Executive Engineer,2022-09,31,25,80.6,0.5,0,2.2,3,0.251,0.909
OFF-0052,ROADS,Executive Engineer,2022-10,19,14,73.7,2.4,0,2.9,2,0.317,0.909
OFF-0052,ROADS,Executive Engineer,2022-11,23,18,78.3,1.4,0,3.6,1,0.27,0.909
OFF-0052,ROADS,Executive Engineer,2022-12,19,13,68.4,3.1,0,3.2,2,0.371,0.909
OFF-0052,ROADS,Executive Engineer,2023-01,23,14,60.9,4.6,0,1.2,2,0.457,0.909
OFF-0052,ROADS,Executive Engineer,2023-02,19,11,57.9,2.4,0,2.2,1,0.311,0.909
OFF-0052,ROADS,Executive Engineer,2023-03,21,16,76.2,0.9,0,1.4,1,0.212,0.909
OFF-0052,ROADS,Executive Engineer,2023-04,17,12,70.6,1.4,0,1.9,0,0.228,0.909
OFF-0052,ROADS,Executive Engineer,2023-05,17,12,70.6,2.0,0,1.5,1,0.268,0.909
OFF-0052,ROADS,Executive Engineer,2023-06,32,21,65.6,2.0,0,3.0,0,0.374,0.909
OFF-0052,ROADS,Executive Engineer,2023-07,29,18,62.1,3.0,0,1.8,1,0.422,0.909
OFF-0052,ROADS,Executive Engineer,2023-08,33,25,75.8,0.6,1,3.5,1,0.278,0.909
OFF-0052,ROADS,Executive Engineer,2023-09,27,18,66.7,2.2,0,2.2,1,0.354,0.909
OFF-0052,ROADS,Executive Engineer,2023-10,20,13,65.0,0.7,0,1.0,2,0.19,0.909
OFF-0052,ROADS,Executive Engineer,2023-11,21,14,66.7,2.2,0,1.6,1,0.307,0.909
OFF-0052,ROADS,Executive Engineer,2023-12,21,17,81.0,2.9,0,1.7,1,0.364,0.909
OFF-0052,ROADS,Executive Engineer,2024-01,17,14,82.4,3.4,0,1.7,1,0.377,0.909
OFF-0052,ROADS,Executive Engineer,2024-02,19,14,73.7,1.5,0,2.7,1,0.247,0.909
OFF-0052,ROADS,Executive Engineer,2024-03,21,14,66.7,2.4,0,3.5,1,0.332,0.909
OFF-0052,ROADS,Executive Engineer,2024-04,19,15,78.9,1.6,0,3.3,2,0.26,0.909
OFF-0052,ROADS,Executive Engineer,2024-05,19,15,78.9,2.4,0,1.3,0,0.308,0.909
OFF-0052,ROADS,Executive Engineer,2024-06,24,16,66.7,2.5,0,3.0,0,0.356,0.909
OFF-0052,ROADS,Executive Engineer,2024-07,35,29,82.9,1.2,0,1.3,1,0.325,0.909
OFF-0052,ROADS,Executive Engineer,2024-08,28,17,60.7,1.1,0,2.9,4,0.281,0.909
OFF-0052,ROADS,Executive Engineer,2024-09,34,28,82.4,1.4,0,1.8,1,0.339,0.909
OFF-0052,ROADS,Executive Engineer,2024-10,20,16,80.0,3.4,0,1.3,3,0.395,0.909
OFF-0052,ROADS,Executive Engineer,2024-11,21,15,71.4,2.4,0,3.5,2,0.331,0.909
OFF-0052,ROADS,Executive Engineer,2024-12,20,13,65.0,3.0,0,2.8,1,0.363,0.909
OFF-0053,ROADS,Junior Engineer,2022-01,15,11,73.3,3.0,0,0.7,0,0.33,0.977
OFF-0053,ROADS,Junior Engineer,2022-02,16,14,87.5,3.1,0,0.4,1,0.344,0.977
OFF-0053,ROADS,Junior Engineer,2022-03,14,12,85.7,2.5,0,0.6,3,0.286,0.977
OFF-0053,ROADS,Junior Engineer,2022-04,17,13,76.5,3.5,0,0.9,2,0.378,0.977
OFF-0053,ROADS,Junior Engineer,2022-05,19,16,84.2,1.7,0,0.8,2,0.258,0.977
OFF-0053,ROADS,Junior Engineer,2022-06,25,21,84.0,1.6,0,0.5,2,0.29,0.977
OFF-0053,ROADS,Junior Engineer,2022-07,25,16,64.0,2.8,0,0.4,1,0.379,0.977
OFF-0053,ROADS,Junior Engineer,2022-08,25,16,64.0,3.5,0,0.4,3,0.434,0.977
OFF-0053,ROADS,Junior Engineer,2022-09,33,23,69.7,1.3,0,0.6,2,0.318,0.977
OFF-0053,ROADS,Junior Engineer,2022-10,16,10,62.5,1.8,0,0.3,1,0.239,0.977
OFF-0053,ROADS,Junior Engineer,2022-11,19,16,84.2,2.0,0,0.3,0,0.276,0.977
OFF-0053,ROADS,Junior Engineer,2022-12,20,18,90.0,3.0,0,0.8,1,0.358,0.977
OFF-0053,ROADS,Junior Engineer,2023-01,16,11,68.8,1.5,0,0.8,1,0.222,0.977
OFF-0053,ROADS,Junior Engineer,2023-02,13,9,69.2,1.9,0,0.4,3,0.228,0.977
OFF-0053,ROADS,Junior Engineer,2023-03,15,10,66.7,1.5,0,0.9,2,0.218,0.977
OFF-0053,ROADS,Junior Engineer,2023-04,20,17,85.0,3.5,0,0.3,0,0.397,0.977
OFF-0053,ROADS,Junior Engineer,2023-05,16,11,68.8,2.3,0,0.5,1,0.279,0.977
OFF-0053,ROADS,Junior Engineer,2023-06,23,20,87.0,1.9,0,0.3,1,0.298,0.977
OFF-0053,ROADS,Junior Engineer,2023-07,22,19,86.4,1.5,0,0.8,3,0.259,0.977
OFF-0053,ROADS,Junior Engineer,2023-08,24,21,87.5,1.7,0,0.7,3,0.29,0.977
OFF-0053,ROADS,Junior Engineer,2023-09,28,23,82.1,1.2,0,0.4,1,0.276,0.977
OFF-0053,ROADS,Junior Engineer,2023-10,16,10,62.5,2.6,0,0.4,0,0.303,0.977
OFF-0053,ROADS,Junior Engineer,2023-11,18,15,83.3,2.6,0,0.9,1,0.318,0.977
OFF-0053,ROADS,Junior Engineer,2023-12,14,12,85.7,2.8,0,0.6,1,0.303,0.977
OFF-0053,ROADS,Junior Engineer,2024-01,17,12,70.6,0.5,0,0.7,0,0.153,0.977
OFF-0053,ROADS,Junior Engineer,2024-02,16,10,62.5,2.7,0,0.8,2,0.311,0.977
OFF-0053,ROADS,Junior Engineer,2024-03,13,10,76.9,1.8,0,0.5,1,0.225,0.977
OFF-0053,ROADS,Junior Engineer,2024-04,14,10,71.4,0.5,0,0.6,0,0.133,0.977
OFF-0053,ROADS,Junior Engineer,2024-05,15,11,73.3,0.7,0,0.6,1,0.157,0.977
OFF-0053,ROADS,Junior Engineer,2024-06,26,18,69.2,3.4,0,0.5,3,0.428,0.977
OFF-0053,ROADS,Junior Engineer,2024-07,19,15,78.9,2.3,0,0.2,2,0.3,0.977
OFF-0053,ROADS,Junior Engineer,2024-08,28,24,85.7,3.6,0,0.8,1,0.457,0.977
OFF-0053,ROADS,Junior Engineer,2024-09,28,25,89.3,2.3,0,0.7,2,0.359,0.977
OFF-0053,ROADS,Junior Engineer,2024-10,18,15,83.3,2.2,0,0.2,4,0.285,0.977
OFF-0053,ROADS,Junior Engineer,2024-11,14,9,64.3,4.0,0,0.3,3,0.394,0.977
OFF-0053,ROADS,Junior Engineer,2024-12,17,11,64.7,2.1,0,0.6,2,0.271,0.977
OFF-0054,ROADS,Assistant Engineer,2022-01,39,27,69.2,1.8,0,1.5,0,0.403,0.928
OFF-0054,ROADS,Assistant Engineer,2022-02,35,21,60.0,2.4,0,0.9,3,0.416,0.928
OFF-0054,ROADS,Assistant Engineer,2022-03,34,25,73.5,3.1,0,1.7,4,0.463,0.928
OFF-0054,ROADS,Assistant Engineer,2022-04,36,23,63.9,1.2,0,1.8,0,0.337,0.928
OFF-0054,ROADS,Assistant Engineer,2022-05,41,25,61.0,1.2,0,1.3,0,0.367,0.928
OFF-0054,ROADS,Assistant Engineer,2022-06,68,43,63.2,0.5,1,2.1,0,0.444,0.928
OFF-0054,ROADS,Assistant Engineer,2022-07,73,54,74.0,1.0,1,2.7,0,0.481,0.928
OFF-0054,ROADS,Assistant Engineer,2022-08,60,44,73.3,2.6,1,1.9,0,0.602,0.928
OFF-0054,ROADS,Assistant Engineer,2022-09,56,40,71.4,3.9,0,1.7,0,0.668,0.928
OFF-0054,ROADS,Assistant Engineer,2022-10,39,32,82.1,0.7,0,2.4,1,0.319,0.928
OFF-0054,ROADS,Assistant Engineer,2022-11,42,28,66.7,0.9,1,2.9,1,0.359,0.928
OFF-0054,ROADS,Assistant Engineer,2022-12,44,28,63.6,0.5,1,2.5,0,0.338,0.928
OFF-0054,ROADS,Assistant Engineer,2023-01,41,35,85.4,3.7,0,1.0,1,0.557,0.928
OFF-0054,ROADS,Assistant Engineer,2023-02,36,24,66.7,2.0,0,2.8,2,0.398,0.928
OFF-0054,ROADS,Assistant Engineer,2023-03,35,24,68.6,2.1,0,1.4,3,0.398,0.928
OFF-0054,ROADS,Assistant Engineer,2023-04,42,34,81.0,0.9,1,2.4,2,0.354,0.928
OFF-0054,ROADS,Assistant Engineer,2023-05,40,29,72.5,2.6,0,1.7,0,0.464,0.928
OFF-0054,ROADS,Assistant Engineer,2023-06,61,50,82.0,2.0,1,2.6,0,0.561,0.928
OFF-0054,ROADS,Assistant Engineer,2023-07,52,31,59.6,1.9,0,1.8,1,0.494,0.928
OFF-0054,ROADS,Assistant Engineer,2023-08,55,42,76.4,0.7,0,1.2,1,0.424,0.928
OFF-0054,ROADS,Assistant Engineer,2023-09,51,38,74.5,0.5,0,1.4,0,0.382,0.928
OFF-0054,ROADS,Assistant Engineer,2023-10,43,29,67.4,0.6,1,2.7,0,0.337,0.928
OFF-0054,ROADS,Assistant Engineer,2023-11,32,21,65.6,3.3,0,0.9,2,0.465,0.928
OFF-0054,ROADS,Assistant Engineer,2023-12,39,26,66.7,3.3,0,2.3,0,0.512,0.928
OFF-0054,ROADS,Assistant Engineer,2024-01,41,24,58.5,3.3,1,2.5,0,0.525,0.928
OFF-0054,ROADS,Assistant Engineer,2024-02,43,30,69.8,2.8,0,0.8,3,0.495,0.928
OFF-0054,ROADS,Assistant Engineer,2024-03,44,28,63.6,1.4,0,1.3,4,0.4,0.928
OFF-0054,ROADS,Assistant Engineer,2024-04,45,33,73.3,1.6,1,2.2,1,0.425,0.928
OFF-0054,ROADS,Assistant Engineer,2024-05,36,21,58.3,1.1,0,2.6,3,0.331,0.928
OFF-0054,ROADS,Assistant Engineer,2024-06,62,41,66.1,3.3,0,1.2,3,0.652,0.928
OFF-0054,ROADS,Assistant Engineer,2024-07,55,35,63.6,2.4,1,1.9,0,0.551,0.928
OFF-0054,ROADS,Assistant Engineer,2024-08,56,39,69.6,1.5,1,2.4,3,0.492,0.928
OFF-0054,ROADS,Assistant Engineer,2024-09,58,38,65.5,1.0,1,2.3,3,0.465,0.928
OFF-0054,ROADS,Assistant Engineer,2024-10,33,20,60.6,1.6,0,2.2,1,0.347,0.928
OFF-0054,ROADS,Assistant Engineer,2024-11,35,23,65.7,3.4,0,1.7,0,0.494,0.928
OFF-0054,ROADS,Assistant Engineer,2024-12,41,32,78.0,2.9,0,1.6,1,0.497,0.928
OFF-0055,ROADS,Junior Engineer,2022-01,22,21,95.5,1.7,0,0.0,0,0.273,1.168
OFF-0055,ROADS,Junior Engineer,2022-02,20,19,95.0,0.5,0,0.0,2,0.171,1.168
OFF-0055,ROADS,Junior Engineer,2022-03,18,17,94.4,1.3,0,0.0,0,0.217,1.168
OFF-0055,ROADS,Junior Engineer,2022-04,23,20,87.0,2.0,0,0.0,1,0.307,1.168
OFF-0055,ROADS,Junior Engineer,2022-05,16,15,93.8,1.2,0,0.0,1,0.199,1.168
OFF-0055,ROADS,Junior Engineer,2022-06,37,36,97.3,1.0,0,0.0,2,0.325,1.168
OFF-0055,ROADS,Junior Engineer,2022-07,38,30,78.9,3.8,0,0.0,0,0.538,1.168
OFF-0055,ROADS,Junior Engineer,2022-08,28,26,92.9,2.0,0,0.0,2,0.339,1.168
OFF-0055,ROADS,Junior Engineer,2022-09,28,22,78.6,1.3,0,0.0,1,0.287,1.168
OFF-0055,ROADS,Junior Engineer,2022-10,21,16,76.2,1.6,0,0.0,1,0.262,1.168
OFF-0055,ROADS,Junior Engineer,2022-11,17,14,82.4,2.0,0,0.0,0,0.266,1.168
OFF-0055,ROADS,Junior Engineer,2022-12,23,18,78.3,0.9,0,0.0,0,0.222,1.168
OFF-0055,ROADS,Junior Engineer,2023-01,17,15,88.2,1.3,0,0.0,1,0.214,1.168
OFF-0055,ROADS,Junior Engineer,2023-02,21,20,95.2,1.6,0,0.0,0,0.258,1.168
OFF-0055,ROADS,Junior Engineer,2023-03,23,22,95.7,0.8,0,0.0,1,0.216,1.168
OFF-0055,ROADS,Junior Engineer,2023-04,21,18,85.7,1.5,0,0.0,0,0.25,1.168
OFF-0055,ROADS,Junior Engineer,2023-05,19,18,94.7,1.6,0,0.0,3,0.248,1.168
OFF-0055,ROADS,Junior Engineer,2023-06,29,27,93.1,1.1,0,0.0,4,0.277,1.168
OFF-0055,ROADS,Junior Engineer,2023-07,31,26,83.9,2.9,0,0.0,1,0.423,1.168
OFF-0055,ROADS,Junior Engineer,2023-08,33,28,84.8,0.9,0,0.0,0,0.285,1.168
OFF-0055,ROADS,Junior Engineer,2023-09,30,29,96.7,1.5,0,0.0,0,0.315,1.168
OFF-0055,ROADS,Junior Engineer,2023-10,20,16,80.0,0.5,0,0.0,0,0.171,1.168
OFF-0055,ROADS,Junior Engineer,2023-11,18,15,83.3,1.0,0,0.0,1,0.194,1.168
OFF-0055,ROADS,Junior Engineer,2023-12,16,13,81.2,2.2,0,0.0,2,0.273,1.168
OFF-0055,ROADS,Junior Engineer,2024-01,16,14,87.5,0.5,0,0.0,1,0.144,1.168
OFF-0055,ROADS,Junior Engineer,2024-02,21,20,95.2,1.7,0,0.0,1,0.269,1.168
OFF-0055,ROADS,Junior Engineer,2024-03,16,12,75.0,0.5,0,0.0,2,0.144,1.168
OFF-0055,ROADS,Junior Engineer,2024-04,20,18,90.0,2.0,0,0.0,1,0.287,1.168
OFF-0055,ROADS,Junior Engineer,2024-05,16,15,93.8,1.9,0,0.0,1,0.249,1.168
OFF-0055,ROADS,Junior Engineer,2024-06,35,26,74.3,3.4,0,0.0,1,0.486,1.168
OFF-0055,ROADS,Junior Engineer,2024-07,24,23,95.8,2.0,0,0.0,1,0.311,1.168
OFF-0055,ROADS,Junior Engineer,2024-08,40,37,92.5,1.3,0,0.0,2,0.363,1.168
OFF-0055,ROADS,Junior Engineer,2024-09,26,25,96.2,3.9,0,0.0,0,0.469,1.168
OFF-0055,ROADS,Junior Engineer,2024-10,23,22,95.7,1.9,0,0.0,1,0.292,1.168
OFF-0055,ROADS,Junior Engineer,2024-11,21,20,95.2,0.5,0,0.0,2,0.177,1.168
OFF-0055,ROADS,Junior Engineer,2024-12,22,21,95.5,0.5,0,0.0,3,0.184,1.168
OFF-0056,ROADS,Assistant Engineer,2022-01,31,25,80.6,2.6,0,2.4,1,0.406,0.925
OFF-0056,ROADS,Assistant Engineer,2022-02,24,20,83.3,2.4,0,0.9,1,0.343,0.925
OFF-0056,ROADS,Assistant Engineer,2022-03,28,18,64.3,2.9,0,1.4,1,0.407,0.925
OFF-0056,ROADS,Assistant Engineer,2022-04,32,25,78.1,1.7,0,2.7,3,0.347,0.925
OFF-0056,ROADS,Assistant Engineer,2022-05,30,20,66.7,3.4,0,2.5,1,0.46,0.925
OFF-0056,ROADS,Assistant Engineer,2022-06,30,23,76.7,1.2,0,1.7,1,0.296,0.925
OFF-0056,ROADS,Assistant Engineer,2022-07,39,31,79.5,1.2,0,2.5,3,0.361,0.925
OFF-0056,ROADS,Assistant Engineer,2022-08,39,29,74.4,3.8,0,0.8,1,0.545,0.925
OFF-0056,ROADS,Assistant Engineer,2022-09,42,31,73.8,3.2,0,1.4,2,0.525,0.925
OFF-0056,ROADS,Assistant Engineer,2022-10,25,18,72.0,1.5,0,1.9,0,0.288,0.925
OFF-0056,ROADS,Assistant Engineer,2022-11,26,22,84.6,3.3,0,0.9,2,0.425,0.925
OFF-0056,ROADS,Assistant Engineer,2022-12,31,26,83.9,2.3,0,1.6,1,0.388,0.925
OFF-0056,ROADS,Assistant Engineer,2023-01,26,17,65.4,3.1,0,2.2,0,0.409,0.925
OFF-0056,ROADS,Assistant Engineer,2023-02,30,18,60.0,2.3,0,2.9,1,0.379,0.925
OFF-0056,ROADS,Assistant Engineer,2023-03,32,25,78.1,1.4,0,0.8,1,0.32,0.925
OFF-0056,ROADS,Assistant Engineer,2023-04,26,18,69.2,0.9,0,1.7,2,0.244,0.925
OFF-0056,ROADS,Assistant Engineer,2023-05,25,21,84.0,2.5,0,2.3,2,0.363,0.925
OFF-0056,ROADS,Assistant Engineer,2023-06,41,33,80.5,1.8,0,0.8,2,0.411,0.925
OFF-0056,ROADS,Assistant Engineer,2023-07,41,33,80.5,2.2,0,1.0,1,0.44,0.925
OFF-0056,ROADS,Assistant Engineer,2023-08,48,35,72.9,1.8,0,1.1,3,0.457,0.925
OFF-0056,ROADS,Assistant Engineer,2023-09,41,26,63.4,0.5,1,2.5,0,0.318,0.925
OFF-0056,ROADS,Assistant Engineer,2023-10,22,18,81.8,0.6,0,2.6,1,0.202,0.925
OFF-0056,ROADS,Assistant Engineer,2023-11,26,20,76.9,4.3,0,1.6,1,0.478,0.925
OFF-0056,ROADS,Assistant Engineer,2023-12,23,18,78.3,1.6,0,1.2,1,0.278,0.925
OFF-0056,ROADS,Assistant Engineer,2024-01,30,20,66.7,1.5,0,1.3,2,0.316,0.925
OFF-0056,ROADS,Assistant Engineer,2024-02,24,17,70.8,2.2,0,2.7,2,0.337,0.925
OFF-0056,ROADS,Assistant Engineer,2024-03,25,16,64.0,3.4,0,1.7,2,0.425,0.925
OFF-0056,ROADS,Assistant Engineer,2024-04,32,24,75.0,1.1,0,0.8,0,0.3,0.925
OFF-0056,ROADS,Assistant Engineer,2024-05,30,25,83.3,3.1,0,1.8,0,0.437,0.925
OFF-0056,ROADS,Assistant Engineer,2024-06,44,38,86.4,2.0,0,1.3,0,0.445,0.925
OFF-0056,ROADS,Assistant Engineer,2024-07,43,29,67.4,3.4,0,1.3,4,0.546,0.925
OFF-0056,ROADS,Assistant Engineer,2024-08,48,41,85.4,2.3,0,2.0,3,0.497,0.925
OFF-0056,ROADS,Assistant Engineer,2024-09,38,25,65.8,2.8,1,2.9,2,0.47,0.925
OFF-0056,ROADS,Assistant Engineer,2024-10,30,21,70.0,1.4,0,1.0,0,0.311,0.925
OFF-0056,ROADS,Assistant Engineer,2024-11,28,23,82.1,2.7,0,1.2,1,0.394,0.925
OFF-0056,ROADS,Assistant Engineer,2024-12,23,16,69.6,0.5,0,1.1,0,0.194,0.925
OFF-0057,ROADS,Coordinator,2022-01,53,38,71.7,2.7,0,1.4,2,0.559,0.955
OFF-0057,ROADS,Coordinator,2022-02,38,31,81.6,2.6,0,0.6,4,0.448,0.955
OFF-0057,ROADS,Coordinator,2022-03,36,23,63.9,3.2,0,1.4,1,0.482,0.955
OFF-0057,ROADS,Coordinator,2022-04,43,38,88.4,2.0,0,0.6,1,0.437,0.955
OFF-0057,ROADS,Coordinator,2022-05,46,35,76.1,0.5,0,1.4,0,0.352,0.955
OFF-0057,ROADS,Coordinator,2022-06,78,55,70.5,2.0,1,1.7,4,0.557,0.955
OFF-0057,ROADS,Coordinator,2022-07,79,59,74.7,1.8,0,0.9,1,0.534,0.955
OFF-0057,ROADS,Coordinator,2022-08,80,71,88.8,1.7,1,1.7,2,0.535,0.955
OFF-0057,ROADS,Coordinator,2022-09,83,66,79.5,2.8,1,1.3,1,0.612,0.955
OFF-0057,ROADS,Coordinator,2022-10,53,33,62.3,3.8,0,1.1,0,0.644,0.955
OFF-0057,ROADS,Coordinator,2022-11,41,30,73.2,1.8,0,0.6,2,0.412,0.955
OFF-0057,ROADS,Coordinator,2022-12,42,36,85.7,2.5,0,0.5,2,0.472,0.955
OFF-0057,ROADS,Coordinator,2023-01,37,32,86.5,1.3,0,1.2,1,0.346,0.955
OFF-0057,ROADS,Coordinator,2023-02,38,32,84.2,5.2,0,1.0,0,0.556,0.955
OFF-0057,ROADS,Coordinator,2023-03,37,30,81.1,1.9,0,0.5,0,0.391,0.955
OFF-0057,ROADS,Coordinator,2023-04,36,26,72.2,2.5,0,1.2,1,0.431,0.955
OFF-0057,ROADS,Coordinator,2023-05,46,36,78.3,1.4,0,1.3,1,0.416,0.955
OFF-0057,ROADS,Coordinator,2023-06,62,44,71.0,2.0,0,0.8,1,0.556,0.955
OFF-0057,ROADS,Coordinator,2023-07,64,48,75.0,1.4,0,0.7,1,0.509,0.955
OFF-0057,ROADS,Coordinator,2023-08,72,56,77.8,3.3,0,0.8,1,0.652,0.955
OFF-0057,ROADS,Coordinator,2023-09,70,52,74.3,1.0,1,1.7,1,0.479,0.955
OFF-0057,ROADS,Coordinator,2023-10,45,36,80.0,1.4,0,1.5,1,0.411,0.955
OFF-0057,ROADS,Coordinator,2023-11,47,36,76.6,1.7,0,0.9,1,0.44,0.955
OFF-0057,ROADS,Coordinator,2023-12,39,34,87.2,1.4,0,1.6,2,0.367,0.955
OFF-0057,ROADS,Coordinator,2024-01,51,36,70.6,2.5,0,1.0,0,0.528,0.955
OFF-0057,ROADS,Coordinator,2024-02,47,32,68.1,2.3,0,0.6,2,0.489,0.955
OFF-0057,ROADS,Coordinator,2024-03,53,38,71.7,2.5,0,0.8,2,0.54,0.955
OFF-0057,ROADS,Coordinator,2024-04,41,34,82.9,0.5,0,0.5,2,0.312,0.955
OFF-0057,ROADS,Coordinator,2024-05,46,34,73.9,1.6,0,1.5,1,0.428,0.955
OFF-0057,ROADS,Coordinator,2024-06,67,47,70.1,3.3,1,1.5,1,0.649,0.955
OFF-0057,ROADS,Coordinator,2024-07,73,58,79.5,3.4,0,1.1,1,0.657,0.955
OFF-0057,ROADS,Coordinator,2024-08,86,60,69.8,0.5,1,1.4,0,0.442,0.955
OFF-0057,ROADS,Coordinator,2024-09,61,43,70.5,2.5,0,0.7,3,0.587,0.955
OFF-0057,ROADS,Coordinator,2024-10,46,32,69.6,3.5,0,0.6,1,0.568,0.955
OFF-0057,ROADS,Coordinator,2024-11,40,30,75.0,2.4,0,1.4,2,0.449,0.955
OFF-0057,ROADS,Coordinator,2024-12,49,38,77.6,1.3,0,1.7,1,0.432,0.955
OFF-0058,ROADS,Executive Engineer,2022-01,12,10,83.3,1.8,0,1.2,2,0.217,0.958
OFF-0058,ROADS,Executive Engineer,2022-02,12,9,75.0,3.3,0,0.8,2,0.331,0.958
OFF-0058,ROADS,Executive Engineer,2022-03,17,15,88.2,2.0,0,0.4,2,0.262,0.958
OFF-0058,ROADS,Executive Engineer,2022-04,14,11,78.6,1.1,0,1.4,0,0.177,0.958
OFF-0058,ROADS,Executive Engineer,2022-05,16,11,68.8,2.5,0,0.9,0,0.298,0.958
OFF-0058,ROADS,Executive Engineer,2022-06,26,20,76.9,2.7,0,0.7,2,0.376,0.958
OFF-0058,ROADS,Executive Engineer,2022-07,19,14,73.7,2.1,0,1.4,2,0.285,0.958
OFF-0058,ROADS,Executive Engineer,2022-08,25,17,68.0,3.0,0,1.0,2,0.398,0.958
OFF-0058,ROADS,Executive Engineer,2022-09,25,17,68.0,1.4,0,1.6,1,0.275,0.958
OFF-0058,ROADS,Executive Engineer,2022-10,13,9,69.2,0.5,0,0.5,3,0.126,0.958
OFF-0058,ROADS,Executive Engineer,2022-11,14,9,64.3,2.9,0,1.5,2,0.312,0.958
OFF-0058,ROADS,Executive Engineer,2022-12,14,9,64.3,1.9,0,1.0,1,0.237,0.958
OFF-0058,ROADS,Executive Engineer,2023-01,15,10,66.7,3.5,0,0.6,0,0.363,0.958
OFF-0058,ROADS,Executive Engineer,2023-02,13,8,61.5,2.6,0,0.7,1,0.286,0.958
OFF-0058,ROADS,Executive Engineer,2023-03,17,11,64.7,1.4,0,0.7,1,0.223,0.958
OFF-0058,ROADS,Executive Engineer,2023-04,16,11,68.8,3.6,0,1.5,0,0.381,0.958
OFF-0058,ROADS,Executive Engineer,2023-05,17,10,58.8,1.9,0,1.2,2,0.259,0.958
OFF-0058,ROADS,Executive Engineer,2023-06,22,16,72.7,3.1,0,0.9,0,0.379,0.958
OFF-0058,ROADS,Executive Engineer,2023-07,21,17,81.0,1.3,0,0.7,1,0.239,0.958
OFF-0058,ROADS,Executive Engineer,2023-08,25,20,80.0,1.0,0,0.6,0,0.241,0.958
OFF-0058,ROADS,Executive Engineer,2023-09,27,17,63.0,1.6,0,1.3,1,0.306,0.958
OFF-0058,ROADS,Executive Engineer,2023-10,16,12,75.0,0.5,0,0.7,3,0.146,0.958
OFF-0058,ROADS,Executive Engineer,2023-11,15,11,73.3,0.5,0,1.0,1,0.14,0.958
OFF-0058,ROADS,Executive Engineer,2023-12,16,12,75.0,3.9,0,1.6,3,0.4,0.958
OFF-0058,ROADS,Executive Engineer,2024-01,17,15,88.2,1.4,0,0.9,0,0.221,0.958
OFF-0058,ROADS,Executive Engineer,2024-02,16,13,81.2,1.9,0,0.8,1,0.252,0.958
OFF-0058,ROADS,Executive Engineer,2024-03,12,9,75.0,3.7,0,0.9,0,0.358,0.958
OFF-0058,ROADS,Executive Engineer,2024-04,16,11,68.8,1.7,0,1.2,4,0.239,0.958
OFF-0058,ROADS,Executive Engineer,2024-05,17,14,82.4,3.0,0,0.6,2,0.338,0.958
OFF-0058,ROADS,Executive Engineer,2024-06,27,18,66.7,2.4,0,0.6,0,0.361,0.958
OFF-0058,ROADS,Executive Engineer,2024-07,19,16,84.2,0.8,0,0.6,0,0.189,0.958
OFF-0058,ROADS,Executive Engineer,2024-08,22,15,68.2,2.6,0,0.6,3,0.345,0.958
OFF-0058,ROADS,Executive Engineer,2024-09,21,13,61.9,2.7,0,0.6,3,0.343,0.958
OFF-0058,ROADS,Executive Engineer,2024-10,14,11,78.6,2.4,0,0.5,0,0.273,0.958
OFF-0058,ROADS,Executive Engineer,2024-11,14,8,57.1,1.2,0,1.1,2,0.188,0.958
OFF-0058,ROADS,Executive Engineer,2024-12,17,10,58.8,2.8,0,1.6,1,0.327,0.958
OFF-0059,ROADS,Assistant Engineer,2022-01,31,23,74.2,4.2,0,0.0,1,0.507,1.023
OFF-0059,ROADS,Assistant Engineer,2022-02,34,32,94.1,2.0,0,0.0,0,0.378,1.023
OFF-0059,ROADS,Assistant Engineer,2022-03,34,32,94.1,2.1,0,0.0,2,0.382,1.023
OFF-0059,ROADS,Assistant Engineer,2022-04,41,31,75.6,1.2,0,0.0,0,0.362,1.023
OFF-0059,ROADS,Assistant Engineer,2022-05,28,26,92.9,0.5,0,0.0,1,0.224,1.023
OFF-0059,ROADS,Assistant Engineer,2022-06,40,34,85.0,0.5,0,0.0,1,0.307,1.023
OFF-0059,ROADS,Assistant Engineer,2022-07,50,46,92.0,2.7,0,0.0,3,0.536,1.023
OFF-0059,ROADS,Assistant Engineer,2022-08,70,58,82.9,1.7,0,0.0,4,0.526,1.023
OFF-0059,ROADS,Assistant Engineer,2022-09,61,44,72.1,2.2,0,0.0,0,0.566,1.023
OFF-0059,ROADS,Assistant Engineer,2022-10,29,28,96.6,2.4,0,0.0,2,0.371,1.023
OFF-0059,ROADS,Assistant Engineer,2022-11,31,27,87.1,1.3,0,0.0,2,0.302,1.023
OFF-0059,ROADS,Assistant Engineer,2022-12,40,33,82.5,0.5,0,0.0,3,0.304,1.023
OFF-0059,ROADS,Assistant Engineer,2023-01,31,23,74.2,3.1,0,0.0,0,0.436,1.023
OFF-0059,ROADS,Assistant Engineer,2023-02,40,27,67.5,1.3,0,0.0,0,0.361,1.023
OFF-0059,ROADS,Assistant Engineer,2023-03,33,26,78.8,2.3,0,0.0,3,0.391,1.023
OFF-0059,ROADS,Assistant Engineer,2023-04,33,30,90.9,1.4,0,0.0,1,0.321,1.023
OFF-0059,ROADS,Assistant Engineer,2023-05,40,31,77.5,2.1,0,0.0,4,0.425,1.023
OFF-0059,ROADS,Assistant Engineer,2023-06,60,53,88.3,3.4,0,0.0,1,0.658,1.023
OFF-0059,ROADS,Assistant Engineer,2023-07,58,44,75.9,1.4,0,0.0,3,0.494,1.023
OFF-0059,ROADS,Assistant Engineer,2023-08,41,36,87.8,3.9,0,0.0,1,0.565,1.023
OFF-0059,ROADS,Assistant Engineer,2023-09,62,43,69.4,3.0,0,0.0,0,0.628,1.023
OFF-0059,ROADS,Assistant Engineer,2023-10,29,21,72.4,2.2,0,0.0,3,0.36,1.023
OFF-0059,ROADS,Assistant Engineer,2023-11,32,29,90.6,0.8,0,0.0,2,0.272,1.023
OFF-0059,ROADS,Assistant Engineer,2023-12,30,23,76.7,1.3,0,0.0,0,0.295,1.023
OFF-0059,ROADS,Assistant Engineer,2024-01,28,24,85.7,3.0,0,0.0,1,0.408,1.023
OFF-0059,ROADS,Assistant Engineer,2024-02,37,25,67.6,0.5,0,0.0,3,0.284,1.023
OFF-0059,ROADS,Assistant Engineer,2024-03,35,27,77.1,1.9,0,0.0,0,0.374,1.023
OFF-0059,ROADS,Assistant Engineer,2024-04,38,28,73.7,2.6,0,0.0,1,0.445,1.023
OFF-0059,ROADS,Assistant Engineer,2024-05,40,29,72.5,2.1,0,0.0,1,0.421,1.023
OFF-0059,ROADS,Assistant Engineer,2024-06,56,40,71.4,2.4,0,0.0,3,0.555,1.023
OFF-0059,ROADS,Assistant Engineer,2024-07,62,56,90.3,0.5,0,0.0,1,0.438,1.023
OFF-0059,ROADS,Assistant Engineer,2024-08,69,56,81.2,0.7,0,0.0,1,0.449,1.023
OFF-0059,ROADS,Assistant Engineer,2024-09,49,41,83.7,4.5,0,0.0,2,0.627,1.023
OFF-0059,ROADS,Assistant Engineer,2024-10,35,30,85.7,1.9,0,0.0,1,0.379,1.023
OFF-0059,ROADS,Assistant Engineer,2024-11,28,19,67.9,2.1,0,0.0,3,0.343,1.023
OFF-0059,ROADS,Assistant Engineer,2024-12,39,35,89.7,3.3,0,0.0,4,0.509,1.023
OFF-0060,ROADS,Coordinator,2022-01,38,33,86.8,0.5,0,1.7,1,0.299,0.955
OFF-0060,ROADS,Coordinator,2022-02,37,30,81.1,1.4,0,0.8,4,0.355,0.955
OFF-0060,ROADS,Coordinator,2022-03,38,26,68.4,2.7,0,1.4,1,0.46,0.955
OFF-0060,ROADS,Coordinator,2022-04,34,28,82.4,1.5,0,0.8,2,0.34,0.955
OFF-0060,ROADS,Coordinator,2022-05,47,32,68.1,3.1,0,1.7,2,0.552,0.955
OFF-0060,ROADS,Coordinator,2022-06,80,57,71.2,2.8,0,0.5,2,0.61,0.955
OFF-0060,ROADS,Coordinator,2022-07,59,45,76.3,0.9,0,0.6,0,0.46,0.955
OFF-0060,ROADS,Coordinator,2022-08,59,40,67.8,3.7,0,0.8,0,0.675,0.955
OFF-0060,ROADS,Coordinator,2022-09,64,42,65.6,3.1,1,1.8,3,0.637,0.955
OFF-0060,ROADS,Coordinator,2022-10,33,24,72.7,4.5,0,0.9,0,0.523,0.955
OFF-0060,ROADS,Coordinator,2022-11,38,32,84.2,1.4,0,0.5,4,0.361,0.955
OFF-0060,ROADS,Coordinator,2022-12,32,25,78.1,1.8,0,0.8,0,0.352,0.955
OFF-0060,ROADS,Coordinator,2023-01,43,32,74.4,2.0,0,0.9,0,0.442,0.955
OFF-0060,ROADS,Coordinator,2023-02,44,27,61.4,3.4,0,0.9,0,0.548,0.955
OFF-0060,ROADS,Coordinator,2023-03,37,29,78.4,2.7,0,0.6,0,0.45,0.955
OFF-0060,ROADS,Coordinator,2023-04,41,27,65.9,2.3,0,1.4,0,0.449,0.955
OFF-0060,ROADS,Coordinator,2023-05,43,36,83.7,0.9,0,1.5,1,0.36,0.955
OFF-0060,ROADS,Coordinator,2023-06,66,58,87.9,3.4,0,0.5,3,0.66,0.955
OFF-0060,ROADS,Coordinator,2023-07,52,44,84.6,2.2,0,1.7,1,0.514,0.955
OFF-0060,ROADS,Coordinator,2023-08,68,52,76.5,0.8,0,0.8,3,0.46,0.955
OFF-0060,ROADS,Coordinator,2023-09,83,69,83.1,1.7,1,1.3,1,0.53,0.955
OFF-0060,ROADS,Coordinator,2023-10,45,37,82.2,1.4,0,1.7,2,0.411,0.955
OFF-0060,ROADS,Coordinator,2023-11,36,22,61.1,0.5,0,1.4,2,0.282,0.955
OFF-0060,ROADS,Coordinator,2023-12,37,26,70.3,1.3,0,1.0,2,0.349,0.955
OFF-0060,ROADS,Coordinator,2024-01,34,24,70.6,2.6,0,1.4,0,0.428,0.955
OFF-0060,ROADS,Coordinator,2024-02,36,27,75.0,3.2,0,1.1,2,0.485,0.955
OFF-0060,ROADS,Coordinator,2024-03,47,39,83.0,1.4,0,0.9,0,0.423,0.955
OFF-0060,ROADS,Coordinator,2024-04,44,28,63.6,0.7,0,1.4,1,0.348,0.955
OFF-0060,ROADS,Coordinator,2024-05,38,24,63.2,3.8,0,1.7,0,0.542,0.955
OFF-0060,ROADS,Coordinator,2024-06,60,44,73.3,1.8,0,0.7,1,0.537,0.955
OFF-0060,ROADS,Coordinator,2024-07,62,38,61.3,0.5,0,1.3,4,0.441,0.955
OFF-0060,ROADS,Coordinator,2024-08,45,39,86.7,2.9,0,1.3,0,0.518,0.955
OFF-0060,ROADS,Coordinator,2024-09,78,69,88.5,2.7,1,1.7,1,0.604,0.955
OFF-0060,ROADS,Coordinator,2024-10,45,39,86.7,2.0,0,1.5,1,0.455,0.955
OFF-0060,ROADS,Coordinator,2024-11,42,34,81.0,0.5,0,0.6,4,0.319,0.955
OFF-0060,ROADS,Coordinator,2024-12,33,22,66.7,1.5,0,0.7,3,0.335,0.955
OFF-0061,ROADS,Assistant Engineer,2022-01,37,36,97.3,1.2,0,0.0,1,0.335,1.169
OFF-0061,ROADS,Assistant Engineer,2022-02,34,33,97.1,0.5,0,0.0,4,0.264,1.169
OFF-0061,ROADS,Assistant Engineer,2022-03,44,39,88.6,0.5,0,0.0,0,0.331,1.169
OFF-0061,ROADS,Assistant Engineer,2022-04,37,36,97.3,0.5,0,0.0,1,0.284,1.169
OFF-0061,ROADS,Assistant Engineer,2022-05,35,26,74.3,0.8,0,0.0,0,0.291,1.169
OFF-0061,ROADS,Assistant Engineer,2022-06,53,51,96.2,1.7,0,0.0,0,0.482,1.169
OFF-0061,ROADS,Assistant Engineer,2022-07,48,47,97.9,0.9,0,0.0,1,0.391,1.169
OFF-0061,ROADS,Assistant Engineer,2022-08,67,65,97.0,3.3,0,0.0,1,0.648,1.169
OFF-0061,ROADS,Assistant Engineer,2022-09,77,62,80.5,0.5,0,0.0,2,0.438,1.169
OFF-0061,ROADS,Assistant Engineer,2022-10,39,29,74.4,1.7,0,0.0,1,0.39,1.169
OFF-0061,ROADS,Assistant Engineer,2022-11,41,40,97.6,0.5,0,0.0,2,0.311,1.169
OFF-0061,ROADS,Assistant Engineer,2022-12,42,39,92.9,2.1,0,0.0,1,0.438,1.169
OFF-0061,ROADS,Assistant Engineer,2023-01,35,33,94.3,0.5,0,0.0,0,0.271,1.169
OFF-0061,ROADS,Assistant Engineer,2023-02,42,41,97.6,1.4,0,0.0,0,0.386,1.169
OFF-0061,ROADS,Assistant Engineer,2023-03,34,31,91.2,0.9,0,0.0,0,0.294,1.169
OFF-0061,ROADS,Assistant Engineer,2023-04,41,36,87.8,1.8,0,0.0,2,0.406,1.169
OFF-0061,ROADS,Assistant Engineer,2023-05,31,30,96.8,2.2,0,0.0,0,0.374,1.169
OFF-0061,ROADS,Assistant Engineer,2023-06,64,49,76.6,1.1,0,0.0,1,0.48,1.169
OFF-0061,ROADS,Assistant Engineer,2023-07,66,64,97.0,1.1,0,0.0,1,0.481,1.169
OFF-0061,ROADS,Assistant Engineer,2023-08,63,61,96.8,3.3,0,0.0,3,0.645,1.169
OFF-0061,ROADS,Assistant Engineer,2023-09,69,67,97.1,2.5,0,0.0,1,0.587,1.169
OFF-0061,ROADS,Assistant Engineer,2023-10,31,30,96.8,0.7,0,0.0,1,0.259,1.169
OFF-0061,ROADS,Assistant Engineer,2023-11,40,32,80.0,2.7,0,0.0,0,0.47,1.169
OFF-0061,ROADS,Assistant Engineer,2023-12,30,26,86.7,2.9,0,0.0,1,0.421,1.169
OFF-0061,ROADS,Assistant Engineer,2024-01,43,42,97.7,1.8,0,0.0,1,0.425,1.169
OFF-0061,ROADS,Assistant Engineer,2024-02,34,31,91.2,1.9,0,0.0,1,0.371,1.169
OFF-0061,ROADS,Assistant Engineer,2024-03,45,44,97.8,0.5,0,0.0,3,0.338,1.169
OFF-0061,ROADS,Assistant Engineer,2024-04,32,28,87.5,3.0,0,0.0,2,0.435,1.169
OFF-0061,ROADS,Assistant Engineer,2024-05,42,41,97.6,1.7,0,0.0,1,0.406,1.169
OFF-0061,ROADS,Assistant Engineer,2024-06,72,65,90.3,3.0,0,0.0,0,0.625,1.169
OFF-0061,ROADS,Assistant Engineer,2024-07,46,42,91.3,0.5,0,0.0,3,0.344,1.169
OFF-0061,ROADS,Assistant Engineer,2024-08,48,40,83.3,1.0,0,0.0,2,0.397,1.169
OFF-0061,ROADS,Assistant Engineer,2024-09,60,52,86.7,1.2,0,0.0,0,0.487,1.169
OFF-0061,ROADS,Assistant Engineer,2024-10,44,39,88.6,0.5,0,0.0,0,0.331,1.169
OFF-0061,ROADS,Assistant Engineer,2024-11,30,24,80.0,0.5,0,0.0,1,0.239,1.169
OFF-0061,ROADS,Assistant Engineer,2024-12,32,31,96.9,0.5,0,0.0,1,0.251,1.169
OFF-0062,ROADS,Executive Engineer,2022-01,18,17,94.4,1.8,0,0.0,0,0.254,1.243
OFF-0062,ROADS,Executive Engineer,2022-02,16,15,93.8,0.5,0,0.0,1,0.144,1.243
OFF-0062,ROADS,Executive Engineer,2022-03,20,19,95.0,2.0,0,0.0,2,0.284,1.243
OFF-0062,ROADS,Executive Engineer,2022-04,22,21,95.5,1.8,0,0.0,1,0.282,1.243
OFF-0062,ROADS,Executive Engineer,2022-05,18,17,94.4,1.8,0,0.0,1,0.259,1.243
OFF-0062,ROADS,Executive Engineer,2022-06,26,22,84.6,0.5,0,0.0,0,0.211,1.243
OFF-0062,ROADS,Executive Engineer,2022-07,30,25,83.3,2.0,0,0.0,1,0.346,1.243
OFF-0062,ROADS,Executive Engineer,2022-08,33,27,81.8,2.1,0,0.0,2,0.378,1.243
OFF-0062,ROADS,Executive Engineer,2022-09,22,20,90.9,0.5,0,0.0,0,0.184,1.243
OFF-0062,ROADS,Executive Engineer,2022-10,20,19,95.0,2.0,0,0.0,0,0.283,1.243
OFF-0062,ROADS,Executive Engineer,2022-11,20,19,95.0,1.3,0,0.0,1,0.231,1.243
OFF-0062,ROADS,Executive Engineer,2022-12,15,14,93.3,1.0,0,0.0,2,0.173,1.243
OFF-0062,ROADS,Executive Engineer,2023-01,18,17,94.4,1.6,0,0.0,3,0.238,1.243
OFF-0062,ROADS,Executive Engineer,2023-02,19,17,89.5,0.5,0,0.0,2,0.164,1.243
OFF-0062,ROADS,Executive Engineer,2023-03,21,20,95.2,2.9,0,0.0,3,0.355,1.243
OFF-0062,ROADS,Executive Engineer,2023-04,20,19,95.0,1.5,0,0.0,1,0.245,1.243
OFF-0062,ROADS,Executive Engineer,2023-05,22,21,95.5,0.9,0,0.0,2,0.214,1.243
OFF-0062,ROADS,Executive Engineer,2023-06,32,31,96.9,2.5,0,0.0,0,0.397,1.243
OFF-0062,ROADS,Executive Engineer,2023-07,28,27,96.4,0.8,0,0.0,1,0.246,1.243
OFF-0062,ROADS,Executive Engineer,2023-08,29,28,96.6,0.6,0,0.0,0,0.24,1.243
OFF-0062,ROADS,Executive Engineer,2023-09,26,21,80.8,1.9,0,0.0,2,0.319,1.243
OFF-0062,ROADS,Executive Engineer,2023-10,15,14,93.3,0.5,0,0.0,1,0.138,1.243
OFF-0062,ROADS,Executive Engineer,2023-11,18,17,94.4,2.0,0,0.0,2,0.267,1.243
OFF-0062,ROADS,Executive Engineer,2023-12,21,20,95.2,1.8,0,0.0,3,0.276,1.243
OFF-0062,ROADS,Executive Engineer,2024-01,16,15,93.8,0.5,0,0.0,1,0.144,1.243
OFF-0062,ROADS,Executive Engineer,2024-02,15,14,93.3,2.2,0,0.0,0,0.268,1.243
OFF-0062,ROADS,Executive Engineer,2024-03,21,20,95.2,0.5,0,0.0,1,0.177,1.243
OFF-0062,ROADS,Executive Engineer,2024-04,22,20,90.9,1.3,0,0.0,1,0.247,1.243
OFF-0062,ROADS,Executive Engineer,2024-05,19,16,84.2,0.5,0,0.0,2,0.164,1.243
OFF-0062,ROADS,Executive Engineer,2024-06,32,31,96.9,1.4,0,0.0,0,0.317,1.243
OFF-0062,ROADS,Executive Engineer,2024-07,35,33,94.3,1.2,0,0.0,0,0.322,1.243
OFF-0062,ROADS,Executive Engineer,2024-08,32,31,96.9,2.9,0,0.0,2,0.43,1.243
OFF-0062,ROADS,Executive Engineer,2024-09,24,23,95.8,1.8,0,0.0,1,0.298,1.243
OFF-0062,ROADS,Executive Engineer,2024-10,16,15,93.8,1.6,0,0.0,0,0.224,1.243
OFF-0062,ROADS,Executive Engineer,2024-11,15,14,93.3,1.1,0,0.0,3,0.185,1.243
OFF-0062,ROADS,Executive Engineer,2024-12,20,19,95.0,0.5,0,0.0,0,0.174,1.243
OFF-0063,ROADS,Executive Engineer,2022-01,39,27,69.2,2.5,1,2.6,2,0.455,0.842
OFF-0063,ROADS,Executive Engineer,2022-02,35,20,57.1,3.3,0,2.4,0,0.491,0.842
OFF-0063,ROADS,Executive Engineer,2022-03,39,23,59.0,1.0,1,5.1,3,0.347,0.842
OFF-0063,ROADS,Executive Engineer,2022-04,42,25,59.5,3.1,2,6.2,4,0.53,0.842
OFF-0063,ROADS,Executive Engineer,2022-05,45,34,75.6,2.1,0,2.1,0,0.462,0.842
OFF-0063,ROADS,Executive Engineer,2022-06,75,47,62.7,1.8,4,5.7,0,0.555,0.842
OFF-0063,ROADS,Executive Engineer,2022-07,60,44,73.3,2.7,2,4.1,1,0.612,0.842
OFF-0063,ROADS,Executive Engineer,2022-08,71,41,57.7,2.2,4,6.0,2,0.583,0.842
OFF-0063,ROADS,Executive Engineer,2022-09,64,50,78.1,2.2,3,5.8,2,0.581,0.842
OFF-0063,ROADS,Executive Engineer,2022-10,40,23,57.5,3.4,1,4.3,2,0.538,0.842
OFF-0063,ROADS,Executive Engineer,2022-11,42,31,73.8,1.5,1,3.6,0,0.406,0.842
OFF-0063,ROADS,Executive Engineer,2022-12,36,21,58.3,2.9,1,5.1,1,0.47,0.842
OFF-0063,ROADS,Executive Engineer,2023-01,32,21,65.6,1.5,0,2.5,3,0.336,0.842
OFF-0063,ROADS,Executive Engineer,2023-02,45,25,55.6,3.0,0,2.1,1,0.532,0.842
OFF-0063,ROADS,Executive Engineer,2023-03,36,25,69.4,2.1,1,3.0,1,0.407,0.842
OFF-0063,ROADS,Executive Engineer,2023-04,46,25,54.3,2.5,0,2.1,0,0.498,0.842
OFF-0063,ROADS,Executive Engineer,2023-05,39,22,56.4,2.7,0,2.5,1,0.467,0.842
OFF-0063,ROADS,Executive Engineer,2023-06,56,35,62.5,3.3,2,5.1,0,0.637,0.842
OFF-0063,ROADS,Executive Engineer,2023-07,49,28,57.1,1.6,1,3.2,0,0.454,0.842
OFF-0063,ROADS,Executive Engineer,2023-08,65,41,63.1,4.0,1,2.9,1,0.707,0.842
OFF-0063,ROADS,Executive Engineer,2023-09,69,50,72.5,1.1,3,4.7,2,0.5,0.842
OFF-0063,ROADS,Executive Engineer,2023-10,46,27,58.7,2.3,0,1.7,2,0.486,0.842
OFF-0063,ROADS,Executive Engineer,2023-11,36,21,58.3,4.4,1,4.4,0,0.553,0.842
OFF-0063,ROADS,Executive Engineer,2023-12,44,30,68.2,1.7,2,4.8,1,0.437,0.842
OFF-0063,ROADS,Executive Engineer,2024-01,41,28,68.3,2.0,1,4.1,1,0.438,0.842
OFF-0063,ROADS,Executive Engineer,2024-02,43,27,62.8,2.8,1,3.4,0,0.506,0.842
OFF-0063,ROADS,Executive Engineer,2024-03,40,25,62.5,2.8,0,1.6,2,0.48,0.842
OFF-0063,ROADS,Executive Engineer,2024-04,48,32,66.7,2.4,2,5.6,0,0.519,0.842
OFF-0063,ROADS,Executive Engineer,2024-05,38,29,76.3,0.7,0,2.2,1,0.315,0.842
OFF-0063,ROADS,Executive Engineer,2024-06,76,59,77.6,2.5,2,3.1,3,0.6,0.842
OFF-0063,ROADS,Executive Engineer,2024-07,75,56,74.7,2.2,2,2.9,1,0.57,0.842
OFF-0063,ROADS,Executive Engineer,2024-08,60,44,73.3,2.2,2,4.5,4,0.577,0.842
OFF-0063,ROADS,Executive Engineer,2024-09,70,44,62.9,1.4,4,6.0,0,0.522,0.842
OFF-0063,ROADS,Executive Engineer,2024-10,37,26,70.3,2.6,0,1.8,3,0.448,0.842
OFF-0063,ROADS,Executive Engineer,2024-11,44,31,70.5,2.7,2,5.1,0,0.514,0.842
OFF-0063,ROADS,Executive Engineer,2024-12,48,37,77.1,3.7,2,4.9,1,0.612,0.842
OFF-0064,ROADS,Assistant Engineer,2022-01,19,15,78.9,1.2,0,1.8,1,0.221,0.905
OFF-0064,ROADS,Assistant Engineer,2022-02,22,16,72.7,2.9,0,2.4,0,0.368,0.905
OFF-0064,ROADS,Assistant Engineer,2022-03,25,20,80.0,1.8,0,2.3,0,0.306,0.905
OFF-0064,ROADS,Assistant Engineer,2022-04,24,16,66.7,2.6,0,3.4,1,0.363,0.905
OFF-0064,ROADS,Assistant Engineer,2022-05,19,12,63.2,1.4,0,3.7,0,0.243,0.905
OFF-0064,ROADS,Assistant Engineer,2022-06,39,28,71.8,1.5,1,3.1,2,0.378,0.905
OFF-0064,ROADS,Assistant Engineer,2022-07,28,18,64.3,3.3,0,2.7,1,0.439,0.905
OFF-0064,ROADS,Assistant Engineer,2022-08,30,21,70.0,3.0,0,1.5,1,0.426,0.905
OFF-0064,ROADS,Assistant Engineer,2022-09,33,20,60.6,2.5,1,3.1,0,0.414,0.905
OFF-0064,ROADS,Assistant Engineer,2022-10,25,20,80.0,3.1,0,2.4,0,0.403,0.905
OFF-0064,ROADS,Assistant Engineer,2022-11,26,15,57.7,2.1,0,1.4,1,0.332,0.905
OFF-0064,ROADS,Assistant Engineer,2022-12,25,15,60.0,2.3,0,1.6,0,0.345,0.905
OFF-0064,ROADS,Assistant Engineer,2023-01,25,14,56.0,1.8,0,3.0,1,0.312,0.905
OFF-0064,ROADS,Assistant Engineer,2023-02,27,20,74.1,1.0,1,3.8,2,0.263,0.905
OFF-0064,ROADS,Assistant Engineer,2023-03,24,16,66.7,1.8,0,3.5,1,0.304,0.905
OFF-0064,ROADS,Assistant Engineer,2023-04,20,15,75.0,1.2,0,3.6,0,0.231,0.905
OFF-0064,ROADS,Assistant Engineer,2023-05,18,14,77.8,1.5,0,3.5,1,0.244,0.905
OFF-0064,ROADS,Assistant Engineer,2023-06,40,33,82.5,2.0,1,3.5,2,0.427,0.905
OFF-0064,ROADS,Assistant Engineer,2023-07,43,32,74.4,2.9,0,2.0,1,0.513,0.905
OFF-0064,ROADS,Assistant Engineer,2023-08,35,24,68.6,0.5,0,2.7,1,0.279,0.905
OFF-0064,ROADS,Assistant Engineer,2023-09,33,22,66.7,3.6,0,2.5,1,0.501,0.905
OFF-0064,ROADS,Assistant Engineer,2023-10,23,18,78.3,0.5,0,1.2,2,0.194,0.905
OFF-0064,ROADS,Assistant Engineer,2023-11,19,13,68.4,3.6,0,1.5,0,0.398,0.905
OFF-0064,ROADS,Assistant Engineer,2023-12,22,15,68.2,2.3,0,2.4,1,0.324,0.905
OFF-0064,ROADS,Assistant Engineer,2024-01,22,14,63.6,3.0,0,2.3,1,0.381,0.905
OFF-0064,ROADS,Assistant Engineer,2024-02,19,14,73.7,2.3,0,2.1,0,0.302,0.905
OFF-0064,ROADS,Assistant Engineer,2024-03,23,15,65.2,4.7,0,2.9,2,0.462,0.905
OFF-0064,ROADS,Assistant Engineer,2024-04,21,16,76.2,2.1,0,1.1,1,0.303,0.905
OFF-0064,ROADS,Assistant Engineer,2024-05,25,16,64.0,2.0,0,2.3,1,0.323,0.905
OFF-0064,ROADS,Assistant Engineer,2024-06,27,16,59.3,3.5,0,1.8,1,0.448,0.905
OFF-0064,ROADS,Assistant Engineer,2024-07,36,29,80.6,3.7,1,3.0,1,0.523,0.905
OFF-0064,ROADS,Assistant Engineer,2024-08,43,29,67.4,1.1,1,2.8,0,0.374,0.905
OFF-0064,ROADS,Assistant Engineer,2024-09,35,26,74.3,2.1,0,2.3,0,0.398,0.905
OFF-0064,ROADS,Assistant Engineer,2024-10,24,19,79.2,3.7,0,3.6,1,0.449,0.905
OFF-0064,ROADS,Assistant Engineer,2024-11,24,15,62.5,1.0,0,1.4,0,0.241,0.905
OFF-0064,ROADS,Assistant Engineer,2024-12,21,17,81.0,3.9,0,1.4,3,0.434,0.905
OFF-0065,ROADS,Coordinator,2022-01,36,35,97.2,0.5,0,0.0,1,0.277,1.075
OFF-0065,ROADS,Coordinator,2022-02,35,28,80.0,0.5,0,0.0,4,0.271,1.075
OFF-0065,ROADS,Coordinator,2022-03,29,25,86.2,3.2,0,0.0,0,0.433,1.075
OFF-0065,ROADS,Coordinator,2022-04,34,26,76.5,1.4,0,0.0,1,0.335,1.075
OFF-0065,ROADS,Coordinator,2022-05,36,29,80.6,3.5,0,0.0,3,0.506,1.075
OFF-0065,ROADS,Coordinator,2022-06,47,42,89.4,2.8,0,0.0,2,0.522,1.075
OFF-0065,ROADS,Coordinator,2022-07,38,31,81.6,3.0,0,0.0,0,0.476,1.075
OFF-0065,ROADS,Coordinator,2022-08,38,29,76.3,3.0,0,0.0,0,0.48,1.075
OFF-0065,ROADS,Coordinator,2022-09,45,44,97.8,3.2,0,0.0,1,0.542,1.075
OFF-0065,ROADS,Coordinator,2022-10,36,32,88.9,3.8,0,0.0,0,0.523,1.075
OFF-0065,ROADS,Coordinator,2022-11,33,25,75.8,1.7,0,0.0,2,0.346,1.075
OFF-0065,ROADS,Coordinator,2022-12,29,24,82.8,1.4,0,0.0,0,0.302,1.075
OFF-0065,ROADS,Coordinator,2023-01,31,30,96.8,1.5,0,0.0,1,0.317,1.075
OFF-0065,ROADS,Coordinator,2023-02,27,21,77.8,3.6,0,0.0,0,0.45,1.075
OFF-0065,ROADS,Coordinator,2023-03,34,31,91.2,0.7,0,0.0,2,0.279,1.075
OFF-0065,ROADS,Coordinator,2023-04,29,24,82.8,2.3,0,0.0,1,0.365,1.075
OFF-0065,ROADS,Coordinator,2023-05,29,23,79.3,1.4,0,0.0,2,0.301,1.075
OFF-0065,ROADS,Coordinator,2023-06,37,31,83.8,1.6,0,0.0,1,0.37,1.075
OFF-0065,ROADS,Coordinator,2023-07,64,51,79.7,2.0,0,0.0,1,0.552,1.075
OFF-0065,ROADS,Coordinator,2023-08,49,36,73.5,1.7,0,0.0,2,0.453,1.075
OFF-0065,ROADS,Coordinator,2023-09,47,46,97.9,3.1,0,0.0,0,0.547,1.075
OFF-0065,ROADS,Coordinator,2023-10,34,28,82.4,2.5,0,0.0,1,0.418,1.075
OFF-0065,ROADS,Coordinator,2023-11,26,22,84.6,2.4,0,0.0,2,0.354,1.075
OFF-0065,ROADS,Coordinator,2023-12,32,24,75.0,1.9,0,0.0,1,0.355,1.075
OFF-0065,ROADS,Coordinator,2024-01,30,24,80.0,1.7,0,0.0,0,0.33,1.075
OFF-0065,ROADS,Coordinator,2024-02,34,28,82.4,1.8,0,0.0,1,0.364,1.075
OFF-0065,ROADS,Coordinator,2024-03,33,26,78.8,3.0,0,0.0,1,0.445,1.075
OFF-0065,ROADS,Coordinator,2024-04,35,29,82.9,2.1,0,0.0,2,0.388,1.075
OFF-0065,ROADS,Coordinator,2024-05,30,28,93.3,1.3,0,0.0,1,0.297,1.075
OFF-0065,ROADS,Coordinator,2024-06,42,41,97.6,1.8,0,0.0,0,0.411,1.075
OFF-0065,ROADS,Coordinator,2024-07,50,41,82.0,2.3,0,0.0,1,0.506,1.075
OFF-0065,ROADS,Coordinator,2024-08,49,46,93.9,3.3,0,0.0,1,0.577,1.075
OFF-0065,ROADS,Coordinator,2024-09,43,30,69.8,0.9,0,0.0,0,0.351,1.075
OFF-0065,ROADS,Coordinator,2024-10,35,25,71.4,1.3,0,0.0,1,0.333,1.075
OFF-0065,ROADS,Coordinator,2024-11,34,33,97.1,1.5,0,0.0,0,0.342,1.075
OFF-0065,ROADS,Coordinator,2024-12,35,25,71.4,0.7,0,0.0,0,0.285,1.075
OFF-0066,ROADS,Junior Engineer,2022-01,28,19,67.9,0.5,0,2.4,3,0.231,0.854
OFF-0066,ROADS,Junior Engineer,2022-02,29,19,65.5,0.7,1,5.6,4,0.263,0.854
OFF-0066,ROADS,Junior Engineer,2022-03,26,16,61.5,2.8,1,4.6,1,0.4,0.854
OFF-0066,ROADS,Junior Engineer,2022-04,25,15,60.0,3.3,0,1.8,1,0.422,0.854
OFF-0066,ROADS,Junior Engineer,2022-05,29,17,58.6,1.5,0,2.3,0,0.316,0.854
OFF-0066,ROADS,Junior Engineer,2022-06,44,25,56.8,2.0,0,1.9,1,0.452,0.854
OFF-0066,ROADS,Junior Engineer,2022-07,50,35,70.0,3.2,1,3.5,2,0.585,0.854
OFF-0066,ROADS,Junior Engineer,2022-08,42,23,54.8,2.1,1,3.4,0,0.451,0.854
OFF-0066,ROADS,Junior Engineer,2022-09,36,27,75.0,3.1,1,5.5,1,0.488,0.854
OFF-0066,ROADS,Junior Engineer,2022-10,24,17,70.8,2.7,0,3.2,0,0.37,0.854
OFF-0066,ROADS,Junior Engineer,2022-11,24,15,62.5,1.8,0,2.2,1,0.303,0.854
OFF-0066,ROADS,Junior Engineer,2022-12,32,24,75.0,2.8,1,5.7,1,0.438,0.854
OFF-0066,ROADS,Junior Engineer,2023-01,24,13,54.2,1.3,1,5.6,2,0.276,0.854
OFF-0066,ROADS,Junior Engineer,2023-02,28,15,53.6,1.7,0,1.7,2,0.322,0.854
OFF-0066,ROADS,Junior Engineer,2023-03,32,23,71.9,1.9,1,4.1,2,0.372,0.854
OFF-0066,ROADS,Junior Engineer,2023-04,30,21,70.0,3.1,1,3.9,1,0.441,0.854
OFF-0066,ROADS,Junior Engineer,2023-05,22,13,59.1,3.3,0,2.1,2,0.401,0.854
OFF-0066,ROADS,Junior Engineer,2023-06,40,28,70.0,1.9,1,3.3,4,0.419,0.854
OFF-0066,ROADS,Junior Engineer,2023-07,48,32,66.7,3.3,2,5.1,3,0.584,0.854
OFF-0066,ROADS,Junior Engineer,2023-08,43,31,72.1,2.5,0,1.9,0,0.482,0.854
OFF-0066,ROADS,Junior Engineer,2023-09,34,25,73.5,1.6,1,4.3,0,0.357,0.854
OFF-0066,ROADS,Junior Engineer,2023-10,24,18,75.0,2.3,0,3.7,1,0.345,0.854
OFF-0066,ROADS,Junior Engineer,2023-11,29,22,75.9,1.2,1,5.3,3,0.297,0.854
OFF-0066,ROADS,Junior Engineer,2023-12,25,15,60.0,2.7,0,2.1,1,0.374,0.854
OFF-0066,ROADS,Junior Engineer,2024-01,25,17,68.0,0.5,0,2.7,1,0.212,0.854
OFF-0066,ROADS,Junior Engineer,2024-02,24,17,70.8,2.1,0,2.5,1,0.325,0.854
OFF-0066,ROADS,Junior Engineer,2024-03,25,18,72.0,3.2,0,3.3,1,0.414,0.854
OFF-0066,ROADS,Junior Engineer,2024-04,33,18,54.5,2.3,1,3.6,3,0.404,0.854
OFF-0066,ROADS,Junior Engineer,2024-05,30,23,76.7,2.6,0,1.7,2,0.401,0.854
OFF-0066,ROADS,Junior Engineer,2024-06,41,26,63.4,1.8,1,3.6,3,0.418,0.854
OFF-0066,ROADS,Junior Engineer,2024-07,56,40,71.4,1.5,2,4.3,0,0.495,0.854
OFF-0066,ROADS,Junior Engineer,2024-08,37,29,78.4,3.9,1,3.8,0,0.549,0.854
OFF-0066,ROADS,Junior Engineer,2024-09,44,34,77.3,1.7,0,2.1,0,0.428,0.854
OFF-0066,ROADS,Junior Engineer,2024-10,32,19,59.4,2.9,0,2.3,0,0.442,0.854
OFF-0066,ROADS,Junior Engineer,2024-11,22,16,72.7,2.0,0,3.8,1,0.306,0.854
OFF-0066,ROADS,Junior Engineer,2024-12,29,22,75.9,1.8,0,2.2,1,0.337,0.854
OFF-0067,ROADS,Assistant Engineer,2022-01,21,15,71.4,2.0,0,4.2,2,0.305,0.879
OFF-0067,ROADS,Assistant Engineer,2022-02,21,15,71.4,2.4,0,4.4,3,0.332,0.879
OFF-0067,ROADS,Assistant Engineer,2022-03,26,17,65.4,4.4,0,1.7,0,0.478,0.879
OFF-0067,ROADS,Assistant Engineer,2022-04,21,16,76.2,2.6,0,3.5,1,0.349,0.879
OFF-0067,ROADS,Assistant Engineer,2022-05,21,15,71.4,1.8,0,3.0,1,0.281,0.879
OFF-0067,ROADS,Assistant Engineer,2022-06,29,23,79.3,2.9,1,3.7,2,0.42,0.879
OFF-0067,ROADS,Assistant Engineer,2022-07,35,27,77.1,3.2,0,2.5,1,0.482,0.879
OFF-0067,ROADS,Assistant Engineer,2022-08,27,17,63.0,1.3,0,3.4,0,0.289,0.879
OFF-0067,ROADS,Assistant Engineer,2022-09,37,27,73.0,2.9,1,4.7,0,0.476,0.879
OFF-0067,ROADS,Assistant Engineer,2022-10,23,13,56.5,3.2,0,2.4,0,0.399,0.879
OFF-0067,ROADS,Assistant Engineer,2022-11,27,21,77.8,3.1,1,4.5,0,0.428,0.879
OFF-0067,ROADS,Assistant Engineer,2022-12,21,13,61.9,2.0,0,2.0,1,0.294,0.879
OFF-0067,ROADS,Assistant Engineer,2023-01,24,15,62.5,1.3,0,2.0,2,0.267,0.879
OFF-0067,ROADS,Assistant Engineer,2023-02,26,20,76.9,2.4,0,1.8,1,0.362,0.879
OFF-0067,ROADS,Assistant Engineer,2023-03,24,18,75.0,0.8,0,2.2,2,0.226,0.879
OFF-0067,ROADS,Assistant Engineer,2023-04,18,13,72.2,2.6,0,3.6,0,0.325,0.879
OFF-0067,ROADS,Assistant Engineer,2023-05,27,16,59.3,1.3,0,1.6,0,0.283,0.879
OFF-0067,ROADS,Assistant Engineer,2023-06,34,23,67.6,3.1,0,2.8,1,0.468,0.879
OFF-0067,ROADS,Assistant Engineer,2023-07,36,20,55.6,3.4,1,3.3,4,0.502,0.879
OFF-0067,ROADS,Assistant Engineer,2023-08,27,16,59.3,4.6,0,2.1,1,0.486,0.879
OFF-0067,ROADS,Assistant Engineer,2023-09,31,22,71.0,3.7,1,3.9,3,0.499,0.879
OFF-0067,ROADS,Assistant Engineer,2023-10,20,15,75.0,1.4,0,4.4,1,0.253,0.879
OFF-0067,ROADS,Assistant Engineer,2023-11,22,17,77.3,3.0,0,2.4,1,0.377,0.879
OFF-0067,ROADS,Assistant Engineer,2023-12,23,13,56.5,2.7,0,4.3,4,0.367,0.879
OFF-0067,ROADS,Assistant Engineer,2024-01,26,21,80.8,1.4,0,2.0,2,0.288,0.879
OFF-0067,ROADS,Assistant Engineer,2024-02,24,17,70.8,2.7,0,3.3,1,0.369,0.879
OFF-0067,ROADS,Assistant Engineer,2024-03,23,13,56.5,1.8,0,4.2,2,0.303,0.879
OFF-0067,ROADS,Assistant Engineer,2024-04,23,18,78.3,1.1,0,3.1,2,0.246,0.879
OFF-0067,ROADS,Assistant Engineer,2024-05,21,15,71.4,3.6,0,4.6,1,0.421,0.879
OFF-0067,ROADS,Assistant Engineer,2024-06,34,25,73.5,1.0,0,2.1,1,0.311,0.879
OFF-0067,ROADS,Assistant Engineer,2024-07,40,24,60.0,2.9,1,4.6,0,0.5,0.879
OFF-0067,ROADS,Assistant Engineer,2024-08,34,24,70.6,1.5,0,2.5,1,0.348,0.879
OFF-0067,ROADS,Assistant Engineer,2024-09,31,21,67.7,2.8,1,4.6,1,0.429,0.879
OFF-0067,ROADS,Assistant Engineer,2024-10,22,16,72.7,4.1,0,1.2,1,0.45,0.879
OFF-0067,ROADS,Assistant Engineer,2024-11,21,14,66.7,2.3,0,3.9,1,0.323,0.879
OFF-0067,ROADS,Assistant Engineer,2024-12,21,13,61.9,0.5,0,1.6,0,0.182,0.879
OFF-0068,ROADS,Executive Engineer,2022-01,28,25,89.3,4.0,0,0.0,4,0.486,1.142
OFF-0068,ROADS,Executive Engineer,2022-02,35,32,91.4,3.1,0,0.0,1,0.465,1.142
OFF-0068,ROADS,Executive Engineer,2022-03,37,36,97.3,1.8,0,0.0,1,0.379,1.142
OFF-0068,ROADS,Executive Engineer,2022-04,34,33,97.1,1.8,0,0.0,1,0.365,1.142
OFF-0068,ROADS,Executive Engineer,2022-05,34,29,85.3,3.8,0,0.0,2,0.513,1.142
OFF-0068,ROADS,Executive Engineer,2022-06,50,41,82.0,2.9,0,0.0,1,0.552,1.142
OFF-0068,ROADS,Executive Engineer,2022-07,46,45,97.8,1.5,0,0.0,1,0.418,1.142
OFF-0068,ROADS,Executive Engineer,2022-08,55,46,83.6,2.9,0,0.0,1,0.582,1.142
OFF-0068,ROADS,Executive Engineer,2022-09,50,45,90.0,1.2,0,0.0,0,0.426,1.142
OFF-0068,ROADS,Executive Engineer,2022-10,25,22,88.0,1.0,0,0.0,0,0.244,1.142
OFF-0068,ROADS,Executive Engineer,2022-11,33,32,97.0,2.1,0,0.0,2,0.379,1.142
OFF-0068,ROADS,Executive Engineer,2022-12,29,26,89.7,1.6,0,0.0,1,0.314,1.142
OFF-0068,ROADS,Executive Engineer,2023-01,25,19,76.0,1.7,0,0.0,0,0.291,1.142
OFF-0068,ROADS,Executive Engineer,2023-02,32,30,93.8,1.8,0,0.0,2,0.348,1.142
OFF-0068,ROADS,Executive Engineer,2023-03,31,26,83.9,3.3,0,0.0,4,0.454,1.142
OFF-0068,ROADS,Executive Engineer,2023-04,31,26,83.9,0.5,0,0.0,1,0.245,1.142
OFF-0068,ROADS,Executive Engineer,2023-05,31,30,96.8,1.5,0,0.0,3,0.321,1.142
OFF-0068,ROADS,Executive Engineer,2023-06,43,42,97.7,2.7,0,0.0,1,0.49,1.142
OFF-0068,ROADS,Executive Engineer,2023-07,39,30,76.9,1.1,0,0.0,3,0.345,1.142
OFF-0068,ROADS,Executive Engineer,2023-08,52,50,96.2,1.2,0,0.0,2,0.439,1.142
OFF-0068,ROADS,Executive Engineer,2023-09,54,52,96.3,2.0,0,0.0,2,0.51,1.142
OFF-0068,ROADS,Executive Engineer,2023-10,28,24,85.7,3.3,0,0.0,1,0.432,1.142
OFF-0068,ROADS,Executive Engineer,2023-11,27,26,96.3,3.2,0,0.0,1,0.422,1.142
OFF-0068,ROADS,Executive Engineer,2023-12,32,29,90.6,1.4,0,0.0,1,0.321,1.142
OFF-0068,ROADS,Executive Engineer,2024-01,28,25,89.3,1.1,0,0.0,0,0.267,1.142
OFF-0068,ROADS,Executive Engineer,2024-02,36,28,77.8,1.8,0,0.0,4,0.374,1.142
OFF-0068,ROADS,Executive Engineer,2024-03,31,30,96.8,2.0,0,0.0,0,0.354,1.142
OFF-0068,ROADS,Executive Engineer,2024-04,32,31,96.9,1.6,0,0.0,2,0.333,1.142
OFF-0068,ROADS,Executive Engineer,2024-05,30,28,93.3,1.8,0,0.0,1,0.331,1.142
OFF-0068,ROADS,Executive Engineer,2024-06,39,35,89.7,0.5,0,0.0,0,0.297,1.142
OFF-0068,ROADS,Executive Engineer,2024-07,40,37,92.5,2.2,0,0.0,0,0.43,1.142
OFF-0068,ROADS,Executive Engineer,2024-08,58,54,93.1,2.8,0,0.0,0,0.595,1.142
OFF-0068,ROADS,Executive Engineer,2024-09,67,65,97.0,1.4,0,0.0,1,0.504,1.142
OFF-0068,ROADS,Executive Engineer,2024-10,30,29,96.7,0.5,0,0.0,3,0.238,1.142
OFF-0068,ROADS,Executive Engineer,2024-11,26,23,88.5,1.5,0,0.0,1,0.285,1.142
OFF-0068,ROADS,Executive Engineer,2024-12,26,19,73.1,1.7,0,0.0,2,0.303,1.142
OFF-0069,ROADS,Executive Engineer,2022-01,40,26,65.0,2.2,1,2.7,2,0.437,0.884
OFF-0069,ROADS,Executive Engineer,2022-02,40,23,57.5,1.8,1,3.7,1,0.414,0.884
OFF-0069,ROADS,Executive Engineer,2022-03,32,24,75.0,3.4,0,2.1,3,0.477,0.884
OFF-0069,ROADS,Executive Engineer,2022-04,30,24,80.0,3.3,1,4.0,0,0.459,0.884
OFF-0069,ROADS,Executive Engineer,2022-05,42,25,59.5,1.4,1,4.2,0,0.397,0.884
OFF-0069,ROADS,Executive Engineer,2022-06,47,27,57.4,2.9,1,2.4,2,0.541,0.884
OFF-0069,ROADS,Executive Engineer,2022-07,73,43,58.9,3.5,2,4.0,3,0.674,0.884
OFF-0069,ROADS,Executive Engineer,2022-08,77,49,63.6,4.3,1,1.4,4,0.704,0.884
OFF-0069,ROADS,Executive Engineer,2022-09,66,44,66.7,3.2,2,3.8,0,0.649,0.884
OFF-0069,ROADS,Executive Engineer,2022-10,35,22,62.9,2.6,1,3.6,1,0.439,0.884
OFF-0069,ROADS,Executive Engineer,2022-11,43,32,74.4,3.9,1,2.9,2,0.585,0.884
OFF-0069,ROADS,Executive Engineer,2022-12,38,26,68.4,3.1,1,3.0,0,0.494,0.884
OFF-0069,ROADS,Executive Engineer,2023-01,29,23,79.3,4.2,1,4.3,0,0.506,0.884
OFF-0069,ROADS,Executive Engineer,2023-02,33,25,75.8,3.3,0,2.5,1,0.476,0.884
OFF-0069,ROADS,Executive Engineer,2023-03,35,27,77.1,2.2,1,3.9,1,0.412,0.884
OFF-0069,ROADS,Executive Engineer,2023-04,33,27,81.8,1.4,0,1.7,3,0.326,0.884
OFF-0069,ROADS,Executive Engineer,2023-05,37,23,62.2,1.9,1,3.5,1,0.402,0.884
OFF-0069,ROADS,Executive Engineer,2023-06,63,45,71.4,2.7,2,3.3,0,0.613,0.884
OFF-0069,ROADS,Executive Engineer,2023-07,51,40,78.4,1.8,2,4.3,1,0.486,0.884
OFF-0069,ROADS,Executive Engineer,2023-08,70,46,65.7,2.5,0,1.3,0,0.595,0.884
OFF-0069,ROADS,Executive Engineer,2023-09,59,35,59.3,2.8,2,3.6,1,0.612,0.884
OFF-0069,ROADS,Executive Engineer,2023-10,41,33,80.5,0.5,1,2.7,0,0.319,0.884
OFF-0069,ROADS,Executive Engineer,2023-11,40,23,57.5,2.0,1,3.9,1,0.426,0.884
OFF-0069,ROADS,Executive Engineer,2023-12,32,23,71.9,2.7,1,4.0,4,0.428,0.884
OFF-0069,ROADS,Executive Engineer,2024-01,39,27,69.2,0.5,1,2.9,1,0.306,0.884
OFF-0069,ROADS,Executive Engineer,2024-02,34,21,61.8,0.8,0,1.7,1,0.289,0.884
OFF-0069,ROADS,Executive Engineer,2024-03,42,31,73.8,2.5,0,1.8,2,0.473,0.884
OFF-0069,ROADS,Executive Engineer,2024-04,37,24,64.9,2.6,0,2.4,1,0.452,0.884
OFF-0069,ROADS,Executive Engineer,2024-05,40,33,82.5,2.1,1,3.2,2,0.431,0.884
OFF-0069,ROADS,Executive Engineer,2024-06,53,41,77.4,2.1,2,4.5,2,0.522,0.884
OFF-0069,ROADS,Executive Engineer,2024-07,49,30,61.2,2.3,1,3.0,2,0.51,0.884
OFF-0069,ROADS,Executive Engineer,2024-08,59,38,64.4,3.4,0,1.4,1,0.655,0.884
OFF-0069,ROADS,Executive Engineer,2024-09,45,30,66.7,2.6,1,2.5,1,0.503,0.884
OFF-0069,ROADS,Executive Engineer,2024-10,44,33,75.0,1.2,1,4.5,1,0.396,0.884
OFF-0069,ROADS,Executive Engineer,2024-11,34,26,76.5,1.4,1,3.2,4,0.343,0.884
OFF-0069,ROADS,Executive Engineer,2024-12,35,25,71.4,2.3,1,4.0,1,0.419,0.884
OFF-0070,ROADS,Assistant Engineer,2022-01,23,15,65.2,1.5,0,2.4,0,0.271,0.903
OFF-0070,ROADS,Assistant Engineer,2022-02,21,13,61.9,2.1,0,2.6,0,0.304,0.903
OFF-0070,ROADS,Assistant Engineer,2022-03,28,22,78.6,4.9,0,3.4,0,0.497,0.903
OFF-0070,ROADS,Assistant Engineer,2022-04,19,15,78.9,2.1,0,1.9,2,0.29,0.903
OFF-0070,ROADS,Assistant Engineer,2022-05,27,19,70.4,1.9,0,3.2,0,0.332,0.903
OFF-0070,ROADS,Assistant Engineer,2022-06,40,25,62.5,2.5,0,2.4,4,0.464,0.903
OFF-0070,ROADS,Assistant Engineer,2022-07,45,28,62.2,0.5,1,2.8,0,0.346,0.903
OFF-0070,ROADS,Assistant Engineer,2022-08,37,28,75.7,1.4,1,3.3,3,0.363,0.903
OFF-0070,ROADS,Assistant Engineer,2022-09,47,33,70.2,1.3,0,1.5,2,0.413,0.903
OFF-0070,ROADS,Assistant Engineer,2022-10,20,12,60.0,1.0,0,3.3,0,0.215,0.903
OFF-0070,ROADS,Assistant Engineer,2022-11,28,18,64.3,2.5,0,2.5,0,0.384,0.903
OFF-0070,ROADS,Assistant Engineer,2022-12,22,16,72.7,3.8,0,2.0,1,0.441,0.903
OFF-0070,ROADS,Assistant Engineer,2023-01,21,16,76.2,1.0,0,3.4,0,0.228,0.903
OFF-0070,ROADS,Assistant Engineer,2023-02,28,21,75.0,2.4,0,1.4,1,0.372,0.903
OFF-0070,ROADS,Assistant Engineer,2023-03,22,13,59.1,1.7,0,1.8,4,0.28,0.903
OFF-0070,ROADS,Assistant Engineer,2023-04,26,19,73.1,3.7,0,2.9,2,0.463,0.903
OFF-0070,ROADS,Assistant Engineer,2023-05,22,17,77.3,0.5,0,1.4,4,0.188,0.903
OFF-0070,ROADS,Assistant Engineer,2023-06,32,22,68.8,3.0,0,2.2,2,0.447,0.903
OFF-0070,ROADS,Assistant Engineer,2023-07,38,24,63.2,2.8,0,2.1,2,0.47,0.903
OFF-0070,ROADS,Assistant Engineer,2023-08,39,26,66.7,1.7,0,1.0,0,0.392,0.903
OFF-0070,ROADS,Assistant Engineer,2023-09,37,26,70.3,1.8,0,1.8,1,0.384,0.903
OFF-0070,ROADS,Assistant Engineer,2023-10,25,16,64.0,4.8,0,1.3,3,0.47,0.903
OFF-0070,ROADS,Assistant Engineer,2023-11,20,14,70.0,0.7,0,1.0,2,0.188,0.903
OFF-0070,ROADS,Assistant Engineer,2023-12,21,14,66.7,2.4,0,2.2,2,0.324,0.903
OFF-0070,ROADS,Assistant Engineer,2024-01,23,17,73.9,2.6,0,3.3,0,0.359,0.903
OFF-0070,ROADS,Assistant Engineer,2024-02,20,12,60.0,1.1,0,3.8,0,0.231,0.903
OFF-0070,ROADS,Assistant Engineer,2024-03,20,16,80.0,1.7,0,3.7,1,0.271,0.903
OFF-0070,ROADS,Assistant Engineer,2024-04,27,21,77.8,3.0,0,1.3,2,0.407,0.903
OFF-0070,ROADS,Assistant Engineer,2024-05,20,16,80.0,2.7,0,3.5,2,0.347,0.903
OFF-0070,ROADS,Assistant Engineer,2024-06,37,25,67.6,1.1,1,3.8,0,0.34,0.903
OFF-0070,ROADS,Assistant Engineer,2024-07,49,40,81.6,1.2,0,1.4,3,0.422,0.903
OFF-0070,ROADS,Assistant Engineer,2024-08,39,31,79.5,1.7,1,2.8,1,0.397,0.903
OFF-0070,ROADS,Assistant Engineer,2024-09,38,27,71.1,2.8,0,1.7,1,0.465,0.903
OFF-0070,ROADS,Assistant Engineer,2024-10,20,15,75.0,3.2,0,3.7,1,0.385,0.903
OFF-0070,ROADS,Assistant Engineer,2024-11,22,17,77.3,1.7,0,2.6,0,0.284,0.903
OFF-0070,ROADS,Assistant Engineer,2024-12,25,17,68.0,1.7,0,2.0,2,0.303,0.903
OFF-0071,ROADS,Junior Engineer,2022-01,24,16,66.7,2.9,0,1.0,0,0.382,0.966
OFF-0071,ROADS,Junior Engineer,2022-02,24,16,66.7,2.5,0,0.8,2,0.351,0.966
OFF-0071,ROADS,Junior Engineer,2022-03,21,14,66.7,0.5,0,0.9,2,0.18,0.966
OFF-0071,ROADS,Junior Engineer,2022-04,22,15,68.2,2.6,0,0.6,1,0.341,0.966
OFF-0071,ROADS,Junior Engineer,2022-05,22,19,86.4,0.5,0,0.6,0,0.186,0.966
OFF-0071,ROADS,Junior Engineer,2022-06,33,25,75.8,2.9,0,1.3,1,0.439,0.966
OFF-0071,ROADS,Junior Engineer,2022-07,32,24,75.0,0.7,0,0.7,1,0.265,0.966
OFF-0071,ROADS,Junior Engineer,2022-08,28,22,78.6,2.3,0,0.3,0,0.364,0.966
OFF-0071,ROADS,Junior Engineer,2022-09,44,38,86.4,1.4,0,1.2,1,0.4,0.966
OFF-0071,ROADS,Junior Engineer,2022-10,23,16,69.6,1.7,0,1.0,2,0.285,0.966
OFF-0071,ROADS,Junior Engineer,2022-11,24,19,79.2,3.0,0,1.0,0,0.387,0.966
OFF-0071,ROADS,Junior Engineer,2022-12,25,16,64.0,1.9,0,0.4,1,0.308,0.966
OFF-0071,ROADS,Junior Engineer,2023-01,22,15,68.2,2.6,0,0.4,3,0.343,0.966
OFF-0071,ROADS,Junior Engineer,2023-02,24,20,83.3,2.4,0,0.7,4,0.344,0.966
OFF-0071,ROADS,Junior Engineer,2023-03,22,20,90.9,0.7,0,1.1,1,0.2,0.966
OFF-0071,ROADS,Junior Engineer,2023-04,22,14,63.6,2.1,0,1.0,0,0.308,0.966
OFF-0071,ROADS,Junior Engineer,2023-05,21,14,66.7,1.9,0,1.0,3,0.286,0.966
OFF-0071,ROADS,Junior Engineer,2023-06,32,27,84.4,0.5,0,0.6,2,0.253,0.966
OFF-0071,ROADS,Junior Engineer,2023-07,35,24,68.6,2.7,0,0.7,1,0.439,0.966
OFF-0071,ROADS,Junior Engineer,2023-08,31,26,83.9,3.9,0,0.6,1,0.497,0.966
OFF-0071,ROADS,Junior Engineer,2023-09,35,29,82.9,1.7,0,1.1,0,0.366,0.966
OFF-0071,ROADS,Junior Engineer,2023-10,21,14,66.7,1.1,0,0.7,0,0.227,0.966
OFF-0071,ROADS,Junior Engineer,2023-11,26,23,88.5,3.4,0,0.7,1,0.431,0.966
OFF-0071,ROADS,Junior Engineer,2023-12,18,13,72.2,0.5,0,0.8,1,0.16,0.966
OFF-0071,ROADS,Junior Engineer,2024-01,18,11,61.1,2.8,0,1.0,3,0.333,0.966
OFF-0071,ROADS,Junior Engineer,2024-02,22,16,72.7,0.9,0,0.7,1,0.213,0.966
OFF-0071,ROADS,Junior Engineer,2024-03,27,21,77.8,3.0,0,0.6,0,0.408,0.966
OFF-0071,ROADS,Junior Engineer,2024-04,24,20,83.3,2.7,0,0.8,0,0.366,0.966
OFF-0071,ROADS,Junior Engineer,2024-05,24,18,75.0,0.5,0,0.9,1,0.2,0.966
OFF-0071,ROADS,Junior Engineer,2024-06,34,21,61.8,2.0,0,0.8,4,0.38,0.966
OFF-0071,ROADS,Junior Engineer,2024-07,28,25,89.3,0.5,0,0.5,2,0.226,0.966
OFF-0071,ROADS,Junior Engineer,2024-08,30,24,80.0,1.2,0,1.3,1,0.295,0.966
OFF-0071,ROADS,Junior Engineer,2024-09,28,22,78.6,0.5,0,1.0,0,0.227,0.966
OFF-0071,ROADS,Junior Engineer,2024-10,19,14,73.7,2.5,0,0.9,3,0.315,0.966
OFF-0071,ROADS,Junior Engineer,2024-11,18,11,61.1,2.9,0,0.9,0,0.34,0.966
OFF-0071,ROADS,Junior Engineer,2024-12,19,12,63.2,1.4,0,1.3,1,0.233,0.966
OFF-0072,ROADS,Coordinator,2022-01,13,11,84.6,1.9,0,0.0,1,0.228,1.106
OFF-0072,ROADS,Coordinator,2022-02,13,12,92.3,1.1,0,0.0,2,0.173,1.106
OFF-0072,ROADS,Coordinator,2022-03,16,13,81.2,2.2,0,0.0,2,0.269,1.106
OFF-0072,ROADS,Coordinator,2022-04,15,14,93.3,2.0,0,0.0,0,0.248,1.106
OFF-0072,ROADS,Coordinator,2022-05,18,17,94.4,3.9,0,0.0,0,0.414,1.106
OFF-0072,ROADS,Coordinator,2022-06,24,21,87.5,0.5,0,0.0,1,0.198,1.106
OFF-0072,ROADS,Coordinator,2022-07,25,24,96.0,1.7,0,0.0,2,0.297,1.106
OFF-0072,ROADS,Coordinator,2022-08,33,23,69.7,2.4,0,0.0,1,0.398,1.106
OFF-0072,ROADS,Coordinator,2022-09,24,21,87.5,1.7,0,0.0,3,0.285,1.106
OFF-0072,ROADS,Coordinator,2022-10,15,14,93.3,1.5,0,0.0,1,0.214,1.106
OFF-0072,ROADS,Coordinator,2022-11,16,15,93.8,2.0,0,0.0,0,0.253,1.106
OFF-0072,ROADS,Coordinator,2022-12,14,13,92.9,0.5,0,0.0,3,0.131,1.106
OFF-0072,ROADS,Coordinator,2023-01,17,14,82.4,1.6,0,0.0,0,0.234,1.106
OFF-0072,ROADS,Coordinator,2023-02,17,14,82.4,3.5,0,0.0,0,0.377,1.106
OFF-0072,ROADS,Coordinator,2023-03,15,13,86.7,0.6,0,0.0,0,0.148,1.106
OFF-0072,ROADS,Coordinator,2023-04,17,13,76.5,0.8,0,0.0,4,0.17,1.106
OFF-0072,ROADS,Coordinator,2023-05,14,13,92.9,2.0,0,0.0,0,0.24,1.106
OFF-0072,ROADS,Coordinator,2023-06,22,16,72.7,1.2,0,0.0,0,0.235,1.106
OFF-0072,ROADS,Coordinator,2023-07,21,17,81.0,3.4,0,0.0,3,0.393,1.106
OFF-0072,ROADS,Coordinator,2023-08,28,21,75.0,2.4,0,0.0,2,0.368,1.106
OFF-0072,ROADS,Coordinator,2023-09,30,25,83.3,0.5,0,0.0,0,0.238,1.106
OFF-0072,ROADS,Coordinator,2023-10,15,14,93.3,1.8,0,0.0,1,0.237,1.106
OFF-0072,ROADS,Coordinator,2023-11,14,10,71.4,3.7,0,0.0,0,0.373,1.106
OFF-0072,ROADS,Coordinator,2023-12,19,18,94.7,3.2,0,0.0,0,0.366,1.106
OFF-0072,ROADS,Coordinator,2024-01,14,13,92.9,0.5,0,0.0,4,0.131,1.106
OFF-0072,ROADS,Coordinator,2024-02,17,12,70.6,1.4,0,0.0,3,0.219,1.106
OFF-0072,ROADS,Coordinator,2024-03,13,12,92.3,0.6,0,0.0,2,0.129,1.106
OFF-0072,ROADS,Coordinator,2024-04,18,16,88.9,0.8,0,0.0,2,0.178,1.106
OFF-0072,ROADS,Coordinator,2024-05,18,17,94.4,2.3,0,0.0,0,0.291,1.106
OFF-0072,ROADS,Coordinator,2024-06,27,21,77.8,0.5,0,0.0,1,0.218,1.106
OFF-0072,ROADS,Coordinator,2024-07,32,31,96.9,2.1,0,0.0,2,0.373,1.106
OFF-0072,ROADS,Coordinator,2024-08,29,22,75.9,1.0,0,0.0,2,0.271,1.106
OFF-0072,ROADS,Coordinator,2024-09,26,25,96.2,1.1,0,0.0,1,0.254,1.106
OFF-0072,ROADS,Coordinator,2024-10,18,13,72.2,2.0,0,0.0,4,0.269,1.106
OFF-0072,ROADS,Coordinator,2024-11,16,13,81.2,1.6,0,0.0,2,0.229,1.106
OFF-0072,ROADS,Coordinator,2024-12,18,17,94.4,1.6,0,0.0,1,0.24,1.106
OFF-0073,ROADS,Executive Engineer,2022-01,37,23,62.2,2.7,1,3.1,2,0.456,0.908
OFF-0073,ROADS,Executive Engineer,2022-02,42,31,73.8,3.2,1,3.4,0,0.533,0.908
OFF-0073,ROADS,Executive Engineer,2022-03,46,28,60.9,2.6,1,3.1,2,0.508,0.908
OFF-0073,ROADS,Executive Engineer,2022-04,50,39,78.0,1.8,0,1.6,1,0.477,0.908
OFF-0073,ROADS,Executive Engineer,2022-05,40,24,60.0,2.8,1,2.9,0,0.482,0.908
OFF-0073,ROADS,Executive Engineer,2022-06,68,42,61.8,0.5,1,2.6,4,0.445,0.908
OFF-0073,ROADS,Executive Engineer,2022-07,70,42,60.0,1.2,1,1.9,1,0.498,0.908
OFF-0073,ROADS,Executive Engineer,2022-08,66,43,65.2,1.2,1,2.4,4,0.501,0.908
OFF-0073,ROADS,Executive Engineer,2022-09,58,42,72.4,3.7,1,2.7,3,0.674,0.908
OFF-0073,ROADS,Executive Engineer,2022-10,44,35,79.5,0.5,1,3.6,0,0.341,0.908
OFF-0073,ROADS,Executive Engineer,2022-11,38,27,71.1,2.7,0,1.4,2,0.463,0.908
OFF-0073,ROADS,Executive Engineer,2022-12,38,27,71.1,2.1,1,3.5,1,0.422,0.908
OFF-0073,ROADS,Executive Engineer,2023-01,44,34,77.3,1.2,1,2.4,1,0.393,0.908
OFF-0073,ROADS,Executive Engineer,2023-02,50,30,60.0,0.5,0,1.9,1,0.377,0.908
OFF-0073,ROADS,Executive Engineer,2023-03,39,30,76.9,4.4,0,2.2,0,0.566,0.908
OFF-0073,ROADS,Executive Engineer,2023-04,36,26,72.2,2.9,0,1.5,3,0.463,0.908
OFF-0073,ROADS,Executive Engineer,2023-05,49,31,63.3,1.9,1,3.4,2,0.482,0.908
OFF-0073,ROADS,Executive Engineer,2023-06,70,44,62.9,2.4,1,2.1,2,0.587,0.908
OFF-0073,ROADS,Executive Engineer,2023-07,63,38,60.3,3.0,1,2.3,0,0.63,0.908
OFF-0073,ROADS,Executive Engineer,2023-08,76,45,59.2,2.6,2,3.3,0,0.603,0.908
OFF-0073,ROADS,Executive Engineer,2023-09,47,29,61.7,3.3,0,1.5,1,0.562,0.908
OFF-0073,ROADS,Executive Engineer,2023-10,39,23,59.0,4.1,0,1.7,1,0.565,0.908
OFF-0073,ROADS,Executive Engineer,2023-11,46,34,73.9,2.4,0,1.5,1,0.49,0.908
OFF-0073,ROADS,Executive Engineer,2023-12,46,33,71.7,2.5,1,2.9,4,0.505,0.908
OFF-0073,ROADS,Executive Engineer,2024-01,45,30,66.7,2.9,1,2.4,4,0.526,0.908
OFF-0073,ROADS,Executive Engineer,2024-02,35,25,71.4,3.0,1,3.4,3,0.469,0.908
OFF-0073,ROADS,Executive Engineer,2024-03,45,36,80.0,3.1,1,3.2,0,0.543,0.908
OFF-0073,ROADS,Executive Engineer,2024-04,42,27,64.3,2.9,1,3.2,2,0.505,0.908
OFF-0073,ROADS,Executive Engineer,2024-05,37,23,62.2,1.4,1,3.7,2,0.36,0.908
OFF-0073,ROADS,Executive Engineer,2024-06,48,30,62.5,3.5,1,2.8,1,0.59,0.908
OFF-0073,ROADS,Executive Engineer,2024-07,68,45,66.2,2.3,2,3.3,0,0.579,0.908
OFF-0073,ROADS,Executive Engineer,2024-08,59,35,59.3,1.4,1,2.2,2,0.508,0.908
OFF-0073,ROADS,Executive Engineer,2024-09,66,45,68.2,2.2,0,1.5,0,0.572,0.908
OFF-0073,ROADS,Executive Engineer,2024-10,37,22,59.5,2.5,0,1.7,1,0.439,0.908
OFF-0073,ROADS,Executive Engineer,2024-11,41,33,80.5,2.1,1,2.8,4,0.437,0.908
OFF-0073,ROADS,Executive Engineer,2024-12,47,40,85.1,2.8,1,2.7,1,0.529,0.908
OFF-0074,ROADS,Coordinator,2022-01,23,21,91.3,0.5,0,0.0,2,0.191,1.16
OFF-0074,ROADS,Coordinator,2022-02,21,20,95.2,2.1,0,0.0,1,0.298,1.16
OFF-0074,ROADS,Coordinator,2022-03,21,19,90.5,0.5,0,0.0,2,0.177,1.16
OFF-0074,ROADS,Coordinator,2022-04,23,20,87.0,1.8,0,0.0,0,0.291,1.16
OFF-0074,ROADS,Coordinator,2022-05,21,20,95.2,1.6,0,0.0,1,0.258,1.16
OFF-0074,ROADS,Coordinator,2022-06,31,24,77.4,1.4,0,0.0,1,0.311,1.16
OFF-0074,ROADS,Coordinator,2022-07,36,31,86.1,3.0,0,0.0,3,0.462,1.16
OFF-0074,ROADS,Coordinator,2022-08,30,27,90.0,1.9,0,0.0,0,0.345,1.16
OFF-0074,ROADS,Coordinator,2022-09,24,23,95.8,1.8,0,0.0,0,0.294,1.16
OFF-0074,ROADS,Coordinator,2022-10,16,15,93.8,1.2,0,0.0,3,0.195,1.16
OFF-0074,ROADS,Coordinator,2022-11,22,21,95.5,0.5,0,0.0,1,0.184,1.16
OFF-0074,ROADS,Coordinator,2022-12,23,22,95.7,2.1,0,0.0,2,0.313,1.16
OFF-0074,ROADS,Coordinator,2023-01,17,16,94.1,1.1,0,0.0,1,0.196,1.16
OFF-0074,ROADS,Coordinator,2023-02,23,18,78.3,1.5,0,0.0,0,0.263,1.16
OFF-0074,ROADS,Coordinator,2023-03,20,19,95.0,1.1,0,0.0,1,0.218,1.16
OFF-0074,ROADS,Coordinator,2023-04,18,16,88.9,0.5,0,0.0,2,0.158,1.16
OFF-0074,ROADS,Coordinator,2023-05,19,16,84.2,1.3,0,0.0,3,0.222,1.16
OFF-0074,ROADS,Coordinator,2023-06,29,24,82.8,3.0,0,0.0,0,0.415,1.16
OFF-0074,ROADS,Coordinator,2023-07,22,18,81.8,0.9,0,0.0,2,0.214,1.16
OFF-0074,ROADS,Coordinator,2023-08,23,21,91.3,3.4,0,0.0,0,0.411,1.16
OFF-0074,ROADS,Coordinator,2023-09,29,25,86.2,2.4,0,0.0,1,0.37,1.16
OFF-0074,ROADS,Coordinator,2023-10,23,17,73.9,2.9,0,0.0,2,0.369,1.16
OFF-0074,ROADS,Coordinator,2023-11,23,20,87.0,1.0,0,0.0,1,0.232,1.16
OFF-0074,ROADS,Coordinator,2023-12,23,22,95.7,1.7,0,0.0,0,0.284,1.16
OFF-0074,ROADS,Coordinator,2024-01,17,13,76.5,4.3,0,0.0,0,0.413,1.16
OFF-0074,ROADS,Coordinator,2024-02,20,15,75.0,1.9,0,0.0,0,0.277,1.16
OFF-0074,ROADS,Coordinator,2024-03,19,18,94.7,1.3,0,0.0,4,0.224,1.16
OFF-0074,ROADS,Coordinator,2024-04,22,21,95.5,1.8,0,0.0,1,0.282,1.16
OFF-0074,ROADS,Coordinator,2024-05,17,14,82.4,2.2,0,0.0,3,0.275,1.16
OFF-0074,ROADS,Coordinator,2024-06,32,29,90.6,3.2,0,0.0,3,0.454,1.16
OFF-0074,ROADS,Coordinator,2024-07,28,22,78.6,4.0,0,0.0,1,0.483,1.16
OFF-0074,ROADS,Coordinator,2024-08,31,25,80.6,2.3,0,0.0,2,0.382,1.16
OFF-0074,ROADS,Coordinator,2024-09,34,26,76.5,2.5,0,0.0,0,0.412,1.16
OFF-0074,ROADS,Coordinator,2024-10,17,13,76.5,4.5,0,0.0,0,0.413,1.16
OFF-0074,ROADS,Coordinator,2024-11,17,16,94.1,0.5,0,0.0,2,0.154,1.16
OFF-0074,ROADS,Coordinator,2024-12,18,17,94.4,2.4,0,0.0,3,0.302,1.16
OFF-0075,ROADS,Assistant Engineer,2022-01,49,39,79.6,1.1,0,0.2,3,0.412,0.991
OFF-0075,ROADS,Assistant Engineer,2022-02,40,30,75.0,0.7,0,0.2,0,0.318,0.991
OFF-0075,ROADS,Assistant Engineer,2022-03,45,30,66.7,1.8,0,0.3,1,0.433,0.991
OFF-0075,ROADS,Assistant Engineer,2022-04,47,42,89.4,3.0,0,0.1,0,0.54,0.991
OFF-0075,ROADS,Assistant Engineer,2022-05,53,49,92.5,1.7,0,0.1,1,0.483,0.991
OFF-0075,ROADS,Assistant Engineer,2022-06,70,51,72.9,2.5,0,0.1,3,0.59,0.991
OFF-0075,ROADS,Assistant Engineer,2022-07,94,86,91.5,1.6,0,0.3,1,0.522,0.991
OFF-0075,ROADS,Assistant Engineer,2022-08,53,38,71.7,1.6,0,0.3,0,0.471,0.991
OFF-0075,ROADS,Assistant Engineer,2022-09,73,49,67.1,1.4,0,0.2,1,0.506,0.991
OFF-0075,ROADS,Assistant Engineer,2022-10,37,33,89.2,4.6,0,0.2,0,0.547,0.991
OFF-0075,ROADS,Assistant Engineer,2022-11,41,27,65.9,1.0,0,0.1,1,0.348,0.991
OFF-0075,ROADS,Assistant Engineer,2022-12,39,31,79.5,2.7,0,0.2,1,0.462,0.991
OFF-0075,ROADS,Assistant Engineer,2023-01,39,36,92.3,2.6,0,0.1,3,0.453,0.991
OFF-0075,ROADS,Assistant Engineer,2023-02,49,44,89.8,2.3,0,0.3,0,0.503,0.991
OFF-0075,ROADS,Assistant Engineer,2023-03,49,41,83.7,0.5,0,0.3,1,0.365,0.991
OFF-0075,ROADS,Assistant Engineer,2023-04,37,27,73.0,3.2,0,0.2,2,0.484,0.991
OFF-0075,ROADS,Assistant Engineer,2023-05,53,44,83.0,1.7,0,0.2,0,0.483,0.991
OFF-0075,ROADS,Assistant Engineer,2023-06,54,36,66.7,0.6,0,0.2,1,0.402,0.991
OFF-0075,ROADS,Assistant Engineer,2023-07,70,65,92.9,1.2,0,0.2,1,0.494,0.991
OFF-0075,ROADS,Assistant Engineer,2023-08,79,60,75.9,0.9,0,0.2,1,0.469,0.991
OFF-0075,ROADS,Assistant Engineer,2023-09,62,40,64.5,1.6,0,0.2,1,0.521,0.991
OFF-0075,ROADS,Assistant Engineer,2023-10,42,39,92.9,1.6,0,0.2,2,0.404,0.991
OFF-0075,ROADS,Assistant Engineer,2023-11,36,32,88.9,1.9,0,0.3,3,0.383,0.991
OFF-0075,ROADS,Assistant Engineer,2023-12,44,40,90.9,2.8,0,0.3,1,0.503,0.991
OFF-0075,ROADS,Assistant Engineer,2024-01,38,33,86.8,2.2,0,0.3,4,0.422,0.991
OFF-0075,ROADS,Assistant Engineer,2024-02,36,29,80.6,0.8,0,0.1,2,0.302,0.991
OFF-0075,ROADS,Assistant Engineer,2024-03,42,33,78.6,2.8,0,0.2,0,0.494,0.991
OFF-0075,ROADS,Assistant Engineer,2024-04,41,32,78.0,0.5,0,0.3,0,0.312,0.991
OFF-0075,ROADS,Assistant Engineer,2024-05,37,34,91.9,1.9,0,0.1,0,0.387,0.991
OFF-0075,ROADS,Assistant Engineer,2024-06,65,44,67.7,2.9,0,0.3,2,0.616,0.991
OFF-0075,ROADS,Assistant Engineer,2024-07,73,60,82.2,1.3,0,0.1,1,0.5,0.991
OFF-0075,ROADS,Assistant Engineer,2024-08,79,67,84.8,3.4,0,0.2,2,0.657,0.991
OFF-0075,ROADS,Assistant Engineer,2024-09,63,56,88.9,0.6,0,0.3,1,0.448,0.991
OFF-0075,ROADS,Assistant Engineer,2024-10,51,41,80.4,2.9,0,0.2,1,0.561,0.991
OFF-0075,ROADS,Assistant Engineer,2024-11,51,38,74.5,2.7,0,0.1,1,0.544,0.991
OFF-0075,ROADS,Assistant Engineer,2024-12,45,40,88.9,2.1,0,0.2,3,0.457,0.991
OFF-0076,WATER,Coordinator,2022-01,28,26,92.9,0.6,0,0.0,3,0.27,1.186
OFF-0076,WATER,Coordinator,2022-02,27,23,85.2,0.5,0,0.0,1,0.255,1.186
OFF-0076,WATER,Coordinator,2022-03,30,29,96.7,0.7,0,0.0,1,0.31,1.186
OFF-0076,WATER,Coordinator,2022-04,30,26,86.7,1.2,0,0.0,3,0.383,1.186
OFF-0076,WATER,Coordinator,2022-05,22,21,95.5,1.1,0,0.0,3,0.308,1.186
OFF-0076,WATER,Coordinator,2022-06,44,43,97.7,0.8,0,0.0,2,0.42,1.186
OFF-0076,WATER,Coordinator,2022-07,36,29,80.6,1.3,0,0.0,0,0.433,1.186
OFF-0076,WATER,Coordinator,2022-08,33,32,97.0,1.3,0,0.0,0,0.416,1.186
OFF-0076,WATER,Coordinator,2022-09,40,39,97.5,0.5,0,0.0,3,0.347,1.186
OFF-0076,WATER,Coordinator,2022-10,25,24,96.0,1.0,0,0.0,0,0.315,1.186
OFF-0076,WATER,Coordinator,2022-11,22,21,95.5,0.6,0,0.0,0,0.234,1.186
OFF-0076,WATER,Coordinator,2022-12,24,21,87.5,0.6,0,0.0,1,0.257,1.186
OFF-0076,WATER,Coordinator,2023-01,23,22,95.7,0.8,0,0.0,0,0.267,1.186
OFF-0076,WATER,Coordinator,2023-02,28,27,96.4,0.8,0,0.0,0,0.314,1.186
OFF-0076,WATER,Coordinator,2023-03,27,26,96.3,1.0,0,0.0,0,0.333,1.186
OFF-0076,WATER,Coordinator,2023-04,24,23,95.8,1.1,0,0.0,1,0.331,1.186
OFF-0076,WATER,Coordinator,2023-05,27,24,88.9,0.9,0,0.0,2,0.314,1.186
OFF-0076,WATER,Coordinator,2023-06,37,36,97.3,1.2,0,0.0,1,0.425,1.186
OFF-0076,WATER,Coordinator,2023-07,36,35,97.2,0.5,0,0.0,1,0.315,1.186
OFF-0076,WATER,Coordinator,2023-08,43,42,97.7,1.1,0,0.0,2,0.452,1.186
OFF-0076,WATER,Coordinator,2023-09,34,32,94.1,0.5,0,0.0,2,0.302,1.186
OFF-0076,WATER,Coordinator,2023-10,22,19,86.4,1.0,0,0.0,2,0.295,1.186
OFF-0076,WATER,Coordinator,2023-11,24,22,91.7,1.0,0,0.0,2,0.305,1.186
OFF-0076,WATER,Coordinator,2023-12,28,27,96.4,1.1,0,0.0,3,0.349,1.186
OFF-0076,WATER,Coordinator,2024-01,24,22,91.7,1.0,0,0.0,0,0.31,1.186
OFF-0076,WATER,Coordinator,2024-02,30,27,90.0,0.5,0,0.0,2,0.275,1.186
OFF-0076,WATER,Coordinator,2024-03,29,28,96.6,0.9,0,0.0,3,0.333,1.186
OFF-0076,WATER,Coordinator,2024-04,23,19,82.6,1.2,0,0.0,4,0.337,1.186
OFF-0076,WATER,Coordinator,2024-05,28,22,78.6,0.5,0,0.0,1,0.262,1.186
OFF-0076,WATER,Coordinator,2024-06,40,39,97.5,0.6,0,0.0,1,0.351,1.186
OFF-0076,WATER,Coordinator,2024-07,40,39,97.5,1.0,0,0.0,3,0.41,1.186
OFF-0076,WATER,Coordinator,2024-08,41,40,97.6,1.4,0,0.0,2,0.48,1.186
OFF-0076,WATER,Coordinator,2024-09,42,34,81.0,0.5,0,0.0,1,0.355,1.186
OFF-0076,WATER,Coordinator,2024-10,21,17,81.0,0.5,0,0.0,1,0.215,1.186
OFF-0076,WATER,Coordinator,2024-11,26,25,96.2,0.5,0,0.0,0,0.248,1.186
OFF-0076,WATER,Coordinator,2024-12,27,26,96.3,0.5,0,0.0,0,0.255,1.186
OFF-0077,WATER,Field Officer,2022-01,33,19,57.6,1.0,1,6.0,1,0.386,0.797
OFF-0077,WATER,Field Officer,2022-02,27,16,59.3,2.2,0,2.4,0,0.487,0.797
OFF-0077,WATER,Field Officer,2022-03,31,18,58.1,0.8,2,7.7,1,0.352,0.797
OFF-0077,WATER,Field Officer,2022-04,34,17,50.0,1.2,0,2.2,3,0.419,0.797
OFF-0077,WATER,Field Officer,2022-05,33,23,69.7,1.6,2,7.1,2,0.483,0.797
OFF-0077,WATER,Field Officer,2022-06,64,39,60.9,1.1,4,7.4,2,0.58,0.797
OFF-0077,WATER,Field Officer,2022-07,45,29,64.4,0.6,3,7.9,2,0.421,0.797
OFF-0077,WATER,Field Officer,2022-08,49,31,63.3,0.9,3,6.5,1,0.486,0.797
OFF-0077,WATER,Field Officer,2022-09,49,34,69.4,1.2,2,4.5,1,0.52,0.797
OFF-0077,WATER,Field Officer,2022-10,27,19,70.4,0.6,1,4.7,2,0.284,0.797
OFF-0077,WATER,Field Officer,2022-11,28,19,67.9,1.5,0,3.2,3,0.418,0.797
OFF-0077,WATER,Field Officer,2022-12,28,14,50.0,1.0,2,7.5,1,0.359,0.797
OFF-0077,WATER,Field Officer,2023-01,30,21,70.0,0.6,0,2.5,0,0.303,0.797
OFF-0077,WATER,Field Officer,2023-02,32,21,65.6,1.3,1,5.2,0,0.421,0.797
OFF-0077,WATER,Field Officer,2023-03,32,22,68.8,2.4,1,4.5,2,0.527,0.797
OFF-0077,WATER,Field Officer,2023-04,34,19,55.9,1.2,1,3.6,1,0.425,0.797
OFF-0077,WATER,Field Officer,2023-05,26,19,73.1,1.8,1,5.9,0,0.461,0.797
OFF-0077,WATER,Field Officer,2023-06,41,22,53.7,1.4,1,3.7,2,0.5,0.797
OFF-0077,WATER,Field Officer,2023-07,46,27,58.7,1.7,1,3.7,2,0.577,0.797
OFF-0077,WATER,Field Officer,2023-08,40,29,72.5,1.6,1,3.3,3,0.515,0.797
OFF-0077,WATER,Field Officer,2023-09,57,41,71.9,2.1,2,3.8,0,0.691,0.797
OFF-0077,WATER,Field Officer,2023-10,31,18,58.1,1.3,2,6.7,1,0.428,0.797
OFF-0077,WATER,Field Officer,2023-11,37,25,67.6,1.9,1,3.4,1,0.547,0.797
OFF-0077,WATER,Field Officer,2023-12,37,24,64.9,0.5,1,3.1,0,0.331,0.797
OFF-0077,WATER,Field Officer,2024-01,34,20,58.8,2.1,2,7.3,1,0.548,0.797
OFF-0077,WATER,Field Officer,2024-02,30,18,60.0,1.4,1,4.2,0,0.416,0.797
OFF-0077,WATER,Field Officer,2024-03,36,24,66.7,1.3,2,7.4,0,0.452,0.797
OFF-0077,WATER,Field Officer,2024-04,26,17,65.4,2.1,1,7.0,0,0.494,0.797
OFF-0077,WATER,Field Officer,2024-05,25,18,72.0,1.7,1,5.7,0,0.437,0.797
OFF-0077,WATER,Field Officer,2024-06,41,22,53.7,0.9,2,5.8,1,0.423,0.797
OFF-0077,WATER,Field Officer,2024-07,48,26,54.2,1.6,2,5.6,1,0.57,0.797
OFF-0077,WATER,Field Officer,2024-08,44,33,75.0,0.5,1,4.4,3,0.382,0.797
OFF-0077,WATER,Field Officer,2024-09,52,30,57.7,1.6,3,7.0,2,0.605,0.797
OFF-0077,WATER,Field Officer,2024-10,32,16,50.0,0.5,0,3.0,4,0.297,0.797
OFF-0077,WATER,Field Officer,2024-11,35,25,71.4,0.9,2,6.4,0,0.386,0.797
OFF-0077,WATER,Field Officer,2024-12,27,14,51.9,1.2,2,7.6,1,0.383,0.797
OFF-0078,WATER,Field Officer,2022-01,42,23,54.8,0.5,1,4.1,0,0.367,0.843
OFF-0078,WATER,Field Officer,2022-02,46,26,56.5,1.6,0,2.1,0,0.549,0.843
OFF-0078,WATER,Field Officer,2022-03,35,24,68.6,0.9,0,1.9,0,0.374,0.843
OFF-0078,WATER,Field Officer,2022-04,35,26,74.3,0.5,1,5.1,3,0.324,0.843
OFF-0078,WATER,Field Officer,2022-05,36,20,55.6,1.1,1,4.8,0,0.426,0.843
OFF-0078,WATER,Field Officer,2022-06,66,37,56.1,1.3,1,2.8,2,0.609,0.843
OFF-0078,WATER,Field Officer,2022-07,75,58,77.3,1.0,1,1.9,2,0.548,0.843
OFF-0078,WATER,Field Officer,2022-08,75,44,58.7,0.8,4,6.1,0,0.543,0.843
OFF-0078,WATER,Field Officer,2022-09,77,52,67.5,0.9,2,3.1,3,0.551,0.843
OFF-0078,WATER,Field Officer,2022-10,44,34,77.3,2.1,2,5.5,2,0.61,0.843
OFF-0078,WATER,Field Officer,2022-11,44,28,63.6,0.5,2,4.8,0,0.383,0.843
OFF-0078,WATER,Field Officer,2022-12,47,35,74.5,0.5,1,4.0,0,0.4,0.843
OFF-0078,WATER,Field Officer,2023-01,49,30,61.2,0.9,1,2.9,2,0.469,0.843
OFF-0078,WATER,Field Officer,2023-02,45,25,55.6,1.5,2,4.6,1,0.539,0.843
OFF-0078,WATER,Field Officer,2023-03,36,26,72.2,1.5,1,5.2,1,0.486,0.843
OFF-0078,WATER,Field Officer,2023-04,51,39,76.5,1.7,2,5.5,0,0.604,0.843
OFF-0078,WATER,Field Officer,2023-05,49,29,59.2,0.7,2,4.7,1,0.445,0.843
OFF-0078,WATER,Field Officer,2023-06,73,40,54.8,1.4,1,1.6,1,0.615,0.843
OFF-0078,WATER,Field Officer,2023-07,69,44,63.8,1.2,4,6.2,1,0.596,0.843
OFF-0078,WATER,Field Officer,2023-08,79,58,73.4,2.7,2,2.8,3,0.708,0.843
OFF-0078,WATER,Field Officer,2023-09,62,41,66.1,0.5,1,3.0,1,0.484,0.843
OFF-0078,WATER,Field Officer,2023-10,47,37,78.7,1.3,2,4.5,2,0.527,0.843
OFF-0078,WATER,Field Officer,2023-11,37,21,56.8,0.5,0,2.5,2,0.334,0.843
OFF-0078,WATER,Field Officer,2023-12,43,30,69.8,0.5,2,5.3,1,0.378,0.843
OFF-0078,WATER,Field Officer,2024-01,49,35,71.4,0.7,3,6.2,1,0.446,0.843
OFF-0078,WATER,Field Officer,2024-02,36,21,58.3,1.1,0,2.8,1,0.416,0.843
OFF-0078,WATER,Field Officer,2024-03,47,26,55.3,1.6,1,2.6,1,0.568,0.843
OFF-0078,WATER,Field Officer,2024-04,46,36,78.3,1.0,1,2.5,0,0.47,0.843
OFF-0078,WATER,Field Officer,2024-05,35,25,71.4,0.7,1,2.9,1,0.346,0.843
OFF-0078,WATER,Field Officer,2024-06,66,42,63.6,0.5,2,3.0,1,0.484,0.843
OFF-0078,WATER,Field Officer,2024-07,61,35,57.4,1.0,2,4.0,0,0.556,0.843
OFF-0078,WATER,Field Officer,2024-08,61,35,57.4,1.6,2,4.7,0,0.659,0.843
OFF-0078,WATER,Field Officer,2024-09,60,43,71.7,0.8,3,5.8,2,0.539,0.843
OFF-0078,WATER,Field Officer,2024-10,48,30,62.5,1.1,2,4.8,3,0.493,0.843
OFF-0078,WATER,Field Officer,2024-11,47,28,59.6,0.8,2,4.3,3,0.443,0.843
OFF-0078,WATER,Field Officer,2024-12,36,26,72.2,1.8,1,2.8,2,0.516,0.843
OFF-0079,WATER,Assistant Engineer,2022-01,17,14,82.4,1.1,0,0.0,0,0.279,1.006
OFF-0079,WATER,Assistant Engineer,2022-02,17,12,70.6,1.0,0,0.0,1,0.268,1.006
OFF-0079,WATER,Assistant Engineer,2022-03,19,12,63.2,1.6,0,0.0,1,0.36,1.006
OFF-0079,WATER,Assistant Engineer,2022-04,20,15,75.0,0.8,0,0.0,1,0.246,1.006
OFF-0079,WATER,Assistant Engineer,2022-05,20,16,80.0,1.4,0,0.0,0,0.349,1.006
OFF-0079,WATER,Assistant Engineer,2022-06,23,18,78.3,0.8,0,0.0,2,0.276,1.006
OFF-0079,WATER,Assistant Engineer,2022-07,27,24,88.9,0.9,0,0.0,2,0.315,1.006
OFF-0079,WATER,Assistant Engineer,2022-08,27,18,66.7,1.6,0,0.0,3,0.42,1.006
OFF-0079,WATER,Assistant Engineer,2022-09,26,18,69.2,0.5,0,0.0,0,0.248,1.006
OFF-0079,WATER,Assistant Engineer,2022-10,18,12,66.7,0.5,0,0.0,2,0.195,1.006
OFF-0079,WATER,Assistant Engineer,2022-11,19,14,73.7,1.0,0,0.0,0,0.27,1.006
OFF-0079,WATER,Assistant Engineer,2022-12,16,11,68.8,1.4,0,0.0,1,0.317,1.006
OFF-0079,WATER,Assistant Engineer,2023-01,20,15,75.0,1.0,0,0.0,4,0.278,1.006
OFF-0079,WATER,Assistant Engineer,2023-02,15,11,73.3,1.1,0,0.0,2,0.272,1.006
OFF-0079,WATER,Assistant Engineer,2023-03,14,12,85.7,0.5,0,0.0,0,0.168,1.006
OFF-0079,WATER,Assistant Engineer,2023-04,19,14,73.7,1.4,0,0.0,1,0.34,1.006
OFF-0079,WATER,Assistant Engineer,2023-05,15,9,60.0,0.9,0,0.0,1,0.232,1.006
OFF-0079,WATER,Assistant Engineer,2023-06,25,17,68.0,1.3,0,0.0,0,0.367,1.006
OFF-0079,WATER,Assistant Engineer,2023-07,28,18,64.3,0.7,0,0.0,0,0.285,1.006
OFF-0079,WATER,Assistant Engineer,2023-08,28,25,89.3,2.0,0,0.0,0,0.487,1.006
OFF-0079,WATER,Assistant Engineer,2023-09,20,16,80.0,1.5,0,0.0,0,0.359,1.006
OFF-0079,WATER,Assistant Engineer,2023-10,16,13,81.2,1.2,0,0.0,1,0.294,1.006
OFF-0079,WATER,Assistant Engineer,2023-11,17,11,64.7,1.5,0,0.0,2,0.34,1.006
OFF-0079,WATER,Assistant Engineer,2023-12,18,14,77.8,0.6,0,0.0,0,0.204,1.006
OFF-0079,WATER,Assistant Engineer,2024-01,16,14,87.5,1.4,0,0.0,1,0.322,1.006
OFF-0079,WATER,Assistant Engineer,2024-02,15,10,66.7,1.4,0,0.0,2,0.303,1.006
OFF-0079,WATER,Assistant Engineer,2024-03,16,10,62.5,1.4,0,0.0,0,0.318,1.006
OFF-0079,WATER,Assistant Engineer,2024-04,17,13,76.5,0.7,0,0.0,1,0.216,1.006
OFF-0079,WATER,Assistant Engineer,2024-05,17,16,94.1,1.0,0,0.0,3,0.266,1.006
OFF-0079,WATER,Assistant Engineer,2024-06,34,32,94.1,1.2,0,0.0,0,0.404,1.006
OFF-0079,WATER,Assistant Engineer,2024-07,29,19,65.5,0.5,0,0.0,2,0.268,1.006
OFF-0079,WATER,Assistant Engineer,2024-08,34,24,70.6,1.1,0,0.0,2,0.399,1.006
OFF-0079,WATER,Assistant Engineer,2024-09,25,22,88.0,1.3,0,0.0,4,0.362,1.006
OFF-0079,WATER,Assistant Engineer,2024-10,18,15,83.3,2.1,0,0.0,0,0.42,1.006
OFF-0079,WATER,Assistant Engineer,2024-11,19,15,78.9,0.7,0,0.0,1,0.226,1.006
OFF-0079,WATER,Assistant Engineer,2024-12,14,12,85.7,1.4,0,0.0,2,0.297,1.006
OFF-0080,WATER,Coordinator,2022-01,39,24,61.5,1.3,1,4.1,2,0.464,0.898
OFF-0080,WATER,Coordinator,2022-02,39,24,61.5,1.0,1,3.6,2,0.421,0.898
OFF-0080,WATER,Coordinator,2022-03,37,28,75.7,1.2,0,1.1,3,0.429,0.898
OFF-0080,WATER,Coordinator,2022-04,40,27,67.5,0.8,0,1.2,3,0.394,0.898
OFF-0080,WATER,Coordinator,2022-05,39,30,76.9,0.5,1,3.8,1,0.347,0.898
OFF-0080,WATER,Coordinator,2022-06,62,50,80.6,0.8,1,1.6,0,0.526,0.898
OFF-0080,WATER,Coordinator,2022-07,59,39,66.1,0.8,1,1.8,3,0.515,0.898
OFF-0080,WATER,Coordinator,2022-08,65,46,70.8,1.3,1,3.0,2,0.602,0.898
OFF-0080,WATER,Coordinator,2022-09,62,47,75.8,1.0,2,4.0,4,0.561,0.898
OFF-0080,WATER,Coordinator,2022-10,49,28,57.1,1.1,1,2.4,2,0.496,0.898
OFF-0080,WATER,Coordinator,2022-11,36,27,75.0,0.7,0,1.6,1,0.344,0.898
OFF-0080,WATER,Coordinator,2022-12,42,25,59.5,2.1,0,2.3,4,0.587,0.898
OFF-0080,WATER,Coordinator,2023-01,41,23,56.1,0.9,0,2.0,4,0.411,0.898
OFF-0080,WATER,Coordinator,2023-02,36,28,77.8,2.1,1,3.0,0,0.549,0.898
OFF-0080,WATER,Coordinator,2023-03,44,25,56.8,1.4,1,2.9,0,0.518,0.898
OFF-0080,WATER,Coordinator,2023-04,47,33,70.2,2.2,1,2.8,0,0.622,0.898
OFF-0080,WATER,Coordinator,2023-05,37,26,70.3,0.9,1,3.1,2,0.391,0.898
OFF-0080,WATER,Coordinator,2023-06,64,40,62.5,0.5,0,1.1,1,0.478,0.898
OFF-0080,WATER,Coordinator,2023-07,61,49,80.3,1.4,1,1.8,3,0.608,0.898
OFF-0080,WATER,Coordinator,2023-08,70,44,62.9,0.9,0,1.1,1,0.545,0.898
OFF-0080,WATER,Coordinator,2023-09,60,40,66.7,1.6,1,2.4,2,0.644,0.898
OFF-0080,WATER,Coordinator,2023-10,49,38,77.6,1.6,1,3.0,0,0.57,0.898
OFF-0080,WATER,Coordinator,2023-11,34,23,67.6,0.6,0,2.0,4,0.319,0.898
OFF-0080,WATER,Coordinator,2023-12,42,28,66.7,1.3,1,2.5,0,0.484,0.898
OFF-0080,WATER,Coordinator,2024-01,40,29,72.5,0.6,1,2.7,0,0.364,0.898
OFF-0080,WATER,Coordinator,2024-02,48,29,60.4,0.9,0,1.2,0,0.461,0.898
OFF-0080,WATER,Coordinator,2024-03,36,28,77.8,0.9,0,2.7,0,0.381,0.898
OFF-0080,WATER,Coordinator,2024-04,38,23,60.5,0.7,1,3.0,2,0.375,0.898
OFF-0080,WATER,Coordinator,2024-05,40,25,62.5,1.0,0,2.4,2,0.423,0.898
OFF-0080,WATER,Coordinator,2024-06,53,44,83.0,0.5,1,3.0,2,0.437,0.898
OFF-0080,WATER,Coordinator,2024-07,79,67,84.8,1.6,2,3.7,0,0.645,0.898
OFF-0080,WATER,Coordinator,2024-08,82,59,72.0,0.7,0,1.1,3,0.502,0.898
OFF-0080,WATER,Coordinator,2024-09,68,40,58.8,1.7,2,3.5,0,0.659,0.898
OFF-0080,WATER,Coordinator,2024-10,44,25,56.8,1.1,0,1.1,1,0.459,0.898
OFF-0080,WATER,Coordinator,2024-11,42,27,64.3,0.8,1,3.5,1,0.41,0.898
OFF-0080,WATER,Coordinator,2024-12,36,27,75.0,1.2,1,3.2,2,0.43,0.898
OFF-0081,WATER,Coordinator,2022-01,40,31,77.5,0.5,0,0.0,2,0.342,1.08
OFF-0081,WATER,Coordinator,2022-02,47,39,83.0,0.5,0,0.0,1,0.388,1.08
OFF-0081,WATER,Coordinator,2022-03,42,38,90.5,0.8,0,0.0,0,0.402,1.08
OFF-0081,WATER,Coordinator,2022-04,51,45,88.2,1.4,0,0.0,2,0.549,1.08
OFF-0081,WATER,Coordinator,2022-05,46,35,76.1,1.2,0,0.0,3,0.49,1.08
OFF-0081,WATER,Coordinator,2022-06,78,76,97.4,1.0,0,0.0,1,0.547,1.08
OFF-0081,WATER,Coordinator,2022-07,62,50,80.6,0.8,0,0.0,2,0.519,1.08
OFF-0081,WATER,Coordinator,2022-08,80,69,86.2,1.1,0,0.0,0,0.561,1.08
OFF-0081,WATER,Coordinator,2022-09,75,66,88.0,1.0,0,0.0,1,0.55,1.08
OFF-0081,WATER,Coordinator,2022-10,40,28,70.0,1.1,0,0.0,1,0.427,1.08
OFF-0081,WATER,Coordinator,2022-11,50,39,78.0,1.2,0,0.0,1,0.511,1.08
OFF-0081,WATER,Coordinator,2022-12,52,50,96.2,0.7,0,0.0,1,0.459,1.08
OFF-0081,WATER,Coordinator,2023-01,51,40,78.4,1.1,0,0.0,0,0.506,1.08
OFF-0081,WATER,Coordinator,2023-02,44,32,72.7,1.3,0,0.0,1,0.483,1.08
OFF-0081,WATER,Coordinator,2023-03,50,46,92.0,1.2,0,0.0,1,0.507,1.08
OFF-0081,WATER,Coordinator,2023-04,43,39,90.7,1.2,0,0.0,1,0.469,1.08
OFF-0081,WATER,Coordinator,2023-05,37,36,97.3,1.6,0,0.0,1,0.493,1.08
OFF-0081,WATER,Coordinator,2023-06,67,61,91.0,0.8,0,0.0,4,0.517,1.08
OFF-0081,WATER,Coordinator,2023-07,59,42,71.2,1.1,0,0.0,0,0.561,1.08
OFF-0081,WATER,Coordinator,2023-08,49,38,77.6,1.6,0,0.0,0,0.569,1.08
OFF-0081,WATER,Coordinator,2023-09,69,65,94.2,0.8,0,0.0,1,0.527,1.08
OFF-0081,WATER,Coordinator,2023-10,46,33,71.7,0.9,0,0.0,2,0.443,1.08
OFF-0081,WATER,Coordinator,2023-11,45,34,75.6,1.3,0,0.0,3,0.496,1.08
OFF-0081,WATER,Coordinator,2023-12,39,35,89.7,0.6,0,0.0,2,0.351,1.08
OFF-0081,WATER,Coordinator,2024-01,38,37,97.4,0.8,0,0.0,1,0.378,1.08
OFF-0081,WATER,Coordinator,2024-02,46,43,93.5,1.3,0,0.0,2,0.499,1.08
OFF-0081,WATER,Coordinator,2024-03,52,50,96.2,0.7,0,0.0,1,0.455,1.08
OFF-0081,WATER,Coordinator,2024-04,52,48,92.3,1.2,0,0.0,1,0.527,1.08
OFF-0081,WATER,Coordinator,2024-05,39,37,94.9,1.4,0,0.0,0,0.473,1.08
OFF-0081,WATER,Coordinator,2024-06,56,51,91.1,0.6,0,0.0,4,0.458,1.08
OFF-0081,WATER,Coordinator,2024-07,52,50,96.2,1.3,0,0.0,3,0.537,1.08
OFF-0081,WATER,Coordinator,2024-08,87,65,74.7,1.7,0,0.0,1,0.652,1.08
OFF-0081,WATER,Coordinator,2024-09,77,61,79.2,1.2,0,0.0,2,0.573,1.08
OFF-0081,WATER,Coordinator,2024-10,42,36,85.7,0.7,0,0.0,2,0.387,1.08
OFF-0081,WATER,Coordinator,2024-11,41,36,87.8,0.5,0,0.0,1,0.348,1.08
OFF-0081,WATER,Coordinator,2024-12,41,33,80.5,2.0,0,0.0,1,0.573,1.08
OFF-0082,WATER,Coordinator,2022-01,30,19,63.3,0.9,0,1.8,0,0.344,0.935
OFF-0082,WATER,Coordinator,2022-02,33,23,69.7,1.4,0,1.6,2,0.431,0.935
OFF-0082,WATER,Coordinator,2022-03,36,31,86.1,0.7,0,1.4,0,0.355,0.935
OFF-0082,WATER,Coordinator,2022-04,29,23,79.3,1.6,0,2.4,0,0.44,0.935
OFF-0082,WATER,Coordinator,2022-05,35,24,68.6,0.9,0,2.2,2,0.37,0.935
OFF-0082,WATER,Coordinator,2022-06,41,31,75.6,0.5,0,0.7,1,0.35,0.935
OFF-0082,WATER,Coordinator,2022-07,42,26,61.9,1.0,0,1.0,2,0.433,0.935
OFF-0082,WATER,Coordinator,2022-08,50,38,76.0,0.7,0,1.5,2,0.443,0.935
OFF-0082,WATER,Coordinator,2022-09,57,36,63.2,1.2,1,2.0,0,0.572,0.935
OFF-0082,WATER,Coordinator,2022-10,34,26,76.5,0.8,0,2.1,0,0.359,0.935
OFF-0082,WATER,Coordinator,2022-11,36,21,58.3,0.7,0,1.6,1,0.348,0.935
OFF-0082,WATER,Coordinator,2022-12,34,25,73.5,1.2,0,1.5,1,0.41,0.935
OFF-0082,WATER,Coordinator,2023-01,28,22,78.6,2.6,0,2.1,3,0.493,0.935
OFF-0082,WATER,Coordinator,2023-02,31,21,67.7,0.6,0,1.5,2,0.301,0.935
OFF-0082,WATER,Coordinator,2023-03,33,24,72.7,1.6,0,1.8,0,0.47,0.935
OFF-0082,WATER,Coordinator,2023-04,30,23,76.7,0.8,0,2.5,0,0.326,0.935
OFF-0082,WATER,Coordinator,2023-05,25,16,64.0,1.5,0,0.8,4,0.399,0.935
OFF-0082,WATER,Coordinator,2023-06,48,42,87.5,1.1,0,1.5,2,0.488,0.935
OFF-0082,WATER,Coordinator,2023-07,38,29,76.3,1.1,0,1.7,1,0.418,0.935
OFF-0082,WATER,Coordinator,2023-08,49,36,73.5,2.4,0,0.8,1,0.629,0.935
OFF-0082,WATER,Coordinator,2023-09,47,31,66.0,1.6,0,1.9,2,0.552,0.935
OFF-0082,WATER,Coordinator,2023-10,27,17,63.0,1.4,0,1.4,0,0.4,0.935
OFF-0082,WATER,Coordinator,2023-11,35,28,80.0,2.0,0,2.0,0,0.537,0.935
OFF-0082,WATER,Coordinator,2023-12,33,20,60.6,1.4,0,0.7,2,0.439,0.935
OFF-0082,WATER,Coordinator,2024-01,28,24,85.7,0.9,0,1.2,2,0.325,0.935
OFF-0082,WATER,Coordinator,2024-02,36,25,69.4,0.9,0,2.6,2,0.388,0.935
OFF-0082,WATER,Coordinator,2024-03,36,23,63.9,1.3,0,2.2,0,0.447,0.935
OFF-0082,WATER,Coordinator,2024-04,35,30,85.7,1.4,0,1.6,1,0.444,0.935
OFF-0082,WATER,Coordinator,2024-05,30,18,60.0,0.7,0,2.1,0,0.309,0.935
OFF-0082,WATER,Coordinator,2024-06,50,32,64.0,1.3,0,0.8,0,0.536,0.935
OFF-0082,WATER,Coordinator,2024-07,37,23,62.2,0.8,0,1.0,2,0.37,0.935
OFF-0082,WATER,Coordinator,2024-08,47,33,70.2,1.1,1,2.2,2,0.491,0.935
OFF-0082,WATER,Coordinator,2024-09,56,39,69.6,0.5,0,0.7,0,0.45,0.935
OFF-0082,WATER,Coordinator,2024-10,26,18,69.2,1.3,0,1.1,1,0.375,0.935
OFF-0082,WATER,Coordinator,2024-11,32,27,84.4,1.0,0,1.5,0,0.363,0.935
OFF-0082,WATER,Coordinator,2024-12,27,19,70.4,0.5,0,2.4,0,0.262,0.935
OFF-0083,WATER,Coordinator,2022-01,21,12,57.1,1.6,1,5.3,1,0.389,0.724
OFF-0083,WATER,Coordinator,2022-02,20,13,65.0,1.2,1,8.5,0,0.334,0.724
OFF-0083,WATER,Coordinator,2022-03,25,15,60.0,1.4,2,8.1,1,0.396,0.724
OFF-0083,WATER,Coordinator,2022-04,22,14,63.6,1.3,0,3.7,2,0.356,0.724
OFF-0083,WATER,Coordinator,2022-05,21,14,66.7,1.7,2,9.7,4,0.419,0.724
OFF-0083,WATER,Coordinator,2022-06,33,21,63.6,2.2,1,4.8,1,0.534,0.724
OFF-0083,WATER,Coordinator,2022-07,28,17,60.7,1.6,1,5.1,1,0.439,0.724
OFF-0083,WATER,Coordinator,2022-08,43,27,62.8,1.1,4,10.6,2,0.485,0.724
OFF-0083,WATER,Coordinator,2022-09,48,29,60.4,1.3,4,10.2,1,0.545,0.724
OFF-0083,WATER,Coordinator,2022-10,19,12,63.2,1.5,1,6.9,0,0.37,0.724
OFF-0083,WATER,Coordinator,2022-11,23,11,47.8,1.1,1,8.5,1,0.338,0.724
OFF-0083,WATER,Coordinator,2022-12,20,11,55.0,1.6,1,5.3,1,0.394,0.724
OFF-0083,WATER,Coordinator,2023-01,20,12,60.0,1.8,1,5.1,1,0.414,0.724
OFF-0083,WATER,Coordinator,2023-02,20,12,60.0,2.3,1,7.4,0,0.456,0.724
OFF-0083,WATER,Coordinator,2023-03,21,11,52.4,2.2,1,7.7,0,0.463,0.724
OFF-0083,WATER,Coordinator,2023-04,23,11,47.8,1.3,0,3.0,0,0.353,0.724
OFF-0083,WATER,Coordinator,2023-05,19,10,52.6,1.7,0,3.6,3,0.386,0.724
OFF-0083,WATER,Coordinator,2023-06,34,16,47.1,1.5,2,7.0,1,0.466,0.724
OFF-0083,WATER,Coordinator,2023-07,31,14,45.2,1.3,1,4.8,0,0.412,0.724
OFF-0083,WATER,Coordinator,2023-08,39,23,59.0,1.8,1,4.9,3,0.54,0.724
OFF-0083,WATER,Coordinator,2023-09,42,27,64.3,1.3,3,7.2,3,0.493,0.724
OFF-0083,WATER,Coordinator,2023-10,22,14,63.6,1.5,0,2.8,1,0.374,0.724
OFF-0083,WATER,Coordinator,2023-11,25,16,64.0,1.0,1,4.2,0,0.324,0.724
OFF-0083,WATER,Coordinator,2023-12,19,10,52.6,1.5,0,3.5,0,0.364,0.724
OFF-0083,WATER,Coordinator,2024-01,27,17,63.0,1.0,2,10.7,0,0.355,0.724
OFF-0083,WATER,Coordinator,2024-02,20,9,45.0,1.5,2,10.1,2,0.394,0.724
OFF-0083,WATER,Coordinator,2024-03,23,13,56.5,1.5,2,10.7,1,0.413,0.724
OFF-0083,WATER,Coordinator,2024-04,23,14,60.9,1.4,1,4.5,0,0.378,0.724
OFF-0083,WATER,Coordinator,2024-05,24,15,62.5,1.8,2,10.9,2,0.468,0.724
OFF-0083,WATER,Coordinator,2024-06,37,19,51.4,1.6,3,8.9,3,0.509,0.724
OFF-0083,WATER,Coordinator,2024-07,41,23,56.1,1.5,1,4.5,3,0.506,0.724
OFF-0083,WATER,Coordinator,2024-08,40,22,55.0,1.1,3,7.7,0,0.457,0.724
OFF-0083,WATER,Coordinator,2024-09,38,22,57.9,0.7,1,3.9,0,0.366,0.724
OFF-0083,WATER,Coordinator,2024-10,21,12,57.1,1.1,2,10.3,3,0.333,0.724
OFF-0083,WATER,Coordinator,2024-11,22,13,59.1,1.6,1,8.9,2,0.411,0.724
OFF-0083,WATER,Coordinator,2024-12,19,12,63.2,2.1,0,3.2,1,0.436,0.724
OFF-0084,WATER,Assistant Engineer,2022-01,14,12,85.7,0.5,0,0.0,1,0.168,1.177
OFF-0084,WATER,Assistant Engineer,2022-02,18,17,94.4,1.3,0,0.0,1,0.308,1.177
OFF-0084,WATER,Assistant Engineer,2022-03,19,16,84.2,0.5,0,0.0,0,0.202,1.177
OFF-0084,WATER,Assistant Engineer,2022-04,16,15,93.8,0.5,0,0.0,0,0.182,1.177
OFF-0084,WATER,Assistant Engineer,2022-05,17,16,94.1,0.8,0,0.0,3,0.233,1.177
OFF-0084,WATER,Assistant Engineer,2022-06,28,25,89.3,0.5,0,0.0,1,0.262,1.177
OFF-0084,WATER,Assistant Engineer,2022-07,27,25,92.6,1.1,0,0.0,2,0.342,1.177
OFF-0084,WATER,Assistant Engineer,2022-08,29,28,96.6,0.7,0,0.0,1,0.292,1.177
OFF-0084,WATER,Assistant Engineer,2022-09,20,19,95.0,1.3,0,0.0,0,0.323,1.177
OFF-0084,WATER,Assistant Engineer,2022-10,15,14,93.3,1.6,0,0.0,1,0.336,1.177
OFF-0084,WATER,Assistant Engineer,2022-11,14,13,92.9,0.8,0,0.0,3,0.212,1.177
OFF-0084,WATER,Assistant Engineer,2022-12,14,13,92.9,1.0,0,0.0,0,0.245,1.177
OFF-0084,WATER,Assistant Engineer,2023-01,17,13,76.5,1.6,0,0.0,1,0.348,1.177
OFF-0084,WATER,Assistant Engineer,2023-02,16,15,93.8,0.9,0,0.0,1,0.239,1.177
OFF-0084,WATER,Assistant Engineer,2023-03,19,17,89.5,0.5,0,0.0,1,0.202,1.177
OFF-0084,WATER,Assistant Engineer,2023-04,19,18,94.7,1.2,0,0.0,1,0.302,1.177
OFF-0084,WATER,Assistant Engineer,2023-05,17,14,82.4,0.5,0,0.0,1,0.188,1.177
OFF-0084,WATER,Assistant Engineer,2023-06,20,19,95.0,0.9,0,0.0,1,0.274,1.177
OFF-0084,WATER,Assistant Engineer,2023-07,26,20,76.9,0.7,0,0.0,1,0.274,1.177
OFF-0084,WATER,Assistant Engineer,2023-08,23,18,78.3,0.5,0,0.0,1,0.235,1.177
OFF-0084,WATER,Assistant Engineer,2023-09,21,20,95.2,0.7,0,0.0,1,0.251,1.177
OFF-0084,WATER,Assistant Engineer,2023-10,15,13,86.7,1.1,0,0.0,1,0.271,1.177
OFF-0084,WATER,Assistant Engineer,2023-11,20,19,95.0,0.8,0,0.0,1,0.252,1.177
OFF-0084,WATER,Assistant Engineer,2023-12,16,15,93.8,1.5,0,0.0,2,0.328,1.177
OFF-0084,WATER,Assistant Engineer,2024-01,17,14,82.4,1.4,0,0.0,1,0.331,1.177
OFF-0084,WATER,Assistant Engineer,2024-02,17,14,82.4,0.5,0,0.0,3,0.188,1.177
OFF-0084,WATER,Assistant Engineer,2024-03,17,16,94.1,0.7,0,0.0,2,0.219,1.177
OFF-0084,WATER,Assistant Engineer,2024-04,18,17,94.4,0.8,0,0.0,0,0.24,1.177
OFF-0084,WATER,Assistant Engineer,2024-05,17,16,94.1,1.3,0,0.0,2,0.307,1.177
OFF-0084,WATER,Assistant Engineer,2024-06,24,22,91.7,1.1,0,0.0,1,0.325,1.177
OFF-0084,WATER,Assistant Engineer,2024-07,19,18,94.7,0.6,0,0.0,0,0.222,1.177
OFF-0084,WATER,Assistant Engineer,2024-08,24,23,95.8,0.6,0,0.0,0,0.251,1.177
OFF-0084,WATER,Assistant Engineer,2024-09,25,22,88.0,0.5,0,0.0,1,0.242,1.177
OFF-0084,WATER,Assistant Engineer,2024-10,19,17,89.5,1.9,0,0.0,2,0.411,1.177
OFF-0084,WATER,Assistant Engineer,2024-11,14,11,78.6,0.5,0,0.0,2,0.168,1.177
OFF-0084,WATER,Assistant Engineer,2024-12,16,15,93.8,0.5,0,0.0,2,0.182,1.177
OFF-0085,WATER,Executive Engineer,2022-01,22,18,81.8,1.3,0,0.4,3,0.336,0.985
OFF-0085,WATER,Executive Engineer,2022-02,27,20,74.1,1.0,0,0.5,1,0.333,0.985
OFF-0085,WATER,Executive Engineer,2022-03,23,19,82.6,1.7,0,0.5,4,0.412,0.985
OFF-0085,WATER,Executive Engineer,2022-04,30,25,83.3,1.3,0,0.2,3,0.403,0.985
OFF-0085,WATER,Executive Engineer,2022-05,26,19,73.1,1.3,0,0.3,1,0.365,0.985
OFF-0085,WATER,Executive Engineer,2022-06,40,35,87.5,0.7,0,0.2,2,0.373,0.985
OFF-0085,WATER,Executive Engineer,2022-07,49,34,69.4,0.5,0,0.5,0,0.403,0.985
OFF-0085,WATER,Executive Engineer,2022-08,35,24,68.6,0.5,0,0.3,3,0.309,0.985
OFF-0085,WATER,Executive Engineer,2022-09,45,36,80.0,0.5,0,0.4,3,0.376,0.985
OFF-0085,WATER,Executive Engineer,2022-10,26,19,73.1,2.0,0,0.2,3,0.474,0.985
OFF-0085,WATER,Executive Engineer,2022-11,29,21,72.4,1.5,0,0.2,4,0.416,0.985
OFF-0085,WATER,Executive Engineer,2022-12,22,18,81.8,0.7,0,0.4,1,0.259,0.985
OFF-0085,WATER,Executive Engineer,2023-01,28,18,64.3,1.1,0,0.4,0,0.349,0.985
OFF-0085,WATER,Executive Engineer,2023-02,27,19,70.4,0.5,0,0.6,2,0.258,0.985
OFF-0085,WATER,Executive Engineer,2023-03,28,23,82.1,1.5,0,0.5,3,0.413,0.985
OFF-0085,WATER,Executive Engineer,2023-04,25,16,64.0,1.5,0,0.5,1,0.395,0.985
OFF-0085,WATER,Executive Engineer,2023-05,29,24,82.8,0.5,0,0.4,0,0.27,0.985
OFF-0085,WATER,Executive Engineer,2023-06,37,28,75.7,0.7,0,0.4,0,0.349,0.985
OFF-0085,WATER,Executive Engineer,2023-07,43,28,65.1,0.5,0,0.2,2,0.362,0.985
OFF-0085,WATER,Executive Engineer,2023-08,47,33,70.2,1.1,0,0.3,0,0.475,0.985
OFF-0085,WATER,Executive Engineer,2023-09,38,27,71.1,1.6,0,0.5,1,0.492,0.985
OFF-0085,WATER,Executive Engineer,2023-10,29,23,79.3,0.8,0,0.5,3,0.314,0.985
OFF-0085,WATER,Executive Engineer,2023-11,31,22,71.0,0.7,0,0.6,3,0.31,0.985
OFF-0085,WATER,Executive Engineer,2023-12,33,28,84.8,1.0,0,0.3,1,0.372,0.985
OFF-0085,WATER,Executive Engineer,2024-01,29,18,62.1,1.2,0,0.3,0,0.369,0.985
OFF-0085,WATER,Executive Engineer,2024-02,29,18,62.1,0.8,0,0.6,4,0.316,0.985
OFF-0085,WATER,Executive Engineer,2024-03,33,22,66.7,0.8,0,0.4,0,0.335,0.985
OFF-0085,WATER,Executive Engineer,2024-04,25,21,84.0,1.1,0,0.5,1,0.337,0.985
OFF-0085,WATER,Executive Engineer,2024-05,32,26,81.2,0.5,0,0.5,1,0.29,0.985
OFF-0085,WATER,Executive Engineer,2024-06,49,42,85.7,0.6,0,0.5,1,0.424,0.985
OFF-0085,WATER,Executive Engineer,2024-07,33,27,81.8,1.1,0,0.5,0,0.381,0.985
OFF-0085,WATER,Executive Engineer,2024-08,51,35,68.6,1.7,0,0.3,1,0.6,0.985
OFF-0085,WATER,Executive Engineer,2024-09,39,36,92.3,0.5,0,0.2,1,0.335,0.985
OFF-0085,WATER,Executive Engineer,2024-10,24,21,87.5,2.0,0,0.2,0,0.46,0.985
OFF-0085,WATER,Executive Engineer,2024-11,29,25,86.2,1.3,0,0.3,0,0.393,0.985
OFF-0085,WATER,Executive Engineer,2024-12,26,17,65.4,0.8,0,0.3,2,0.289,0.985
OFF-0086,WATER,Executive Engineer,2022-01,14,12,85.7,0.5,0,0.0,1,0.173,1.066
OFF-0086,WATER,Executive Engineer,2022-02,13,10,76.9,0.5,0,0.0,2,0.164,1.066
OFF-0086,WATER,Executive Engineer,2022-03,16,14,87.5,0.5,0,0.0,2,0.182,1.066
OFF-0086,WATER,Executive Engineer,2022-04,15,11,73.3,1.6,0,0.0,2,0.347,1.066
OFF-0086,WATER,Executive Engineer,2022-05,16,15,93.8,0.8,0,0.0,2,0.222,1.066
OFF-0086,WATER,Executive Engineer,2022-06,28,25,89.3,2.3,0,0.0,2,0.487,1.066
OFF-0086,WATER,Executive Engineer,2022-07,23,22,95.7,0.7,0,0.0,3,0.256,1.066
OFF-0086,WATER,Executive Engineer,2022-08,18,12,66.7,1.2,0,0.0,1,0.307,1.066
OFF-0086,WATER,Executive Engineer,2022-09,24,20,83.3,0.6,0,0.0,1,0.245,1.066
OFF-0086,WATER,Executive Engineer,2022-10,17,16,94.1,1.4,0,0.0,2,0.317,1.066
OFF-0086,WATER,Executive Engineer,2022-11,17,14,82.4,0.9,0,0.0,0,0.247,1.066
OFF-0086,WATER,Executive Engineer,2022-12,14,13,92.9,1.5,0,0.0,1,0.321,1.066
OFF-0086,WATER,Executive Engineer,2023-01,14,11,78.6,1.4,0,0.0,2,0.303,1.066
OFF-0086,WATER,Executive Engineer,2023-02,12,9,75.0,0.8,0,0.0,1,0.197,1.066
OFF-0086,WATER,Executive Engineer,2023-03,15,14,93.3,0.5,0,0.0,0,0.175,1.066
OFF-0086,WATER,Executive Engineer,2023-04,15,12,80.0,0.8,0,0.0,1,0.219,1.066
OFF-0086,WATER,Executive Engineer,2023-05,12,9,75.0,2.0,0,0.0,0,0.379,1.066
OFF-0086,WATER,Executive Engineer,2023-06,24,17,70.8,1.9,0,0.0,0,0.442,1.066
OFF-0086,WATER,Executive Engineer,2023-07,20,15,75.0,1.7,0,0.0,0,0.391,1.066
OFF-0086,WATER,Executive Engineer,2023-08,24,19,79.2,1.4,0,0.0,1,0.366,1.066
OFF-0086,WATER,Executive Engineer,2023-09,19,18,94.7,0.5,0,0.0,2,0.202,1.066
OFF-0086,WATER,Executive Engineer,2023-10,15,14,93.3,1.0,0,0.0,0,0.257,1.066
OFF-0086,WATER,Executive Engineer,2023-11,15,13,86.7,1.5,0,0.0,1,0.327,1.066
OFF-0086,WATER,Executive Engineer,2023-12,15,11,73.3,0.5,0,0.0,1,0.175,1.066
OFF-0086,WATER,Executive Engineer,2024-01,17,15,88.2,0.5,0,0.0,2,0.188,1.066
OFF-0086,WATER,Executive Engineer,2024-02,14,13,92.9,1.7,0,0.0,0,0.347,1.066
OFF-0086,WATER,Executive Engineer,2024-03,12,11,91.7,0.5,0,0.0,2,0.155,1.066
OFF-0086,WATER,Executive Engineer,2024-04,16,13,81.2,0.6,0,0.0,0,0.198,1.066
OFF-0086,WATER,Executive Engineer,2024-05,15,11,73.3,0.9,0,0.0,1,0.239,1.066
OFF-0086,WATER,Executive Engineer,2024-06,29,26,89.7,0.5,0,0.0,3,0.268,1.066
OFF-0086,WATER,Executive Engineer,2024-07,25,18,72.0,0.7,0,0.0,3,0.274,1.066
OFF-0086,WATER,Executive Engineer,2024-08,21,16,76.2,1.6,0,0.0,1,0.374,1.066
OFF-0086,WATER,Executive Engineer,2024-09,22,20,90.9,1.2,0,0.0,1,0.321,1.066
OFF-0086,WATER,Executive Engineer,2024-10,15,10,66.7,0.8,0,0.0,0,0.215,1.066
OFF-0086,WATER,Executive Engineer,2024-11,12,10,83.3,0.7,0,0.0,2,0.185,1.066
OFF-0086,WATER,Executive Engineer,2024-12,17,14,82.4,0.5,0,0.0,2,0.188,1.066
OFF-0087,WATER,Coordinator,2022-01,23,17,73.9,1.4,0,0.5,3,0.366,0.984
OFF-0087,WATER,Coordinator,2022-02,17,11,64.7,0.6,0,0.2,2,0.206,0.984
OFF-0087,WATER,Coordinator,2022-03,23,19,82.6,1.6,0,0.2,0,0.401,0.984
OFF-0087,WATER,Coordinator,2022-04,23,16,69.6,0.9,0,0.3,0,0.287,0.984
OFF-0087,WATER,Coordinator,2022-05,17,14,82.4,1.5,0,0.4,1,0.334,0.984
OFF-0087,WATER,Coordinator,2022-06,26,19,73.1,1.1,0,0.6,2,0.343,0.984
OFF-0087,WATER,Coordinator,2022-07,38,28,73.7,1.5,0,0.5,3,0.486,0.984
OFF-0087,WATER,Coordinator,2022-08,33,24,72.7,1.8,0,0.2,2,0.49,0.984
OFF-0087,WATER,Coordinator,2022-09,35,28,80.0,1.2,0,0.3,1,0.421,0.984
OFF-0087,WATER,Coordinator,2022-10,17,15,88.2,1.2,0,0.3,3,0.289,0.984
OFF-0087,WATER,Coordinator,2022-11,18,16,88.9,0.6,0,0.3,2,0.21,0.984
OFF-0087,WATER,Coordinator,2022-12,18,15,83.3,0.9,0,0.4,0,0.261,0.984
OFF-0087,WATER,Coordinator,2023-01,20,13,65.0,1.9,0,0.2,0,0.423,0.984
OFF-0087,WATER,Coordinator,2023-02,17,13,76.5,1.3,0,0.4,0,0.306,0.984
OFF-0087,WATER,Coordinator,2023-03,16,11,68.8,0.5,0,0.4,0,0.183,0.984
OFF-0087,WATER,Coordinator,2023-04,21,18,85.7,2.0,0,0.5,1,0.441,0.984
OFF-0087,WATER,Coordinator,2023-05,20,16,80.0,0.5,0,0.3,1,0.209,0.984
OFF-0087,WATER,Coordinator,2023-06,36,25,69.4,0.8,0,0.4,2,0.368,0.984
OFF-0087,WATER,Coordinator,2023-07,26,18,69.2,1.0,0,0.6,4,0.326,0.984
OFF-0087,WATER,Coordinator,2023-08,32,25,78.1,0.9,0,0.3,3,0.354,0.984
OFF-0087,WATER,Coordinator,2023-09,27,23,85.2,0.5,0,0.2,2,0.256,0.984
OFF-0087,WATER,Coordinator,2023-10,20,16,80.0,0.8,0,0.4,2,0.258,0.984
OFF-0087,WATER,Coordinator,2023-11,16,12,75.0,0.5,0,0.5,0,0.183,0.984
OFF-0087,WATER,Coordinator,2023-12,23,15,65.2,1.3,0,0.5,0,0.354,0.984
OFF-0087,WATER,Coordinator,2024-01,17,14,82.4,1.2,0,0.6,3,0.301,0.984
OFF-0087,WATER,Coordinator,2024-02,21,13,61.9,1.4,0,0.2,1,0.356,0.984
OFF-0087,WATER,Coordinator,2024-03,16,11,68.8,1.1,0,0.5,3,0.275,0.984
OFF-0087,WATER,Coordinator,2024-04,19,16,84.2,1.5,0,0.5,2,0.352,0.984
OFF-0087,WATER,Coordinator,2024-05,20,17,85.0,2.4,0,0.3,1,0.434,0.984
OFF-0087,WATER,Coordinator,2024-06,29,21,72.4,1.0,0,0.4,0,0.348,0.984
OFF-0087,WATER,Coordinator,2024-07,32,28,87.5,1.0,0,0.3,1,0.363,0.984
OFF-0087,WATER,Coordinator,2024-08,31,22,71.0,1.6,0,0.5,0,0.444,0.984
OFF-0087,WATER,Coordinator,2024-09,32,26,81.2,1.2,0,0.4,1,0.394,0.984
OFF-0087,WATER,Coordinator,2024-10,17,14,82.4,1.9,0,0.5,1,0.405,0.984
OFF-0087,WATER,Coordinator,2024-11,18,12,66.7,1.6,0,0.6,0,0.356,0.984
OFF-0087,WATER,Coordinator,2024-12,19,14,73.7,1.2,0,0.5,3,0.307,0.984
OFF-0088,WATER,Field Officer,2022-01,48,30,62.5,1.6,3,7.8,0,0.582,0.773
OFF-0088,WATER,Field Officer,2022-02,40,27,67.5,1.2,1,4.3,1,0.452,0.773
OFF-0088,WATER,Field Officer,2022-03,39,20,51.3,1.3,2,6.9,2,0.47,0.773
OFF-0088,WATER,Field Officer,2022-04,43,29,67.4,1.5,1,4.4,2,0.532,0.773
OFF-0088,WATER,Field Officer,2022-05,36,24,66.7,1.3,1,4.4,0,0.447,0.773
OFF-0088,WATER,Field Officer,2022-06,71,43,60.6,1.3,2,3.1,3,0.6,0.773
OFF-0088,WATER,Field Officer,2022-07,69,40,58.0,1.3,3,4.4,3,0.615,0.773
OFF-0088,WATER,Field Officer,2022-08,70,48,68.6,1.0,2,4.0,3,0.557,0.773
OFF-0088,WATER,Field Officer,2022-09,52,37,71.2,0.8,3,5.9,2,0.488,0.773
OFF-0088,WATER,Field Officer,2022-10,51,28,54.9,1.5,1,2.8,0,0.57,0.773
OFF-0088,WATER,Field Officer,2022-11,35,19,54.3,1.1,2,7.0,0,0.413,0.773
OFF-0088,WATER,Field Officer,2022-12,49,33,67.3,1.7,2,5.1,2,0.595,0.773
OFF-0088,WATER,Field Officer,2023-01,48,34,70.8,1.2,1,3.7,3,0.511,0.773
OFF-0088,WATER,Field Officer,2023-02,41,21,51.2,0.5,1,4.1,1,0.361,0.773
OFF-0088,WATER,Field Officer,2023-03,41,21,51.2,1.7,1,3.0,4,0.544,0.773
OFF-0088,WATER,Field Officer,2023-04,44,22,50.0,1.2,1,3.7,0,0.481,0.773
OFF-0088,WATER,Field Officer,2023-05,34,17,50.0,1.3,1,3.9,1,0.439,0.773
OFF-0088,WATER,Field Officer,2023-06,75,48,64.0,1.2,6,8.8,1,0.606,0.773
OFF-0088,WATER,Field Officer,2023-07,55,36,65.5,0.9,2,3.7,1,0.52,0.773
OFF-0088,WATER,Field Officer,2023-08,63,35,55.6,1.5,3,5.6,1,0.642,0.773
OFF-0088,WATER,Field Officer,2023-09,68,46,67.6,1.5,4,6.3,3,0.648,0.773
OFF-0088,WATER,Field Officer,2023-10,43,22,51.2,1.9,3,7.9,1,0.588,0.773
OFF-0088,WATER,Field Officer,2023-11,50,30,60.0,2.3,4,8.5,1,0.659,0.773
OFF-0088,WATER,Field Officer,2023-12,36,22,61.1,1.5,2,6.0,2,0.486,0.773
OFF-0088,WATER,Field Officer,2024-01,45,30,66.7,1.7,2,5.8,0,0.567,0.773
OFF-0088,WATER,Field Officer,2024-02,48,31,64.6,1.3,3,7.0,2,0.54,0.773
OFF-0088,WATER,Field Officer,2024-03,46,29,63.0,0.5,2,5.5,2,0.4,0.773
OFF-0088,WATER,Field Officer,2024-04,46,25,54.3,1.8,1,3.7,1,0.581,0.773
OFF-0088,WATER,Field Officer,2024-05,51,26,51.0,0.8,3,7.4,0,0.488,0.773
OFF-0088,WATER,Field Officer,2024-06,62,41,66.1,1.6,5,9.0,1,0.663,0.773
OFF-0088,WATER,Field Officer,2024-07,66,35,53.0,1.6,3,5.2,2,0.657,0.773
OFF-0088,WATER,Field Officer,2024-08,82,54,65.9,1.6,5,7.2,0,0.662,0.773
OFF-0088,WATER,Field Officer,2024-09,66,42,63.6,1.0,5,7.8,2,0.581,0.773
OFF-0088,WATER,Field Officer,2024-10,50,28,56.0,1.2,2,5.6,3,0.535,0.773
OFF-0088,WATER,Field Officer,2024-11,39,21,53.8,0.5,2,7.6,0,0.358,0.773
OFF-0088,WATER,Field Officer,2024-12,49,28,57.1,0.6,4,8.3,0,0.444,0.773
OFF-0089,WATER,Assistant Engineer,2022-01,34,17,50.0,1.2,3,10.6,3,0.434,0.6
OFF-0089,WATER,Assistant Engineer,2022-02,29,15,51.7,1.2,3,10.5,1,0.407,0.6
OFF-0089,WATER,Assistant Engineer,2022-03,32,14,43.8,1.1,3,10.5,0,0.413,0.6
OFF-0089,WATER,Assistant Engineer,2022-04,33,16,48.5,2.8,5,15.8,0,0.568,0.6
OFF-0089,WATER,Assistant Engineer,2022-05,32,14,43.8,2.2,4,13.2,1,0.553,0.6
OFF-0089,WATER,Assistant Engineer,2022-06,50,28,56.0,1.8,6,12.6,0,0.643,0.6
OFF-0089,WATER,Assistant Engineer,2022-07,50,21,42.0,1.5,5,10.4,1,0.592,0.6
OFF-0089,WATER,Assistant Engineer,2022-08,49,20,40.8,1.5,2,5.6,0,0.575,0.6
OFF-0089,WATER,Assistant Engineer,2022-09,54,24,44.4,2.5,8,15.2,2,0.706,0.6
OFF-0089,WATER,Assistant Engineer,2022-10,36,15,41.7,1.6,4,13.5,4,0.518,0.6
OFF-0089,WATER,Assistant Engineer,2022-11,33,14,42.4,2.3,4,13.7,0,0.561,0.6
OFF-0089,WATER,Assistant Engineer,2022-12,35,19,54.3,1.4,4,13.2,1,0.481,0.6
OFF-0089,WATER,Assistant Engineer,2023-01,39,16,41.0,1.9,4,11.7,3,0.583,0.6
OFF-0089,WATER,Assistant Engineer,2023-02,32,17,53.1,1.3,1,5.9,1,0.433,0.6
OFF-0089,WATER,Assistant Engineer,2023-03,37,14,37.8,2.0,2,8.0,0,0.571,0.6
OFF-0089,WATER,Assistant Engineer,2023-04,34,17,50.0,0.8,4,12.9,3,0.383,0.6
OFF-0089,WATER,Assistant Engineer,2023-05,27,13,48.1,2.3,3,13.2,4,0.519,0.6
OFF-0089,WATER,Assistant Engineer,2023-06,42,20,47.6,1.3,5,13.6,1,0.513,0.6
OFF-0089,WATER,Assistant Engineer,2023-07,48,20,41.7,1.7,2,5.8,0,0.588,0.6
OFF-0089,WATER,Assistant Engineer,2023-08,44,17,38.6,1.8,3,8.4,0,0.59,0.6
OFF-0089,WATER,Assistant Engineer,2023-09,43,24,55.8,1.2,3,8.4,3,0.489,0.6
OFF-0089,WATER,Assistant Engineer,2023-10,31,14,45.2,1.5,3,10.2,3,0.469,0.6
OFF-0089,WATER,Assistant Engineer,2023-11,38,15,39.5,0.6,3,8.5,1,0.368,0.6
OFF-0089,WATER,Assistant Engineer,2023-12,39,16,41.0,1.9,2,7.6,2,0.573,0.6
OFF-0089,WATER,Assistant Engineer,2024-01,27,13,48.1,2.3,1,7.1,0,0.501,0.6
OFF-0089,WATER,Assistant Engineer,2024-02,34,16,47.1,2.1,3,11.0,3,0.56,0.6
OFF-0089,WATER,Assistant Engineer,2024-03,28,13,46.4,2.0,1,6.2,0,0.503,0.6
OFF-0089,WATER,Assistant Engineer,2024-04,28,14,50.0,1.6,2,7.3,0,0.449,0.6
OFF-0089,WATER,Assistant Engineer,2024-05,38,15,39.5,1.1,4,11.2,1,0.457,0.6
OFF-0089,WATER,Assistant Engineer,2024-06,64,25,39.1,1.9,3,5.0,0,0.696,0.6
OFF-0089,WATER,Assistant Engineer,2024-07,62,29,46.8,1.8,8,14.4,0,0.718,0.6
OFF-0089,WATER,Assistant Engineer,2024-08,39,18,46.2,1.3,2,6.9,1,0.479,0.6
OFF-0089,WATER,Assistant Engineer,2024-09,43,21,48.8,1.4,2,5.8,0,0.51,0.6
OFF-0089,WATER,Assistant Engineer,2024-10,38,18,47.4,1.6,4,13.0,0,0.529,0.6
OFF-0089,WATER,Assistant Engineer,2024-11,37,17,45.9,1.3,5,13.7,1,0.487,0.6
OFF-0089,WATER,Assistant Engineer,2024-12,39,20,51.3,1.9,5,13.7,1,0.588,0.6
OFF-0090,WATER,Assistant Engineer,2022-01,49,45,91.8,0.7,0,0.0,1,0.431,1.223
OFF-0090,WATER,Assistant Engineer,2022-02,39,38,97.4,1.6,0,0.0,0,0.498,1.223
OFF-0090,WATER,Assistant Engineer,2022-03,38,37,97.4,1.1,0,0.0,0,0.412,1.223
OFF-0090,WATER,Assistant Engineer,2022-04,48,47,97.9,1.4,0,0.0,0,0.532,1.223
OFF-0090,WATER,Assistant Engineer,2022-05,37,30,81.1,0.6,0,0.0,0,0.339,1.223
OFF-0090,WATER,Assistant Engineer,2022-06,69,67,97.1,0.5,0,0.0,2,0.475,1.223
OFF-0090,WATER,Assistant Engineer,2022-07,61,59,96.7,0.9,0,0.0,1,0.53,1.223
OFF-0090,WATER,Assistant Engineer,2022-08,69,67,97.1,1.7,0,0.0,0,0.656,1.223
OFF-0090,WATER,Assistant Engineer,2022-09,64,62,96.9,0.5,0,0.0,0,0.475,1.223
OFF-0090,WATER,Assistant Engineer,2022-10,45,44,97.8,0.9,0,0.0,0,0.436,1.223
OFF-0090,WATER,Assistant Engineer,2022-11,46,40,87.0,0.6,0,0.0,2,0.397,1.223
OFF-0090,WATER,Assistant Engineer,2022-12,46,45,97.8,0.5,0,0.0,2,0.382,1.223
OFF-0090,WATER,Assistant Engineer,2023-01,51,49,96.1,0.5,0,0.0,1,0.415,1.223
OFF-0090,WATER,Assistant Engineer,2023-02,49,48,98.0,0.7,0,0.0,3,0.429,1.223
OFF-0090,WATER,Assistant Engineer,2023-03,51,44,86.3,0.9,0,0.0,1,0.472,1.223
OFF-0090,WATER,Assistant Engineer,2023-04,45,37,82.2,0.6,0,0.0,0,0.396,1.223
OFF-0090,WATER,Assistant Engineer,2023-05,37,36,97.3,0.6,0,0.0,4,0.332,1.223
OFF-0090,WATER,Assistant Engineer,2023-06,67,57,85.1,1.0,0,0.0,3,0.549,1.223
OFF-0090,WATER,Assistant Engineer,2023-07,60,58,96.7,0.9,0,0.0,2,0.531,1.223
OFF-0090,WATER,Assistant Engineer,2023-08,54,52,96.3,1.1,0,0.0,1,0.529,1.223
OFF-0090,WATER,Assistant Engineer,2023-09,78,76,97.4,0.8,0,0.0,1,0.525,1.223
OFF-0090,WATER,Assistant Engineer,2023-10,50,41,82.0,0.5,0,0.0,3,0.408,1.223
OFF-0090,WATER,Assistant Engineer,2023-11,39,38,97.4,0.6,0,0.0,1,0.355,1.223
OFF-0090,WATER,Assistant Engineer,2023-12,50,49,98.0,0.5,0,0.0,0,0.411,1.223
OFF-0090,WATER,Assistant Engineer,2024-01,36,35,97.2,0.5,0,0.0,0,0.315,1.223
OFF-0090,WATER,Assistant Engineer,2024-02,36,35,97.2,1.0,0,0.0,0,0.388,1.223
OFF-0090,WATER,Assistant Engineer,2024-03,42,41,97.6,1.2,0,0.0,1,0.456,1.223
OFF-0090,WATER,Assistant Engineer,2024-04,52,50,96.2,0.5,0,0.0,0,0.422,1.223
OFF-0090,WATER,Assistant Engineer,2024-05,47,46,97.9,0.5,0,0.0,1,0.388,1.223
OFF-0090,WATER,Assistant Engineer,2024-06,73,71,97.3,0.5,0,0.0,0,0.475,1.223
OFF-0090,WATER,Assistant Engineer,2024-07,78,69,88.5,0.5,0,0.0,0,0.475,1.223
OFF-0090,WATER,Assistant Engineer,2024-08,70,58,82.9,0.5,0,0.0,0,0.475,1.223
OFF-0090,WATER,Assistant Engineer,2024-09,71,69,97.2,1.2,0,0.0,0,0.576,1.223
OFF-0090,WATER,Assistant Engineer,2024-10,48,42,87.5,2.1,0,0.0,1,0.62,1.223
OFF-0090,WATER,Assistant Engineer,2024-11,49,39,79.6,0.6,0,0.0,3,0.418,1.223
OFF-0090,WATER,Assistant Engineer,2024-12,52,50,96.2,0.5,0,0.0,1,0.422,1.223
OFF-0091,WATER,Coordinator,2022-01,27,20,74.1,1.9,0,1.5,0,0.475,0.898
OFF-0091,WATER,Coordinator,2022-02,26,16,61.5,0.8,0,2.4,1,0.301,0.898
OFF-0091,WATER,Coordinator,2022-03,27,21,77.8,1.1,0,1.9,3,0.357,0.898
OFF-0091,WATER,Coordinator,2022-04,28,17,60.7,1.4,0,2.3,0,0.4,0.898
OFF-0091,WATER,Coordinator,2022-05,20,16,80.0,0.7,0,1.4,2,0.247,0.898
OFF-0091,WATER,Coordinator,2022-06,42,26,61.9,1.0,0,1.8,1,0.431,0.898
OFF-0091,WATER,Coordinator,2022-07,46,38,82.6,1.5,0,1.1,0,0.532,0.898
OFF-0091,WATER,Coordinator,2022-08,31,24,77.4,1.1,0,2.7,1,0.386,0.898
OFF-0091,WATER,Coordinator,2022-09,43,26,60.5,1.3,1,3.9,0,0.489,0.898
OFF-0091,WATER,Coordinator,2022-10,21,15,71.4,0.5,0,3.0,0,0.224,0.898
OFF-0091,WATER,Coordinator,2022-11,21,14,66.7,0.8,0,1.8,3,0.271,0.898
OFF-0091,WATER,Coordinator,2022-12,19,14,73.7,1.6,0,1.6,1,0.366,0.898
OFF-0091,WATER,Coordinator,2023-01,28,21,75.0,0.5,0,1.7,0,0.267,0.898
OFF-0091,WATER,Coordinator,2023-02,22,16,72.7,0.7,0,3.0,2,0.259,0.898
OFF-0091,WATER,Coordinator,2023-03,21,17,81.0,1.4,0,3.3,0,0.353,0.898
OFF-0091,WATER,Coordinator,2023-04,20,13,65.0,0.7,0,3.6,0,0.254,0.898
OFF-0091,WATER,Coordinator,2023-05,23,17,73.9,0.8,0,1.8,2,0.277,0.898
OFF-0091,WATER,Coordinator,2023-06,36,25,69.4,1.5,1,2.8,3,0.47,0.898
OFF-0091,WATER,Coordinator,2023-07,42,29,69.0,1.2,0,1.3,1,0.47,0.898
OFF-0091,WATER,Coordinator,2023-08,35,28,80.0,1.4,0,2.5,0,0.456,0.898
OFF-0091,WATER,Coordinator,2023-09,29,18,62.1,0.7,0,2.8,1,0.308,0.898
OFF-0091,WATER,Coordinator,2023-10,26,18,69.2,2.3,0,2.5,1,0.481,0.898
OFF-0091,WATER,Coordinator,2023-11,21,12,57.1,0.5,0,3.1,1,0.224,0.898
OFF-0091,WATER,Coordinator,2023-12,26,19,73.1,1.2,0,3.3,1,0.362,0.898
OFF-0091,WATER,Coordinator,2024-01,28,17,60.7,0.5,0,1.0,1,0.265,0.898
OFF-0091,WATER,Coordinator,2024-02,26,21,80.8,1.4,0,2.5,2,0.384,0.898
OFF-0091,WATER,Coordinator,2024-03,19,11,57.9,0.8,0,3.8,1,0.26,0.898
OFF-0091,WATER,Coordinator,2024-04,23,15,65.2,0.8,0,3.0,1,0.279,0.898
OFF-0091,WATER,Coordinator,2024-05,19,15,78.9,1.0,0,2.8,2,0.29,0.898
OFF-0091,WATER,Coordinator,2024-06,45,31,68.9,0.6,1,3.8,0,0.404,0.898
OFF-0091,WATER,Coordinator,2024-07,34,28,82.4,1.0,0,2.5,1,0.384,0.898
OFF-0091,WATER,Coordinator,2024-08,40,26,65.0,0.5,0,1.1,0,0.345,0.898
OFF-0091,WATER,Coordinator,2024-09,44,29,65.9,1.6,1,3.8,1,0.547,0.898
OFF-0091,WATER,Coordinator,2024-10,25,16,64.0,0.8,0,3.8,2,0.299,0.898
OFF-0091,WATER,Coordinator,2024-11,25,16,64.0,1.2,0,4.0,3,0.356,0.898
OFF-0091,WATER,Coordinator,2024-12,21,12,57.1,1.5,0,2.7,3,0.378,0.898
OFF-0092,WATER,Assistant Engineer,2022-01,27,14,51.9,1.2,2,9.3,3,0.388,0.696
OFF-0092,WATER,Assistant Engineer,2022-02,30,17,56.7,1.3,1,4.5,2,0.402,0.696
OFF-0092,WATER,Assistant Engineer,2022-03,31,17,54.8,1.2,2,8.4,0,0.406,0.696
OFF-0092,WATER,Assistant Engineer,2022-04,30,19,63.3,1.7,1,4.8,1,0.465,0.696
OFF-0092,WATER,Assistant Engineer,2022-05,32,19,59.4,1.7,2,7.2,1,0.485,0.696
OFF-0092,WATER,Assistant Engineer,2022-06,46,20,43.5,1.0,4,9.1,1,0.485,0.696
OFF-0092,WATER,Assistant Engineer,2022-07,53,28,52.8,1.4,4,8.6,1,0.59,0.696
OFF-0092,WATER,Assistant Engineer,2022-08,46,21,45.7,1.4,3,8.4,0,0.541,0.696
OFF-0092,WATER,Assistant Engineer,2022-09,46,23,50.0,1.3,3,6.9,0,0.517,0.696
OFF-0092,WATER,Assistant Engineer,2022-10,30,17,56.7,2.1,2,9.9,3,0.53,0.696
OFF-0092,WATER,Assistant Engineer,2022-11,33,16,48.5,1.2,3,11.5,0,0.429,0.696
OFF-0092,WATER,Assistant Engineer,2022-12,36,16,44.4,0.8,1,4.2,1,0.371,0.696
OFF-0092,WATER,Assistant Engineer,2023-01,35,22,62.9,2.7,1,5.3,2,0.549,0.696
OFF-0092,WATER,Assistant Engineer,2023-02,34,18,52.9,0.9,2,7.9,0,0.392,0.696
OFF-0092,WATER,Assistant Engineer,2023-03,27,12,44.4,2.3,0,3.4,1,0.49,0.696
OFF-0092,WATER,Assistant Engineer,2023-04,37,22,59.5,1.2,1,4.8,1,0.447,0.696
OFF-0092,WATER,Assistant Engineer,2023-05,33,20,60.6,1.8,2,6.1,4,0.501,0.696
OFF-0092,WATER,Assistant Engineer,2023-06,44,21,47.7,2.4,2,5.8,1,0.611,0.696
OFF-0092,WATER,Assistant Engineer,2023-07,45,23,51.1,1.2,2,5.1,1,0.492,0.696
OFF-0092,WATER,Assistant Engineer,2023-08,51,31,60.8,0.9,2,5.2,0,0.487,0.696
OFF-0092,WATER,Assistant Engineer,2023-09,46,23,50.0,1.9,2,5.0,1,0.605,0.696
OFF-0092,WATER,Assistant Engineer,2023-10,37,23,62.2,1.8,3,8.5,3,0.549,0.696
OFF-0092,WATER,Assistant Engineer,2023-11,33,19,57.6,0.6,1,4.7,1,0.325,0.696
OFF-0092,WATER,Assistant Engineer,2023-12,27,13,48.1,1.5,1,4.8,3,0.412,0.696
OFF-0092,WATER,Assistant Engineer,2024-01,35,19,54.3,1.2,3,11.0,0,0.447,0.696
OFF-0092,WATER,Assistant Engineer,2024-02,36,20,55.6,1.7,2,8.0,1,0.52,0.696
OFF-0092,WATER,Assistant Engineer,2024-03,35,17,48.6,1.3,4,12.0,1,0.469,0.696
OFF-0092,WATER,Assistant Engineer,2024-04,29,18,62.1,1.8,1,6.1,1,0.487,0.696
OFF-0092,WATER,Assistant Engineer,2024-05,35,18,51.4,1.7,4,11.4,0,0.516,0.696
OFF-0092,WATER,Assistant Engineer,2024-06,42,27,64.3,1.5,4,10.9,2,0.531,0.696
OFF-0092,WATER,Assistant Engineer,2024-07,51,26,51.0,0.9,2,5.6,0,0.484,0.696
OFF-0092,WATER,Assistant Engineer,2024-08,41,25,61.0,1.8,4,10.7,2,0.575,0.696
OFF-0092,WATER,Assistant Engineer,2024-09,45,27,60.0,0.7,2,4.6,1,0.425,0.696
OFF-0092,WATER,Assistant Engineer,2024-10,29,16,55.2,1.6,2,7.0,2,0.453,0.696
OFF-0092,WATER,Assistant Engineer,2024-11,30,16,53.3,1.6,1,5.8,2,0.458,0.696
OFF-0092,WATER,Assistant Engineer,2024-12,34,18,52.9,0.5,1,3.6,0,0.313,0.696
OFF-0093,WATER,Coordinator,2022-01,15,10,66.7,0.8,0,0.0,0,0.217,1.066
OFF-0093,WATER,Coordinator,2022-02,16,15,93.8,1.3,0,0.0,1,0.301,1.066
OFF-0093,WATER,Coordinator,2022-03,21,18,85.7,1.1,0,0.0,0,0.306,1.066
OFF-0093,WATER,Coordinator,2022-04,19,17,89.5,1.7,0,0.0,1,0.384,1.066
OFF-0093,WATER,Coordinator,2022-05,18,17,94.4,1.0,0,0.0,1,0.275,1.066
OFF-0093,WATER,Coordinator,2022-06,32,26,81.2,0.7,0,0.0,1,0.313,1.066
OFF-0093,WATER,Coordinator,2022-07,38,35,92.1,1.6,0,0.0,1,0.499,1.066
OFF-0093,WATER,Coordinator,2022-08,31,23,74.2,1.4,0,0.0,1,0.419,1.066
OFF-0093,WATER,Coordinator,2022-09,30,28,93.3,1.0,0,0.0,1,0.346,1.066
OFF-0093,WATER,Coordinator,2022-10,19,18,94.7,1.2,0,0.0,3,0.308,1.066
OFF-0093,WATER,Coordinator,2022-11,21,18,85.7,0.9,0,0.0,2,0.268,1.066
OFF-0093,WATER,Coordinator,2022-12,18,17,94.4,0.8,0,0.0,1,0.238,1.066
OFF-0093,WATER,Coordinator,2023-01,16,15,93.8,1.2,0,0.0,3,0.293,1.066
OFF-0093,WATER,Coordinator,2023-02,16,12,75.0,1.0,0,0.0,1,0.261,1.066
OFF-0093,WATER,Coordinator,2023-03,20,14,70.0,0.5,0,0.0,0,0.208,1.066
OFF-0093,WATER,Coordinator,2023-04,18,17,94.4,1.3,0,0.0,0,0.309,1.066
OFF-0093,WATER,Coordinator,2023-05,20,18,90.0,1.1,0,0.0,0,0.298,1.066
OFF-0093,WATER,Coordinator,2023-06,22,16,72.7,0.7,0,0.0,1,0.253,1.066
OFF-0093,WATER,Coordinator,2023-07,32,25,78.1,1.3,0,0.0,3,0.402,1.066
OFF-0093,WATER,Coordinator,2023-08,36,35,97.2,1.1,0,0.0,2,0.398,1.066
OFF-0093,WATER,Coordinator,2023-09,28,19,67.9,0.5,0,0.0,1,0.262,1.066
OFF-0093,WATER,Coordinator,2023-10,21,15,71.4,1.5,0,0.0,4,0.36,1.066
OFF-0093,WATER,Coordinator,2023-11,17,15,88.2,0.9,0,0.0,0,0.246,1.066
OFF-0093,WATER,Coordinator,2023-12,19,14,73.7,0.9,0,0.0,1,0.261,1.066
OFF-0093,WATER,Coordinator,2024-01,20,19,95.0,0.8,0,0.0,1,0.254,1.066
OFF-0093,WATER,Coordinator,2024-02,20,18,90.0,1.5,0,0.0,0,0.355,1.066
OFF-0093,WATER,Coordinator,2024-03,16,15,93.8,1.4,0,0.0,2,0.32,1.066
OFF-0093,WATER,Coordinator,2024-04,21,18,85.7,0.9,0,0.0,0,0.27,1.066
OFF-0093,WATER,Coordinator,2024-05,20,16,80.0,0.8,0,0.0,1,0.257,1.066
OFF-0093,WATER,Coordinator,2024-06,35,24,68.6,0.5,0,0.0,2,0.312,1.066
OFF-0093,WATER,Coordinator,2024-07,22,21,95.5,1.0,0,0.0,0,0.302,1.066
OFF-0093,WATER,Coordinator,2024-08,29,26,89.7,0.6,0,0.0,2,0.278,1.066
OFF-0093,WATER,Coordinator,2024-09,39,32,82.1,1.2,0,0.0,2,0.439,1.066
OFF-0093,WATER,Coordinator,2024-10,20,17,85.0,0.7,0,0.0,0,0.24,1.066
OFF-0093,WATER,Coordinator,2024-11,18,17,94.4,1.9,0,0.0,1,0.407,1.066
OFF-0093,WATER,Coordinator,2024-12,19,17,89.5,0.7,0,0.0,2,0.226,1.066
OFF-0094,WATER,Executive Engineer,2022-01,30,24,80.0,1.1,0,0.8,2,0.361,0.948
OFF-0094,WATER,Executive Engineer,2022-02,32,26,81.2,0.5,0,1.8,2,0.294,0.948
OFF-0094,WATER,Executive Engineer,2022-03,37,29,78.4,1.4,0,2.0,3,0.462,0.948
OFF-0094,WATER,Executive Engineer,2022-04,28,20,71.4,0.6,0,1.7,0,0.286,0.948
OFF-0094,WATER,Executive Engineer,2022-05,27,21,77.8,1.0,0,0.8,2,0.328,0.948
OFF-0094,WATER,Executive Engineer,2022-06,63,47,74.6,0.8,0,1.2,0,0.516,0.948
OFF-0094,WATER,Executive Engineer,2022-07,37,32,86.5,0.7,0,1.7,1,0.36,0.948
OFF-0094,WATER,Executive Engineer,2022-08,53,39,73.6,2.1,0,1.6,0,0.658,0.948
OFF-0094,WATER,Executive Engineer,2022-09,60,39,65.0,0.9,0,0.6,1,0.533,0.948
OFF-0094,WATER,Executive Engineer,2022-10,26,17,65.4,1.3,0,1.5,1,0.373,0.948
OFF-0094,WATER,Executive Engineer,2022-11,26,20,76.9,0.6,0,1.8,2,0.269,0.948
OFF-0094,WATER,Executive Engineer,2022-12,29,22,75.9,1.1,0,1.8,2,0.368,0.948
OFF-0094,WATER,Executive Engineer,2023-01,31,27,87.1,0.7,0,1.7,1,0.312,0.948
OFF-0094,WATER,Executive Engineer,2023-02,26,17,65.4,2.0,0,2.1,2,0.477,0.948
OFF-0094,WATER,Executive Engineer,2023-03,34,26,76.5,1.4,0,0.7,0,0.438,0.948
OFF-0094,WATER,Executive Engineer,2023-04,26,18,69.2,0.7,0,1.1,2,0.284,0.948
OFF-0094,WATER,Executive Engineer,2023-05,38,24,63.2,0.5,0,1.3,1,0.332,0.948
OFF-0094,WATER,Executive Engineer,2023-06,44,35,79.5,1.2,0,1.7,2,0.484,0.948
OFF-0094,WATER,Executive Engineer,2023-07,57,40,70.2,0.6,1,2.0,1,0.475,0.948
OFF-0094,WATER,Executive Engineer,2023-08,52,36,69.2,1.2,0,1.3,2,0.527,0.948
OFF-0094,WATER,Executive Engineer,2023-09,51,36,70.6,1.0,0,1.1,1,0.491,0.948
OFF-0094,WATER,Executive Engineer,2023-10,30,24,80.0,1.0,0,0.6,1,0.352,0.948
OFF-0094,WATER,Executive Engineer,2023-11,28,21,75.0,1.2,0,1.8,2,0.367,0.948
OFF-0094,WATER,Executive Engineer,2023-12,29,21,72.4,0.5,0,1.7,1,0.273,0.948
OFF-0094,WATER,Executive Engineer,2024-01,30,22,73.3,0.9,0,2.1,0,0.339,0.948
OFF-0094,WATER,Executive Engineer,2024-02,29,25,86.2,1.2,0,1.9,0,0.38,0.948
OFF-0094,WATER,Executive Engineer,2024-03,28,25,89.3,0.8,0,0.9,3,0.316,0.948
OFF-0094,WATER,Executive Engineer,2024-04,37,24,64.9,1.5,0,1.7,1,0.48,0.948
OFF-0094,WATER,Executive Engineer,2024-05,29,23,79.3,1.0,0,0.7,2,0.339,0.948
OFF-0094,WATER,Executive Engineer,2024-06,48,35,72.9,0.8,0,0.5,3,0.442,0.948
OFF-0094,WATER,Executive Engineer,2024-07,50,38,76.0,1.3,0,1.2,0,0.528,0.948
OFF-0094,WATER,Executive Engineer,2024-08,48,40,83.3,0.6,0,1.6,2,0.42,0.948
OFF-0094,WATER,Executive Engineer,2024-09,56,36,64.3,0.5,1,2.1,1,0.455,0.948
OFF-0094,WATER,Executive Engineer,2024-10,32,22,68.8,1.4,0,1.5,0,0.421,0.948
OFF-0094,WATER,Executive Engineer,2024-11,35,27,77.1,0.7,0,1.7,3,0.347,0.948
OFF-0094,WATER,Executive Engineer,2024-12,33,21,63.6,1.8,0,2.0,0,0.491,0.948
OFF-0095,WATER,Assistant Engineer,2022-01,42,35,83.3,1.3,0,0.0,3,0.47,1.228
OFF-0095,WATER,Assistant Engineer,2022-02,42,41,97.6,1.1,0,0.0,0,0.45,1.228
OFF-0095,WATER,Assistant Engineer,2022-03,45,42,93.3,0.5,0,0.0,1,0.377,1.228
OFF-0095,WATER,Assistant Engineer,2022-04,44,43,97.7,0.5,0,0.0,2,0.368,1.228
OFF-0095,WATER,Assistant Engineer,2022-05,34,28,82.4,0.9,0,0.0,0,0.359,1.228
OFF-0095,WATER,Assistant Engineer,2022-06,64,62,96.9,1.0,0,0.0,1,0.554,1.228
OFF-0095,WATER,Assistant Engineer,2022-07,52,50,96.2,1.4,0,0.0,4,0.56,1.228
OFF-0095,WATER,Assistant Engineer,2022-08,72,70,97.2,0.9,0,0.0,1,0.542,1.228
OFF-0095,WATER,Assistant Engineer,2022-09,48,42,87.5,0.5,0,0.0,1,0.395,1.228
OFF-0095,WATER,Assistant Engineer,2022-10,35,28,80.0,1.2,0,0.0,1,0.413,1.228
OFF-0095,WATER,Assistant Engineer,2022-11,41,40,97.6,1.2,0,0.0,2,0.449,1.228
OFF-0095,WATER,Assistant Engineer,2022-12,40,39,97.5,1.7,0,0.0,1,0.524,1.228
OFF-0095,WATER,Assistant Engineer,2023-01,39,31,79.5,1.4,0,0.0,2,0.472,1.228
OFF-0095,WATER,Assistant Engineer,2023-02,44,43,97.7,0.8,0,0.0,1,0.414,1.228
OFF-0095,WATER,Assistant Engineer,2023-03,37,33,89.2,0.5,0,0.0,0,0.322,1.228
OFF-0095,WATER,Assistant Engineer,2023-04,39,38,97.4,0.5,0,0.0,1,0.335,1.228
OFF-0095,WATER,Assistant Engineer,2023-05,41,40,97.6,0.6,0,0.0,1,0.369,1.228
OFF-0095,WATER,Assistant Engineer,2023-06,59,57,96.6,1.3,0,0.0,1,0.582,1.228
OFF-0095,WATER,Assistant Engineer,2023-07,49,45,91.8,0.6,0,0.0,2,0.415,1.228
OFF-0095,WATER,Assistant Engineer,2023-08,75,73,97.3,0.8,0,0.0,0,0.523,1.228
OFF-0095,WATER,Assistant Engineer,2023-09,89,78,87.6,1.1,0,0.0,1,0.572,1.228
OFF-0095,WATER,Assistant Engineer,2023-10,41,40,97.6,0.9,0,0.0,1,0.409,1.228
OFF-0095,WATER,Assistant Engineer,2023-11,49,40,81.6,0.9,0,0.0,4,0.466,1.228
OFF-0095,WATER,Assistant Engineer,2023-12,51,49,96.1,0.7,0,0.0,1,0.441,1.228
OFF-0095,WATER,Assistant Engineer,2024-01,40,33,82.5,1.4,0,0.0,0,0.477,1.228
OFF-0095,WATER,Assistant Engineer,2024-02,44,39,88.6,0.5,0,0.0,1,0.368,1.228
OFF-0095,WATER,Assistant Engineer,2024-03,36,34,94.4,0.8,0,0.0,0,0.364,1.228
OFF-0095,WATER,Assistant Engineer,2024-04,46,45,97.8,1.0,0,0.0,1,0.457,1.228
OFF-0095,WATER,Assistant Engineer,2024-05,45,40,88.9,1.1,0,0.0,4,0.46,1.228
OFF-0095,WATER,Assistant Engineer,2024-06,57,47,82.5,0.6,0,0.0,1,0.467,1.228
OFF-0095,WATER,Assistant Engineer,2024-07,77,73,94.8,0.8,0,0.0,0,0.513,1.228
OFF-0095,WATER,Assistant Engineer,2024-08,72,69,95.8,0.9,0,0.0,0,0.542,1.228
OFF-0095,WATER,Assistant Engineer,2024-09,60,58,96.7,0.5,0,0.0,0,0.475,1.228
OFF-0095,WATER,Assistant Engineer,2024-10,34,33,97.1,1.1,0,0.0,1,0.392,1.228
OFF-0095,WATER,Assistant Engineer,2024-11,35,31,88.6,1.3,0,0.0,0,0.427,1.228
OFF-0095,WATER,Assistant Engineer,2024-12,46,45,97.8,0.9,0,0.0,3,0.436,1.228
OFF-0096,WATER,Coordinator,2022-01,36,31,86.1,0.6,0,0.0,1,0.336,1.101
OFF-0096,WATER,Coordinator,2022-02,33,29,87.9,0.6,0,0.0,2,0.317,1.101
OFF-0096,WATER,Coordinator,2022-03,28,23,82.1,1.5,0,0.0,1,0.412,1.101
OFF-0096,WATER,Coordinator,2022-04,31,27,87.1,1.0,0,0.0,2,0.352,1.101
OFF-0096,WATER,Coordinator,2022-05,38,29,76.3,1.4,0,0.0,2,0.469,1.101
OFF-0096,WATER,Coordinator,2022-06,52,40,76.9,1.6,0,0.0,0,0.58,1.101
OFF-0096,WATER,Coordinator,2022-07,66,56,84.8,1.0,0,0.0,1,0.551,1.101
OFF-0096,WATER,Coordinator,2022-08,43,36,83.7,0.6,0,0.0,0,0.378,1.101
OFF-0096,WATER,Coordinator,2022-09,58,56,96.6,0.9,0,0.0,0,0.522,1.101
OFF-0096,WATER,Coordinator,2022-10,33,25,75.8,0.8,0,0.0,1,0.34,1.101
OFF-0096,WATER,Coordinator,2022-11,36,25,69.4,1.2,0,0.0,2,0.417,1.101
OFF-0096,WATER,Coordinator,2022-12,27,21,77.8,0.8,0,0.0,4,0.296,1.101
OFF-0096,WATER,Coordinator,2023-01,39,28,71.8,1.0,0,0.0,1,0.415,1.101
OFF-0096,WATER,Coordinator,2023-02,29,23,79.3,1.6,0,0.0,1,0.439,1.101
OFF-0096,WATER,Coordinator,2023-03,27,24,88.9,0.7,0,0.0,2,0.286,1.101
OFF-0096,WATER,Coordinator,2023-04,31,30,96.8,0.5,0,0.0,0,0.282,1.101
OFF-0096,WATER,Coordinator,2023-05,33,30,90.9,1.2,0,0.0,1,0.403,1.101
OFF-0096,WATER,Coordinator,2023-06,53,46,86.8,1.2,0,0.0,4,0.533,1.101
OFF-0096,WATER,Coordinator,2023-07,49,39,79.6,1.4,0,0.0,1,0.531,1.101
OFF-0096,WATER,Coordinator,2023-08,64,62,96.9,0.6,0,0.0,2,0.494,1.101
OFF-0096,WATER,Coordinator,2023-09,57,55,96.5,0.9,0,0.0,0,0.517,1.101
OFF-0096,WATER,Coordinator,2023-10,37,35,94.6,0.9,0,0.0,2,0.38,1.101
OFF-0096,WATER,Coordinator,2023-11,37,30,81.1,1.0,0,0.0,1,0.392,1.101
OFF-0096,WATER,Coordinator,2023-12,30,29,96.7,0.5,0,0.0,0,0.275,1.101
OFF-0096,WATER,Coordinator,2024-01,35,32,91.4,1.5,0,0.0,4,0.454,1.101
OFF-0096,WATER,Coordinator,2024-02,35,34,97.1,0.7,0,0.0,0,0.341,1.101
OFF-0096,WATER,Coordinator,2024-03,29,25,86.2,1.0,0,0.0,1,0.339,1.101
OFF-0096,WATER,Coordinator,2024-04,33,31,93.9,0.8,0,0.0,1,0.339,1.101
OFF-0096,WATER,Coordinator,2024-05,36,30,83.3,1.0,0,0.0,3,0.387,1.101
OFF-0096,WATER,Coordinator,2024-06,59,43,72.9,0.5,0,0.0,2,0.468,1.101
OFF-0096,WATER,Coordinator,2024-07,48,45,93.8,1.1,0,0.0,2,0.491,1.101
OFF-0096,WATER,Coordinator,2024-08,54,49,90.7,1.0,0,0.0,1,0.503,1.101
OFF-0096,WATER,Coordinator,2024-09,42,40,95.2,0.5,0,0.0,2,0.355,1.101
OFF-0096,WATER,Coordinator,2024-10,37,27,73.0,0.9,0,0.0,3,0.381,1.101
OFF-0096,WATER,Coordinator,2024-11,28,20,71.4,1.0,0,0.0,0,0.342,1.101
OFF-0096,WATER,Coordinator,2024-12,31,26,83.9,0.9,0,0.0,2,0.344,1.101
OFF-0097,WATER,Coordinator,2022-01,32,25,78.1,0.5,0,0.0,1,0.288,1.063
OFF-0097,WATER,Coordinator,2022-02,30,25,83.3,2.1,0,0.0,0,0.5,1.063
OFF-0097,WATER,Coordinator,2022-03,39,35,89.7,1.7,0,0.0,0,0.513,1.063
OFF-0097,WATER,Coordinator,2022-04,37,32,86.5,1.7,0,0.0,0,0.495,1.063
OFF-0097,WATER,Coordinator,2022-05,32,27,84.4,1.0,0,0.0,0,0.363,1.063
OFF-0097,WATER,Coordinator,2022-06,47,39,83.0,0.5,0,0.0,1,0.388,1.063
OFF-0097,WATER,Coordinator,2022-07,52,37,71.2,0.7,0,0.0,1,0.449,1.063
OFF-0097,WATER,Coordinator,2022-08,54,44,81.5,1.1,0,0.0,1,0.526,1.063
OFF-0097,WATER,Coordinator,2022-09,70,57,81.4,1.6,0,0.0,2,0.642,1.063
OFF-0097,WATER,Coordinator,2022-10,38,30,78.9,1.3,0,0.0,2,0.445,1.063
OFF-0097,WATER,Coordinator,2022-11,35,32,91.4,1.0,0,0.0,1,0.385,1.063
OFF-0097,WATER,Coordinator,2022-12,41,36,87.8,1.0,0,0.0,1,0.425,1.063
OFF-0097,WATER,Coordinator,2023-01,42,37,88.1,1.1,0,0.0,1,0.441,1.063
OFF-0097,WATER,Coordinator,2023-02,37,26,70.3,0.6,0,0.0,2,0.339,1.063
OFF-0097,WATER,Coordinator,2023-03,37,30,81.1,1.5,0,0.0,1,0.471,1.063
OFF-0097,WATER,Coordinator,2023-04,41,33,80.5,0.5,0,0.0,3,0.348,1.063
OFF-0097,WATER,Coordinator,2023-05,41,37,90.2,0.9,0,0.0,0,0.405,1.063
OFF-0097,WATER,Coordinator,2023-06,57,52,91.2,1.6,0,0.0,2,0.62,1.063
OFF-0097,WATER,Coordinator,2023-07,46,45,97.8,1.5,0,0.0,4,0.528,1.063
OFF-0097,WATER,Coordinator,2023-08,59,45,76.3,0.6,0,0.0,3,0.478,1.063
OFF-0097,WATER,Coordinator,2023-09,60,49,81.7,0.8,0,0.0,1,0.522,1.063
OFF-0097,WATER,Coordinator,2023-10,29,25,86.2,1.1,0,0.0,2,0.352,1.063
OFF-0097,WATER,Coordinator,2023-11,31,28,90.3,0.5,0,0.0,1,0.288,1.063
OFF-0097,WATER,Coordinator,2023-12,36,30,83.3,1.1,0,0.0,2,0.4,1.063
OFF-0097,WATER,Coordinator,2024-01,39,38,97.4,1.0,0,0.0,2,0.405,1.063
OFF-0097,WATER,Coordinator,2024-02,31,25,80.6,2.1,0,0.0,0,0.507,1.063
OFF-0097,WATER,Coordinator,2024-03,40,29,72.5,1.1,0,0.0,1,0.425,1.063
OFF-0097,WATER,Coordinator,2024-04,40,28,70.0,0.8,0,0.0,0,0.391,1.063
OFF-0097,WATER,Coordinator,2024-05,40,35,87.5,1.0,0,0.0,2,0.416,1.063
OFF-0097,WATER,Coordinator,2024-06,62,54,87.1,1.4,0,0.0,0,0.61,1.063
OFF-0097,WATER,Coordinator,2024-07,54,46,85.2,1.5,0,0.0,0,0.587,1.063
OFF-0097,WATER,Coordinator,2024-08,67,62,92.5,0.8,0,0.0,0,0.514,1.063
OFF-0097,WATER,Coordinator,2024-09,49,38,77.6,1.0,0,0.0,0,0.478,1.063
OFF-0097,WATER,Coordinator,2024-10,30,28,93.3,0.5,0,0.0,1,0.275,1.063
OFF-0097,WATER,Coordinator,2024-11,41,29,70.7,0.5,0,0.0,0,0.348,1.063
OFF-0097,WATER,Coordinator,2024-12,37,32,86.5,1.0,0,0.0,2,0.39,1.063
OFF-0098,WATER,Executive Engineer,2022-01,28,19,67.9,0.9,0,1.8,0,0.332,0.926
OFF-0098,WATER,Executive Engineer,2022-02,22,13,59.1,1.3,0,2.4,2,0.354,0.926
OFF-0098,WATER,Executive Engineer,2022-03,31,23,74.2,0.8,0,2.8,1,0.342,0.926
OFF-0098,WATER,Executive Engineer,2022-04,21,13,61.9,1.6,0,2.6,1,0.389,0.926
OFF-0098,WATER,Executive Engineer,2022-05,20,16,80.0,1.1,0,1.4,0,0.307,0.926
OFF-0098,WATER,Executive Engineer,2022-06,41,28,68.3,1.6,0,1.8,3,0.525,0.926
OFF-0098,WATER,Executive Engineer,2022-07,27,18,66.7,2.4,0,2.6,2,0.488,0.926
OFF-0098,WATER,Executive Engineer,2022-08,36,23,63.9,0.7,0,1.7,0,0.343,0.926
OFF-0098,WATER,Executive Engineer,2022-09,45,39,86.7,1.4,0,1.9,0,0.51,0.926
OFF-0098,WATER,Executive Engineer,2022-10,24,17,70.8,1.4,0,1.3,2,0.369,0.926
OFF-0098,WATER,Executive Engineer,2022-11,22,17,77.3,1.7,0,0.8,0,0.408,0.926
OFF-0098,WATER,Executive Engineer,2022-12,26,21,80.8,0.5,0,1.1,4,0.252,0.926
OFF-0098,WATER,Executive Engineer,2023-01,27,23,85.2,1.2,0,2.9,0,0.362,0.926
OFF-0098,WATER,Executive Engineer,2023-02,30,19,63.3,0.9,0,2.4,0,0.345,0.926
OFF-0098,WATER,Executive Engineer,2023-03,28,17,60.7,0.9,0,2.3,1,0.325,0.926
OFF-0098,WATER,Executive Engineer,2023-04,27,23,85.2,0.8,0,1.5,1,0.307,0.926
OFF-0098,WATER,Executive Engineer,2023-05,25,15,60.0,0.5,0,1.0,1,0.245,0.926
OFF-0098,WATER,Executive Engineer,2023-06,44,31,70.5,1.0,0,1.7,4,0.447,0.926
OFF-0098,WATER,Executive Engineer,2023-07,34,21,61.8,0.7,0,1.4,0,0.339,0.926
OFF-0098,WATER,Executive Engineer,2023-08,35,21,60.0,0.8,0,2.3,4,0.363,0.926
OFF-0098,WATER,Executive Engineer,2023-09,35,24,68.6,0.9,0,1.0,1,0.376,0.926
OFF-0098,WATER,Executive Engineer,2023-10,28,23,82.1,0.8,0,0.9,4,0.314,0.926
OFF-0098,WATER,Executive Engineer,2023-11,27,20,74.1,1.2,0,1.0,1,0.37,0.926
OFF-0098,WATER,Executive Engineer,2023-12,29,17,58.6,0.5,0,1.3,0,0.272,0.926
OFF-0098,WATER,Executive Engineer,2024-01,25,18,72.0,1.4,0,1.6,0,0.378,0.926
OFF-0098,WATER,Executive Engineer,2024-02,21,15,71.4,0.9,0,2.8,0,0.287,0.926
OFF-0098,WATER,Executive Engineer,2024-03,30,21,70.0,1.5,0,2.9,2,0.43,0.926
OFF-0098,WATER,Executive Engineer,2024-04,28,23,82.1,0.8,0,1.6,1,0.314,0.926
OFF-0098,WATER,Executive Engineer,2024-05,28,20,71.4,1.6,0,1.5,1,0.429,0.926
OFF-0098,WATER,Executive Engineer,2024-06,33,22,66.7,1.5,0,1.4,2,0.446,0.926
OFF-0098,WATER,Executive Engineer,2024-07,33,27,81.8,0.8,0,2.4,4,0.349,0.926
OFF-0098,WATER,Executive Engineer,2024-08,31,26,83.9,1.1,0,2.8,2,0.378,0.926
OFF-0098,WATER,Executive Engineer,2024-09,31,26,83.9,1.4,0,2.0,2,0.418,0.926
OFF-0098,WATER,Executive Engineer,2024-10,28,23,82.1,0.8,0,1.3,2,0.313,0.926
OFF-0098,WATER,Executive Engineer,2024-11,30,25,83.3,1.3,0,2.5,1,0.402,0.926
OFF-0098,WATER,Executive Engineer,2024-12,26,22,84.6,1.2,0,2.9,1,0.368,0.926
OFF-0099,WATER,Executive Engineer,2022-01,17,13,76.5,1.8,0,0.0,3,0.384,1.115
OFF-0099,WATER,Executive Engineer,2022-02,19,14,73.7,0.7,0,0.0,1,0.236,1.115
OFF-0099,WATER,Executive Engineer,2022-03,18,14,77.8,0.5,0,0.0,0,0.195,1.115
OFF-0099,WATER,Executive Engineer,2022-04,14,10,71.4,0.5,0,0.0,1,0.168,1.115
OFF-0099,WATER,Executive Engineer,2022-05,19,15,78.9,1.0,0,0.0,1,0.271,1.115
OFF-0099,WATER,Executive Engineer,2022-06,27,25,92.6,1.1,0,0.0,0,0.343,1.115
OFF-0099,WATER,Executive Engineer,2022-07,22,19,86.4,0.5,0,0.0,1,0.222,1.115
OFF-0099,WATER,Executive Engineer,2022-08,23,16,69.6,0.5,0,0.0,0,0.228,1.115
OFF-0099,WATER,Executive Engineer,2022-09,19,15,78.9,1.1,0,0.0,2,0.291,1.115
OFF-0099,WATER,Executive Engineer,2022-10,15,12,80.0,0.5,0,0.0,3,0.175,1.115
OFF-0099,WATER,Executive Engineer,2022-11,14,13,92.9,1.1,0,0.0,3,0.262,1.115
OFF-0099,WATER,Executive Engineer,2022-12,18,14,77.8,0.6,0,0.0,3,0.216,1.115
OFF-0099,WATER,Executive Engineer,2023-01,19,16,84.2,1.7,0,0.0,1,0.375,1.115
OFF-0099,WATER,Executive Engineer,2023-02,17,15,88.2,1.7,0,0.0,0,0.37,1.115
OFF-0099,WATER,Executive Engineer,2023-03,17,15,88.2,0.8,0,0.0,0,0.227,1.115
OFF-0099,WATER,Executive Engineer,2023-04,17,12,70.6,1.4,0,0.0,1,0.321,1.115
OFF-0099,WATER,Executive Engineer,2023-05,17,16,94.1,0.6,0,0.0,2,0.209,1.115
OFF-0099,WATER,Executive Engineer,2023-06,30,29,96.7,1.1,0,0.0,0,0.358,1.115
OFF-0099,WATER,Executive Engineer,2023-07,33,29,87.9,0.6,0,0.0,3,0.317,1.115
OFF-0099,WATER,Executive Engineer,2023-08,24,22,91.7,0.5,0,0.0,0,0.235,1.115
OFF-0099,WATER,Executive Engineer,2023-09,29,28,96.6,0.8,0,0.0,1,0.314,1.115
OFF-0099,WATER,Executive Engineer,2023-10,19,15,78.9,0.5,0,0.0,3,0.202,1.115
OFF-0099,WATER,Executive Engineer,2023-11,13,9,69.2,1.5,0,0.0,0,0.314,1.115
OFF-0099,WATER,Executive Engineer,2023-12,16,13,81.2,2.0,0,0.0,0,0.407,1.115
OFF-0099,WATER,Executive Engineer,2024-01,15,14,93.3,1.0,0,0.0,0,0.257,1.115
OFF-0099,WATER,Executive Engineer,2024-02,19,17,89.5,0.5,0,0.0,0,0.202,1.115
OFF-0099,WATER,Executive Engineer,2024-03,19,16,84.2,0.6,0,0.0,0,0.215,1.115
OFF-0099,WATER,Executive Engineer,2024-04,18,17,94.4,0.7,0,0.0,4,0.221,1.115
OFF-0099,WATER,Executive Engineer,2024-05,18,14,77.8,1.0,0,0.0,1,0.265,1.115
OFF-0099,WATER,Executive Engineer,2024-06,23,21,91.3,0.5,0,0.0,3,0.228,1.115
OFF-0099,WATER,Executive Engineer,2024-07,32,29,90.6,0.5,0,0.0,0,0.288,1.115
OFF-0099,WATER,Executive Engineer,2024-08,25,21,84.0,1.3,0,0.0,1,0.358,1.115
OFF-0099,WATER,Executive Engineer,2024-09,31,24,77.4,1.0,0,0.0,0,0.352,1.115
OFF-0099,WATER,Executive Engineer,2024-10,16,12,75.0,2.0,0,0.0,1,0.407,1.115
OFF-0099,WATER,Executive Engineer,2024-11,14,13,92.9,0.5,0,0.0,2,0.168,1.115
OFF-0099,WATER,Executive Engineer,2024-12,19,15,78.9,1.0,0,0.0,0,0.27,1.115
OFF-0100,WATER,Assistant Engineer,2022-01,35,26,74.3,1.0,0,0.7,0,0.393,0.975
OFF-0100,WATER,Assistant Engineer,2022-02,44,29,65.9,0.7,0,1.0,3,0.398,0.975
OFF-0100,WATER,Assistant Engineer,2022-03,41,35,85.4,0.9,0,0.8,4,0.409,0.975
OFF-0100,WATER,Assistant Engineer,2022-04,46,33,71.7,0.7,0,0.5,3,0.419,0.975
OFF-0100,WATER,Assistant Engineer,2022-05,35,26,74.3,0.8,0,0.8,3,0.349,0.975
OFF-0100,WATER,Assistant Engineer,2022-06,69,48,69.6,0.5,0,0.7,2,0.477,0.975
OFF-0100,WATER,Assistant Engineer,2022-07,74,58,78.4,0.5,0,0.7,0,0.477,0.975
OFF-0100,WATER,Assistant Engineer,2022-08,72,65,90.3,0.5,0,0.9,3,0.478,0.975
OFF-0100,WATER,Assistant Engineer,2022-09,71,48,67.6,0.6,0,1.0,0,0.489,0.975
OFF-0100,WATER,Assistant Engineer,2022-10,46,39,84.8,0.6,0,0.8,0,0.398,0.975
OFF-0100,WATER,Assistant Engineer,2022-11,40,32,80.0,0.6,0,0.8,1,0.356,0.975
OFF-0100,WATER,Assistant Engineer,2022-12,46,34,73.9,1.0,0,0.5,0,0.463,0.975
OFF-0100,WATER,Assistant Engineer,2023-01,32,23,71.9,1.2,0,0.3,0,0.394,0.975
OFF-0100,WATER,Assistant Engineer,2023-02,39,26,66.7,1.1,0,0.4,1,0.427,0.975
OFF-0100,WATER,Assistant Engineer,2023-03,40,33,82.5,0.8,0,0.5,2,0.389,0.975
OFF-0100,WATER,Assistant Engineer,2023-04,41,31,75.6,1.0,0,0.7,1,0.432,0.975
OFF-0100,WATER,Assistant Engineer,2023-05,47,36,76.6,0.6,0,0.8,4,0.399,0.975
OFF-0100,WATER,Assistant Engineer,2023-06,59,47,79.7,0.6,0,0.9,1,0.486,0.975
OFF-0100,WATER,Assistant Engineer,2023-07,76,63,82.9,0.5,0,0.7,3,0.477,0.975
OFF-0100,WATER,Assistant Engineer,2023-08,66,54,81.8,0.8,0,0.9,3,0.523,0.975
OFF-0100,WATER,Assistant Engineer,2023-09,47,40,85.1,1.8,0,0.4,0,0.588,0.975
OFF-0100,WATER,Assistant Engineer,2023-10,37,24,64.9,0.6,0,0.6,3,0.34,0.975
OFF-0100,WATER,Assistant Engineer,2023-11,45,40,88.9,1.1,0,1.0,1,0.466,0.975
OFF-0100,WATER,Assistant Engineer,2023-12,48,42,87.5,0.5,0,0.3,1,0.396,0.975
OFF-0100,WATER,Assistant Engineer,2024-01,33,22,66.7,1.8,0,0.5,2,0.497,0.975
OFF-0100,WATER,Assistant Engineer,2024-02,36,33,91.7,1.4,0,0.8,2,0.453,0.975
OFF-0100,WATER,Assistant Engineer,2024-03,33,23,69.7,0.5,0,0.8,0,0.298,0.975
OFF-0100,WATER,Assistant Engineer,2024-04,33,26,78.8,0.5,0,0.6,0,0.297,0.975
OFF-0100,WATER,Assistant Engineer,2024-05,34,29,85.3,0.7,0,0.3,0,0.34,0.975
OFF-0100,WATER,Assistant Engineer,2024-06,54,34,63.0,1.2,0,0.8,0,0.539,0.975
OFF-0100,WATER,Assistant Engineer,2024-07,72,58,80.6,0.5,0,0.4,0,0.48,0.975
OFF-0100,WATER,Assistant Engineer,2024-08,75,66,88.0,0.6,0,0.8,1,0.493,0.975
OFF-0100,WATER,Assistant Engineer,2024-09,70,51,72.9,1.0,0,0.9,1,0.55,0.975
OFF-0100,WATER,Assistant Engineer,2024-10,36,24,66.7,0.7,0,0.8,2,0.353,0.975
OFF-0100,WATER,Assistant Engineer,2024-11,45,38,84.4,0.9,0,0.5,3,0.435,0.975
OFF-0100,WATER,Assistant Engineer,2024-12,43,34,79.1,1.2,0,0.5,2,0.467,0.975
OFF-0101,WATER,Executive Engineer,2022-01,20,19,95.0,0.9,0,0.0,0,0.264,1.177
OFF-0101,WATER,Executive Engineer,2022-02,25,24,96.0,0.9,0,0.0,1,0.304,1.177
OFF-0101,WATER,Executive Engineer,2022-03,24,18,75.0,0.5,0,0.0,0,0.235,1.177
OFF-0101,WATER,Executive Engineer,2022-04,23,17,73.9,1.0,0,0.0,3,0.296,1.177
OFF-0101,WATER,Executive Engineer,2022-05,23,22,95.7,1.4,0,0.0,0,0.361,1.177
OFF-0101,WATER,Executive Engineer,2022-06,30,29,96.7,0.9,0,0.0,1,0.329,1.177
OFF-0101,WATER,Executive Engineer,2022-07,31,24,77.4,1.0,0,0.0,1,0.355,1.177
OFF-0101,WATER,Executive Engineer,2022-08,44,38,86.4,1.3,0,0.0,3,0.494,1.177
OFF-0101,WATER,Executive Engineer,2022-09,42,41,97.6,0.8,0,0.0,1,0.394,1.177
OFF-0101,WATER,Executive Engineer,2022-10,22,21,95.5,1.5,0,0.0,0,0.367,1.177
OFF-0101,WATER,Executive Engineer,2022-11,20,19,95.0,1.1,0,0.0,0,0.304,1.177
OFF-0101,WATER,Executive Engineer,2022-12,22,21,95.5,0.9,0,0.0,2,0.28,1.177
OFF-0101,WATER,Executive Engineer,2023-01,25,24,96.0,0.7,0,0.0,1,0.264,1.177
OFF-0101,WATER,Executive Engineer,2023-02,20,19,95.0,1.8,0,0.0,1,0.401,1.177
OFF-0101,WATER,Executive Engineer,2023-03,24,21,87.5,1.5,0,0.0,3,0.384,1.177
OFF-0101,WATER,Executive Engineer,2023-04,25,24,96.0,1.9,0,0.0,0,0.446,1.177
OFF-0101,WATER,Executive Engineer,2023-05,19,18,94.7,0.5,0,0.0,0,0.202,1.177
OFF-0101,WATER,Executive Engineer,2023-06,36,32,88.9,0.5,0,0.0,0,0.315,1.177
OFF-0101,WATER,Executive Engineer,2023-07,41,40,97.6,2.1,0,0.0,2,0.573,1.177
OFF-0101,WATER,Executive Engineer,2023-08,40,36,90.0,0.5,0,0.0,1,0.342,1.177
OFF-0101,WATER,Executive Engineer,2023-09,39,31,79.5,0.5,0,0.0,1,0.339,1.177
OFF-0101,WATER,Executive Engineer,2023-10,19,18,94.7,0.5,0,0.0,2,0.202,1.177
OFF-0101,WATER,Executive Engineer,2023-11,27,23,85.2,0.9,0,0.0,1,0.319,1.177
OFF-0101,WATER,Executive Engineer,2023-12,27,21,77.8,1.3,0,0.0,1,0.373,1.177
OFF-0101,WATER,Executive Engineer,2024-01,26,25,96.2,1.6,0,0.0,0,0.407,1.177
OFF-0101,WATER,Executive Engineer,2024-02,22,21,95.5,0.5,0,0.0,0,0.222,1.177
OFF-0101,WATER,Executive Engineer,2024-03,21,19,90.5,0.6,0,0.0,0,0.228,1.177
OFF-0101,WATER,Executive Engineer,2024-04,19,18,94.7,1.0,0,0.0,3,0.282,1.177
OFF-0101,WATER,Executive Engineer,2024-05,22,21,95.5,0.7,0,0.0,0,0.245,1.177
OFF-0101,WATER,Executive Engineer,2024-06,45,38,84.4,1.1,0,0.0,0,0.46,1.177
OFF-0101,WATER,Executive Engineer,2024-07,36,35,97.2,0.5,0,0.0,2,0.315,1.177
OFF-0101,WATER,Executive Engineer,2024-08,39,37,94.9,0.5,0,0.0,1,0.335,1.177
OFF-0101,WATER,Executive Engineer,2024-09,35,34,97.1,0.5,0,0.0,0,0.308,1.177
OFF-0101,WATER,Executive Engineer,2024-10,22,18,81.8,1.0,0,0.0,0,0.298,1.177
OFF-0101,WATER,Executive Engineer,2024-11,19,16,84.2,0.5,0,0.0,3,0.202,1.177
OFF-0101,WATER,Executive Engineer,2024-12,27,26,96.3,0.5,0,0.0,1,0.255,1.177
OFF-0102,WATER,Executive Engineer,2022-01,14,9,64.3,1.0,0,0.0,3,0.24,1.036
OFF-0102,WATER,Executive Engineer,2022-02,17,15,88.2,0.6,0,0.0,1,0.204,1.036
OFF-0102,WATER,Executive Engineer,2022-03,16,12,75.0,1.5,0,0.0,0,0.328,1.036
OFF-0102,WATER,Executive Engineer,2022-04,13,12,92.3,2.1,0,0.0,0,0.387,1.036
OFF-0102,WATER,Executive Engineer,2022-05,15,10,66.7,0.5,0,0.0,1,0.175,1.036
OFF-0102,WATER,Executive Engineer,2022-06,22,21,95.5,0.7,0,0.0,0,0.258,1.036
OFF-0102,WATER,Executive Engineer,2022-07,21,20,95.2,0.5,0,0.0,4,0.215,1.036
OFF-0102,WATER,Executive Engineer,2022-08,28,24,85.7,0.5,0,0.0,1,0.262,1.036
OFF-0102,WATER,Executive Engineer,2022-09,25,22,88.0,1.3,0,0.0,1,0.366,1.036
OFF-0102,WATER,Executive Engineer,2022-10,17,12,70.6,1.3,0,0.0,0,0.307,1.036
OFF-0102,WATER,Executive Engineer,2022-11,14,12,85.7,0.7,0,0.0,0,0.204,1.036
OFF-0102,WATER,Executive Engineer,2022-12,12,10,83.3,2.4,0,0.0,1,0.38,1.036
OFF-0102,WATER,Executive Engineer,2023-01,12,8,66.7,1.1,0,0.0,0,0.249,1.036
OFF-0102,WATER,Executive Engineer,2023-02,15,13,86.7,1.4,0,0.0,1,0.312,1.036
OFF-0102,WATER,Executive Engineer,2023-03,14,13,92.9,1.4,0,0.0,0,0.299,1.036
OFF-0102,WATER,Executive Engineer,2023-04,17,16,94.1,1.0,0,0.0,0,0.259,1.036
OFF-0102,WATER,Executive Engineer,2023-05,13,8,61.5,0.9,0,0.0,2,0.224,1.036
OFF-0102,WATER,Executive Engineer,2023-06,21,15,71.4,2.2,0,0.0,1,0.44,1.036
OFF-0102,WATER,Executive Engineer,2023-07,19,13,68.4,1.2,0,0.0,2,0.304,1.036
OFF-0102,WATER,Executive Engineer,2023-08,26,19,73.1,1.0,0,0.0,0,0.326,1.036
OFF-0102,WATER,Executive Engineer,2023-09,21,17,81.0,0.5,0,0.0,2,0.215,1.036
OFF-0102,WATER,Executive Engineer,2023-10,17,13,76.5,0.9,0,0.0,2,0.242,1.036
OFF-0102,WATER,Executive Engineer,2023-11,15,11,73.3,0.5,0,0.0,1,0.18,1.036
OFF-0102,WATER,Executive Engineer,2023-12,14,11,78.6,1.5,0,0.0,1,0.319,1.036
OFF-0102,WATER,Executive Engineer,2024-01,12,10,83.3,0.7,0,0.0,1,0.186,1.036
OFF-0102,WATER,Executive Engineer,2024-02,17,14,82.4,1.4,0,0.0,0,0.325,1.036
OFF-0102,WATER,Executive Engineer,2024-03,13,11,84.6,0.8,0,0.0,0,0.21,1.036
OFF-0102,WATER,Executive Engineer,2024-04,17,14,82.4,1.7,0,0.0,1,0.37,1.036
OFF-0102,WATER,Executive Engineer,2024-05,14,11,78.6,0.5,0,0.0,3,0.172,1.036
OFF-0102,WATER,Executive Engineer,2024-06,26,22,84.6,0.6,0,0.0,0,0.265,1.036
OFF-0102,WATER,Executive Engineer,2024-07,27,21,77.8,1.5,0,0.0,1,0.409,1.036
OFF-0102,WATER,Executive Engineer,2024-08,20,16,80.0,0.6,0,0.0,2,0.216,1.036
OFF-0102,WATER,Executive Engineer,2024-09,27,19,70.4,1.1,0,0.0,1,0.341,1.036
OFF-0102,WATER,Executive Engineer,2024-10,15,13,86.7,0.6,0,0.0,1,0.194,1.036
OFF-0102,WATER,Executive Engineer,2024-11,14,12,85.7,0.5,0,0.0,4,0.173,1.036
OFF-0102,WATER,Executive Engineer,2024-12,17,15,88.2,0.9,0,0.0,4,0.242,1.036
OFF-0103,WATER,Executive Engineer,2022-01,15,8,53.3,1.1,0,4.6,0,0.284,0.877
OFF-0103,WATER,Executive Engineer,2022-02,17,12,70.6,1.1,0,1.6,0,0.285,0.877
OFF-0103,WATER,Executive Engineer,2022-03,15,12,80.0,1.2,0,3.6,1,0.291,0.877
OFF-0103,WATER,Executive Engineer,2022-04,17,11,64.7,1.4,0,4.3,1,0.342,0.877
OFF-0103,WATER,Executive Engineer,2022-05,14,8,57.1,0.7,0,1.4,4,0.206,0.877
OFF-0103,WATER,Executive Engineer,2022-06,23,18,78.3,1.3,0,3.9,0,0.359,0.877
OFF-0103,WATER,Executive Engineer,2022-07,22,14,63.6,1.3,0,4.4,1,0.351,0.877
OFF-0103,WATER,Executive Engineer,2022-08,21,13,61.9,0.6,0,1.6,0,0.236,0.877
OFF-0103,WATER,Executive Engineer,2022-09,17,13,76.5,0.8,0,1.6,2,0.24,0.877
OFF-0103,WATER,Executive Engineer,2022-10,15,9,60.0,1.0,0,4.0,3,0.268,0.877
OFF-0103,WATER,Executive Engineer,2022-11,15,11,73.3,0.6,0,4.3,1,0.205,0.877
OFF-0103,WATER,Executive Engineer,2022-12,15,8,53.3,0.7,0,4.6,1,0.224,0.877
OFF-0103,WATER,Executive Engineer,2023-01,16,13,81.2,1.1,0,2.1,1,0.282,0.877
OFF-0103,WATER,Executive Engineer,2023-02,15,12,80.0,1.3,0,2.6,0,0.307,0.877
OFF-0103,WATER,Executive Engineer,2023-03,17,9,52.9,0.5,0,2.4,1,0.202,0.877
OFF-0103,WATER,Executive Engineer,2023-04,17,12,70.6,0.5,0,2.8,1,0.197,0.877
OFF-0103,WATER,Executive Engineer,2023-05,16,10,62.5,1.4,0,3.0,2,0.331,0.877
OFF-0103,WATER,Executive Engineer,2023-06,30,21,70.0,1.5,1,3.7,0,0.437,0.877
OFF-0103,WATER,Executive Engineer,2023-07,21,13,61.9,1.7,0,2.4,0,0.398,0.877
OFF-0103,WATER,Executive Engineer,2023-08,19,15,78.9,0.5,0,3.3,1,0.212,0.877
OFF-0103,WATER,Executive Engineer,2023-09,23,17,73.9,1.1,0,2.7,2,0.33,0.877
OFF-0103,WATER,Executive Engineer,2023-10,14,9,64.3,0.5,0,3.7,1,0.181,0.877
OFF-0103,WATER,Executive Engineer,2023-11,14,11,78.6,0.5,0,2.4,4,0.176,0.877
OFF-0103,WATER,Executive Engineer,2023-12,15,10,66.7,1.0,0,1.6,1,0.248,0.877
OFF-0103,WATER,Executive Engineer,2024-01,17,10,58.8,1.4,0,3.7,1,0.332,0.877
OFF-0103,WATER,Executive Engineer,2024-02,12,8,66.7,1.6,0,1.3,3,0.317,0.877
OFF-0103,WATER,Executive Engineer,2024-03,13,8,61.5,0.8,0,3.6,1,0.219,0.877
OFF-0103,WATER,Executive Engineer,2024-04,12,8,66.7,1.2,0,3.5,2,0.273,0.877
OFF-0103,WATER,Executive Engineer,2024-05,15,9,60.0,1.6,0,2.7,1,0.355,0.877
OFF-0103,WATER,Executive Engineer,2024-06,25,14,56.0,0.6,0,3.7,0,0.275,0.877
OFF-0103,WATER,Executive Engineer,2024-07,18,14,77.8,1.2,0,4.4,1,0.316,0.877
OFF-0103,WATER,Executive Engineer,2024-08,28,21,75.0,1.5,0,1.5,1,0.415,0.877
OFF-0103,WATER,Executive Engineer,2024-09,26,17,65.4,1.0,1,4.4,1,0.333,0.877
OFF-0103,WATER,Executive Engineer,2024-10,15,9,60.0,0.6,0,4.4,1,0.199,0.877
OFF-0103,WATER,Executive Engineer,2024-11,16,10,62.5,1.2,0,3.6,4,0.299,0.877
OFF-0103,WATER,Executive Engineer,2024-12,17,10,58.8,1.5,0,4.8,1,0.359,0.877
OFF-0104,WATER,Field Officer,2022-01,38,32,84.2,1.0,0,0.7,1,0.398,0.981
OFF-0104,WATER,Field Officer,2022-02,43,35,81.4,0.5,0,0.4,1,0.363,0.981
OFF-0104,WATER,Field Officer,2022-03,41,32,78.0,1.2,0,0.7,2,0.458,0.981
OFF-0104,WATER,Field Officer,2022-04,31,25,80.6,1.9,0,0.7,1,0.498,0.981
OFF-0104,WATER,Field Officer,2022-05,42,34,81.0,1.3,0,0.5,1,0.475,0.981
OFF-0104,WATER,Field Officer,2022-06,54,47,87.0,1.4,0,0.6,2,0.567,0.981
OFF-0104,WATER,Field Officer,2022-07,62,53,85.5,0.9,0,0.5,3,0.534,0.981
OFF-0104,WATER,Field Officer,2022-08,72,61,84.7,1.9,0,0.7,2,0.681,0.981
OFF-0104,WATER,Field Officer,2022-09,45,36,80.0,1.6,0,0.3,0,0.544,0.981
OFF-0104,WATER,Field Officer,2022-10,36,28,77.8,0.7,0,0.2,3,0.339,0.981
OFF-0104,WATER,Field Officer,2022-11,30,21,70.0,1.3,0,0.4,2,0.402,0.981
OFF-0104,WATER,Field Officer,2022-12,38,32,84.2,0.5,0,0.8,3,0.331,0.981
OFF-0104,WATER,Field Officer,2023-01,30,26,86.7,2.2,0,0.5,1,0.501,0.981
OFF-0104,WATER,Field Officer,2023-02,37,25,67.6,0.5,0,0.3,0,0.322,0.981
OFF-0104,WATER,Field Officer,2023-03,35,32,91.4,2.1,0,0.7,1,0.535,0.981
OFF-0104,WATER,Field Officer,2023-04,33,27,81.8,0.7,0,0.4,0,0.332,0.981
OFF-0104,WATER,Field Officer,2023-05,42,37,88.1,1.1,0,0.7,0,0.447,0.981
OFF-0104,WATER,Field Officer,2023-06,46,39,84.8,0.6,0,0.4,0,0.399,0.981
OFF-0104,WATER,Field Officer,2023-07,63,48,76.2,1.7,0,0.2,4,0.65,0.981
OFF-0104,WATER,Field Officer,2023-08,58,51,87.9,2.1,0,0.3,1,0.687,0.981
OFF-0104,WATER,Field Officer,2023-09,63,47,74.6,1.8,0,0.6,1,0.666,0.981
OFF-0104,WATER,Field Officer,2023-10,31,28,90.3,0.9,0,0.7,1,0.346,0.981
OFF-0104,WATER,Field Officer,2023-11,38,29,76.3,0.6,0,0.3,0,0.346,0.981
OFF-0104,WATER,Field Officer,2023-12,37,25,67.6,1.1,0,0.3,1,0.419,0.981
OFF-0104,WATER,Field Officer,2024-01,35,27,77.1,1.2,0,0.5,0,0.409,0.981
OFF-0104,WATER,Field Officer,2024-02,43,34,79.1,0.9,0,0.3,1,0.426,0.981
OFF-0104,WATER,Field Officer,2024-03,40,28,70.0,1.5,0,0.3,1,0.494,0.981
OFF-0104,WATER,Field Officer,2024-04,41,35,85.4,1.4,0,0.6,2,0.482,0.981
OFF-0104,WATER,Field Officer,2024-05,38,24,63.2,0.6,0,0.6,1,0.346,0.981
OFF-0104,WATER,Field Officer,2024-06,44,33,75.0,1.2,0,0.3,3,0.474,0.981
OFF-0104,WATER,Field Officer,2024-07,70,61,87.1,1.2,0,0.4,2,0.578,0.981
OFF-0104,WATER,Field Officer,2024-08,60,40,66.7,0.8,0,0.6,1,0.518,0.981
OFF-0104,WATER,Field Officer,2024-09,68,46,67.6,1.0,0,0.5,2,0.558,0.981
OFF-0104,WATER,Field Officer,2024-10,44,33,75.0,1.4,0,0.7,1,0.5,0.981
OFF-0104,WATER,Field Officer,2024-11,30,20,66.7,0.7,0,0.5,2,0.313,0.981
OFF-0104,WATER,Field Officer,2024-12,33,26,78.8,1.6,0,0.6,1,0.469,0.981
OFF-0105,WATER,Executive Engineer,2022-01,27,16,59.3,1.6,0,3.1,2,0.435,0.795
OFF-0105,WATER,Executive Engineer,2022-02,24,14,58.3,2.2,0,2.3,0,0.467,0.795
OFF-0105,WATER,Executive Engineer,2022-03,25,13,52.0,1.6,0,2.9,2,0.409,0.795
OFF-0105,WATER,Executive Engineer,2022-04,24,15,62.5,1.6,1,7.2,2,0.419,0.795
OFF-0105,WATER,Executive Engineer,2022-05,30,18,60.0,0.8,1,4.4,0,0.334,0.795
OFF-0105,WATER,Executive Engineer,2022-06,35,19,54.3,1.0,1,4.9,0,0.396,0.795
OFF-0105,WATER,Executive Engineer,2022-07,39,23,59.0,1.4,2,5.7,1,0.488,0.795
OFF-0105,WATER,Executive Engineer,2022-08,38,21,55.3,2.0,0,2.4,2,0.557,0.795
OFF-0105,WATER,Executive Engineer,2022-09,37,26,70.3,2.7,1,3.2,0,0.556,0.795
OFF-0105,WATER,Executive Engineer,2022-10,28,17,60.7,1.4,1,5.8,0,0.416,0.795
OFF-0105,WATER,Executive Engineer,2022-11,24,15,62.5,1.4,1,8.0,1,0.397,0.795
OFF-0105,WATER,Executive Engineer,2022-12,26,18,69.2,2.0,0,3.8,4,0.485,0.795
OFF-0105,WATER,Executive Engineer,2023-01,30,18,60.0,1.3,2,7.2,2,0.41,0.795
OFF-0105,WATER,Executive Engineer,2023-02,29,17,58.6,2.2,1,4.3,1,0.506,0.795
OFF-0105,WATER,Executive Engineer,2023-03,32,17,53.1,0.6,2,7.5,0,0.332,0.795
OFF-0105,WATER,Executive Engineer,2023-04,26,14,53.8,1.1,1,5.3,0,0.347,0.795
OFF-0105,WATER,Executive Engineer,2023-05,25,14,56.0,1.2,1,6.3,1,0.373,0.795
OFF-0105,WATER,Executive Engineer,2023-06,39,29,74.4,2.2,3,7.7,1,0.583,0.795
OFF-0105,WATER,Executive Engineer,2023-07,36,23,63.9,0.8,1,4.4,1,0.37,0.795
OFF-0105,WATER,Executive Engineer,2023-08,53,33,62.3,0.7,1,3.8,1,0.466,0.795
OFF-0105,WATER,Executive Engineer,2023-09,42,22,52.4,2.3,3,7.2,0,0.601,0.795
OFF-0105,WATER,Executive Engineer,2023-10,24,14,58.3,2.2,1,7.4,2,0.482,0.795
OFF-0105,WATER,Executive Engineer,2023-11,29,17,58.6,1.4,2,7.1,0,0.426,0.795
OFF-0105,WATER,Executive Engineer,2023-12,32,16,50.0,1.0,2,7.2,2,0.385,0.795
OFF-0105,WATER,Executive Engineer,2024-01,27,18,66.7,0.8,2,7.6,1,0.319,0.795
OFF-0105,WATER,Executive Engineer,2024-02,31,20,64.5,0.5,1,3.4,2,0.294,0.795
OFF-0105,WATER,Executive Engineer,2024-03,29,19,65.5,1.2,1,5.0,1,0.391,0.795
OFF-0105,WATER,Executive Engineer,2024-04,28,16,57.1,1.7,0,2.7,1,0.443,0.795
OFF-0105,WATER,Executive Engineer,2024-05,30,17,56.7,1.5,0,3.1,2,0.429,0.795
OFF-0105,WATER,Executive Engineer,2024-06,35,24,68.6,0.5,1,5.0,1,0.323,0.795
OFF-0105,WATER,Executive Engineer,2024-07,43,22,51.2,1.6,1,4.3,0,0.532,0.795
OFF-0105,WATER,Executive Engineer,2024-08,40,25,62.5,0.9,2,5.7,3,0.42,0.795
OFF-0105,WATER,Executive Engineer,2024-09,46,24,52.2,1.4,2,4.4,0,0.524,0.795
OFF-0105,WATER,Executive Engineer,2024-10,31,22,71.0,0.8,0,2.5,2,0.34,0.795
OFF-0105,WATER,Executive Engineer,2024-11,27,15,55.6,1.7,1,7.4,0,0.455,0.795
OFF-0105,WATER,Executive Engineer,2024-12,23,11,47.8,1.9,1,7.9,1,0.462,0.795
OFF-0106,WATER,Field Officer,2022-01,15,10,66.7,1.0,0,4.3,0,0.268,0.84
OFF-0106,WATER,Field Officer,2022-02,15,11,73.3,0.5,0,1.8,1,0.181,0.84
OFF-0106,WATER,Field Officer,2022-03,18,10,55.6,0.9,0,2.0,4,0.26,0.84
OFF-0106,WATER,Field Officer,2022-04,14,9,64.3,2.2,0,2.5,1,0.401,0.84
OFF-0106,WATER,Field Officer,2022-05,16,9,56.2,0.5,0,2.9,1,0.19,0.84
OFF-0106,WATER,Field Officer,2022-06,22,13,59.1,1.1,1,4.9,0,0.32,0.84
OFF-0106,WATER,Field Officer,2022-07,23,17,73.9,1.5,0,2.1,4,0.384,0.84
OFF-0106,WATER,Field Officer,2022-08,25,18,72.0,0.9,1,5.9,3,0.312,0.84
OFF-0106,WATER,Field Officer,2022-09,22,13,59.1,1.0,1,5.4,2,0.309,0.84
OFF-0106,WATER,Field Officer,2022-10,17,11,64.7,2.2,1,5.9,1,0.431,0.84
OFF-0106,WATER,Field Officer,2022-11,15,8,53.3,0.5,0,2.2,0,0.182,0.84
OFF-0106,WATER,Field Officer,2022-12,15,11,73.3,0.9,0,4.8,1,0.249,0.84
OFF-0106,WATER,Field Officer,2023-01,17,13,76.5,1.1,0,1.6,4,0.284,0.84
OFF-0106,WATER,Field Officer,2023-02,18,13,72.2,1.0,0,5.3,3,0.283,0.84
OFF-0106,WATER,Field Officer,2023-03,17,12,70.6,1.9,0,2.4,1,0.412,0.84
OFF-0106,WATER,Field Officer,2023-04,18,10,55.6,0.8,0,4.9,1,0.248,0.84
OFF-0106,WATER,Field Officer,2023-05,13,7,53.8,1.1,0,3.1,0,0.262,0.84
OFF-0106,WATER,Field Officer,2023-06,23,16,69.6,0.8,0,2.1,1,0.275,0.84
OFF-0106,WATER,Field Officer,2023-07,25,16,64.0,1.7,1,6.4,1,0.438,0.84
OFF-0106,WATER,Field Officer,2023-08,29,18,62.1,1.5,0,3.3,2,0.43,0.84
OFF-0106,WATER,Field Officer,2023-09,24,14,58.3,1.4,0,3.2,0,0.383,0.84
OFF-0106,WATER,Field Officer,2023-10,17,12,70.6,1.4,0,2.5,0,0.331,0.84
OFF-0106,WATER,Field Officer,2023-11,15,11,73.3,1.0,0,5.1,0,0.268,0.84
OFF-0106,WATER,Field Officer,2023-12,15,9,60.0,1.3,0,5.5,1,0.31,0.84
OFF-0106,WATER,Field Officer,2024-01,17,11,64.7,1.0,0,2.3,1,0.265,0.84
OFF-0106,WATER,Field Officer,2024-02,16,12,75.0,1.6,0,3.1,4,0.357,0.84
OFF-0106,WATER,Field Officer,2024-03,17,13,76.5,1.4,1,6.4,0,0.34,0.84
OFF-0106,WATER,Field Officer,2024-04,13,8,61.5,0.7,0,2.7,2,0.193,0.84
OFF-0106,WATER,Field Officer,2024-05,17,12,70.6,0.5,0,3.0,0,0.197,0.84
OFF-0106,WATER,Field Officer,2024-06,21,13,61.9,1.3,1,6.1,1,0.352,0.84
OFF-0106,WATER,Field Officer,2024-07,21,12,57.1,1.6,0,2.1,3,0.384,0.84
OFF-0106,WATER,Field Officer,2024-08,31,20,64.5,0.9,1,5.8,0,0.359,0.84
OFF-0106,WATER,Field Officer,2024-09,21,11,52.4,1.4,0,2.1,0,0.352,0.84
OFF-0106,WATER,Field Officer,2024-10,14,9,64.3,1.3,0,4.1,1,0.293,0.84
OFF-0106,WATER,Field Officer,2024-11,13,9,69.2,0.7,0,4.1,3,0.198,0.84
OFF-0106,WATER,Field Officer,2024-12,16,11,68.8,0.8,0,5.4,0,0.239,0.84
OFF-0107,WATER,Field Officer,2022-01,19,9,47.4,1.4,1,7.1,1,0.36,0.747
OFF-0107,WATER,Field Officer,2022-02,20,14,70.0,1.9,1,6.7,2,0.434,0.747
OFF-0107,WATER,Field Officer,2022-03,21,12,57.1,1.9,1,5.4,2,0.436,0.747
OFF-0107,WATER,Field Officer,2022-04,16,9,56.2,0.9,1,8.6,3,0.272,0.747
OFF-0107,WATER,Field Officer,2022-05,17,9,52.9,2.0,0,3.2,1,0.417,0.747
OFF-0107,WATER,Field Officer,2022-06,22,15,68.2,1.2,1,7.8,0,0.352,0.747
OFF-0107,WATER,Field Officer,2022-07,26,13,50.0,1.7,1,4.4,2,0.435,0.747
OFF-0107,WATER,Field Officer,2022-08,24,15,62.5,1.4,2,10.1,3,0.404,0.747
OFF-0107,WATER,Field Officer,2022-09,27,18,66.7,1.1,1,7.0,1,0.371,0.747
OFF-0107,WATER,Field Officer,2022-10,16,9,56.2,0.7,1,9.8,0,0.235,0.747
OFF-0107,WATER,Field Officer,2022-11,17,11,64.7,2.4,0,3.6,0,0.424,0.747
OFF-0107,WATER,Field Officer,2022-12,21,12,57.1,1.6,2,9.9,0,0.416,0.747
OFF-0107,WATER,Field Officer,2023-01,15,10,66.7,1.3,0,6.4,0,0.307,0.747
OFF-0107,WATER,Field Officer,2023-02,17,9,52.9,1.5,1,6.3,1,0.36,0.747
OFF-0107,WATER,Field Officer,2023-03,21,10,47.6,1.5,1,5.2,1,0.388,0.747
OFF-0107,WATER,Field Officer,2023-04,17,10,58.8,1.4,1,9.7,0,0.355,0.747
OFF-0107,WATER,Field Officer,2023-05,16,10,62.5,1.5,0,3.1,4,0.347,0.747
OFF-0107,WATER,Field Officer,2023-06,34,20,58.8,2.2,3,8.9,1,0.553,0.747
OFF-0107,WATER,Field Officer,2023-07,29,14,48.3,0.9,1,4.2,3,0.34,0.747
OFF-0107,WATER,Field Officer,2023-08,34,18,52.9,1.0,3,9.7,3,0.4,0.747
OFF-0107,WATER,Field Officer,2023-09,27,17,63.0,1.9,1,6.1,0,0.479,0.747
OFF-0107,WATER,Field Officer,2023-10,16,10,62.5,1.0,1,7.5,1,0.283,0.747
OFF-0107,WATER,Field Officer,2023-11,16,9,56.2,0.5,1,8.6,1,0.208,0.747
OFF-0107,WATER,Field Officer,2023-12,16,8,50.0,2.2,0,3.7,1,0.418,0.747
OFF-0107,WATER,Field Officer,2024-01,18,12,66.7,1.8,0,4.6,0,0.402,0.747
OFF-0107,WATER,Field Officer,2024-02,18,12,66.7,0.9,1,6.8,0,0.275,0.747
OFF-0107,WATER,Field Officer,2024-03,18,12,66.7,1.5,1,9.7,1,0.377,0.747
OFF-0107,WATER,Field Officer,2024-04,18,9,50.0,2.2,1,8.5,2,0.445,0.747
OFF-0107,WATER,Field Officer,2024-05,20,12,60.0,1.7,1,8.5,2,0.412,0.747
OFF-0107,WATER,Field Officer,2024-06,29,15,51.7,1.5,2,9.6,1,0.447,0.747
OFF-0107,WATER,Field Officer,2024-07,27,17,63.0,1.2,0,2.7,3,0.364,0.747
OFF-0107,WATER,Field Officer,2024-08,20,10,50.0,1.3,0,2.8,1,0.342,0.747
OFF-0107,WATER,Field Officer,2024-09,30,15,50.0,1.8,0,3.3,1,0.48,0.747
OFF-0107,WATER,Field Officer,2024-10,16,9,56.2,1.4,1,8.1,1,0.336,0.747
OFF-0107,WATER,Field Officer,2024-11,19,10,52.6,1.9,1,9.3,3,0.433,0.747
OFF-0107,WATER,Field Officer,2024-12,20,12,60.0,1.0,2,10.0,0,0.313,0.747
OFF-0108,WATER,Coordinator,2022-01,14,11,78.6,1.1,0,3.1,1,0.274,0.899
OFF-0108,WATER,Coordinator,2022-02,15,10,66.7,1.1,0,3.9,2,0.277,0.899
OFF-0108,WATER,Coordinator,2022-03,16,9,56.2,1.6,0,2.2,1,0.359,0.899
OFF-0108,WATER,Coordinator,2022-04,18,13,72.2,0.7,0,3.3,2,0.237,0.899
OFF-0108,WATER,Coordinator,2022-05,18,10,55.6,1.1,0,3.8,1,0.302,0.899
OFF-0108,WATER,Coordinator,2022-06,18,12,66.7,1.7,0,2.3,1,0.377,0.899
OFF-0108,WATER,Coordinator,2022-07,17,10,58.8,0.9,0,2.7,0,0.251,0.899
OFF-0108,WATER,Coordinator,2022-08,24,17,70.8,0.8,0,3.9,1,0.288,0.899
OFF-0108,WATER,Coordinator,2022-09,23,15,65.2,1.8,0,3.1,0,0.426,0.899
OFF-0108,WATER,Coordinator,2022-10,16,11,68.8,0.7,0,3.7,0,0.221,0.899
OFF-0108,WATER,Coordinator,2022-11,17,14,82.4,1.8,0,3.8,1,0.387,0.899
OFF-0108,WATER,Coordinator,2022-12,18,13,72.2,0.8,0,2.5,2,0.242,0.899
OFF-0108,WATER,Coordinator,2023-01,15,12,80.0,0.5,0,3.9,0,0.187,0.899
OFF-0108,WATER,Coordinator,2023-02,17,10,58.8,0.5,0,3.0,2,0.197,0.899
OFF-0108,WATER,Coordinator,2023-03,17,12,70.6,1.2,0,1.9,1,0.293,0.899
OFF-0108,WATER,Coordinator,2023-04,17,11,64.7,0.7,0,2.9,0,0.232,0.899
OFF-0108,WATER,Coordinator,2023-05,13,10,76.9,1.1,0,2.8,1,0.263,0.899
OFF-0108,WATER,Coordinator,2023-06,25,17,68.0,1.7,0,3.2,0,0.432,0.899
OFF-0108,WATER,Coordinator,2023-07,22,14,63.6,0.5,0,3.6,2,0.233,0.899
OFF-0108,WATER,Coordinator,2023-08,26,22,84.6,1.9,0,3.0,3,0.461,0.899
OFF-0108,WATER,Coordinator,2023-09,33,24,72.7,0.9,0,2.3,0,0.36,0.899
OFF-0108,WATER,Coordinator,2023-10,19,15,78.9,0.6,0,2.0,0,0.225,0.899
OFF-0108,WATER,Coordinator,2023-11,15,9,60.0,0.7,0,2.9,0,0.21,0.899
OFF-0108,WATER,Coordinator,2023-12,15,11,73.3,2.0,0,2.8,1,0.406,0.899
OFF-0108,WATER,Coordinator,2024-01,17,11,64.7,0.5,0,3.6,0,0.199,0.899
OFF-0108,WATER,Coordinator,2024-02,13,10,76.9,0.9,0,3.3,0,0.238,0.899
OFF-0108,WATER,Coordinator,2024-03,18,13,72.2,1.1,0,1.4,0,0.293,0.899
OFF-0108,WATER,Coordinator,2024-04,15,10,66.7,1.0,0,1.5,2,0.258,0.899
OFF-0108,WATER,Coordinator,2024-05,14,8,57.1,0.5,0,2.4,1,0.176,0.899
OFF-0108,WATER,Coordinator,2024-06,22,17,77.3,1.7,0,3.7,0,0.41,0.899
OFF-0108,WATER,Coordinator,2024-07,25,15,60.0,0.9,0,2.5,0,0.312,0.899
OFF-0108,WATER,Coordinator,2024-08,25,17,68.0,1.1,0,2.8,4,0.335,0.899
OFF-0108,WATER,Coordinator,2024-09,18,14,77.8,0.5,0,2.6,1,0.203,0.899
OFF-0108,WATER,Coordinator,2024-10,16,12,75.0,0.5,0,3.3,2,0.197,0.899
OFF-0108,WATER,Coordinator,2024-11,17,10,58.8,1.7,0,1.1,3,0.378,0.899
OFF-0108,WATER,Coordinator,2024-12,14,9,64.3,1.3,0,2.7,1,0.292,0.899
OFF-0109,WATER,Executive Engineer,2022-01,21,20,95.2,1.0,0,0.0,1,0.291,1.095
OFF-0109,WATER,Executive Engineer,2022-02,21,19,90.5,1.1,0,0.0,2,0.307,1.095
OFF-0109,WATER,Executive Engineer,2022-03,16,11,68.8,1.4,0,0.0,0,0.314,1.095
OFF-0109,WATER,Executive Engineer,2022-04,15,14,93.3,0.5,0,0.0,1,0.175,1.095
OFF-0109,WATER,Executive Engineer,2022-05,20,14,70.0,1.6,0,0.0,3,0.369,1.095
OFF-0109,WATER,Executive Engineer,2022-06,30,29,96.7,0.6,0,0.0,1,0.294,1.095
OFF-0109,WATER,Executive Engineer,2022-07,33,27,81.8,0.5,0,0.0,2,0.295,1.095
OFF-0109,WATER,Executive Engineer,2022-08,21,16,76.2,0.6,0,0.0,4,0.226,1.095
OFF-0109,WATER,Executive Engineer,2022-09,29,23,79.3,0.5,0,0.0,1,0.268,1.095
OFF-0109,WATER,Executive Engineer,2022-10,15,13,86.7,0.5,0,0.0,3,0.175,1.095
OFF-0109,WATER,Executive Engineer,2022-11,19,13,68.4,0.8,0,0.0,0,0.253,1.095
OFF-0109,WATER,Executive Engineer,2022-12,22,21,95.5,0.5,0,0.0,0,0.224,1.095
OFF-0109,WATER,Executive Engineer,2023-01,21,20,95.2,1.8,0,0.0,0,0.409,1.095
OFF-0109,WATER,Executive Engineer,2023-02,15,14,93.3,0.7,0,0.0,3,0.201,1.095
OFF-0109,WATER,Executive Engineer,2023-03,15,13,86.7,0.5,0,0.0,1,0.175,1.095
OFF-0109,WATER,Executive Engineer,2023-04,16,15,93.8,0.6,0,0.0,3,0.193,1.095
OFF-0109,WATER,Executive Engineer,2023-05,20,16,80.0,1.4,0,0.0,0,0.342,1.095
OFF-0109,WATER,Executive Engineer,2023-06,27,25,92.6,0.6,0,0.0,1,0.276,1.095
OFF-0109,WATER,Executive Engineer,2023-07,30,24,80.0,0.5,0,0.0,2,0.275,1.095
OFF-0109,WATER,Executive Engineer,2023-08,22,19,86.4,1.1,0,0.0,2,0.314,1.095
OFF-0109,WATER,Executive Engineer,2023-09,39,38,97.4,1.4,0,0.0,2,0.469,1.095
OFF-0109,WATER,Executive Engineer,2023-10,16,12,75.0,0.5,0,0.0,2,0.182,1.095
OFF-0109,WATER,Executive Engineer,2023-11,19,16,84.2,1.1,0,0.0,0,0.289,1.095
OFF-0109,WATER,Executive Engineer,2023-12,19,17,89.5,0.5,0,0.0,3,0.202,1.095
OFF-0109,WATER,Executive Engineer,2024-01,22,20,90.9,0.9,0,0.0,3,0.282,1.095
OFF-0109,WATER,Executive Engineer,2024-02,20,19,95.0,0.9,0,0.0,0,0.268,1.095
OFF-0109,WATER,Executive Engineer,2024-03,18,15,83.3,1.4,0,0.0,3,0.333,1.095
OFF-0109,WATER,Executive Engineer,2024-04,19,18,94.7,0.6,0,0.0,3,0.222,1.095
OFF-0109,WATER,Executive Engineer,2024-05,17,16,94.1,1.5,0,0.0,1,0.34,1.095
OFF-0109,WATER,Executive Engineer,2024-06,29,28,96.6,1.8,0,0.0,0,0.47,1.095
OFF-0109,WATER,Executive Engineer,2024-07,37,29,78.4,0.8,0,0.0,0,0.363,1.095
OFF-0109,WATER,Executive Engineer,2024-08,33,30,90.9,0.5,0,0.0,3,0.295,1.095
OFF-0109,WATER,Executive Engineer,2024-09,21,17,81.0,2.0,0,0.0,1,0.434,1.095
OFF-0109,WATER,Executive Engineer,2024-10,16,13,81.2,1.4,0,0.0,3,0.316,1.095
OFF-0109,WATER,Executive Engineer,2024-11,20,17,85.0,1.4,0,0.0,2,0.34,1.095
OFF-0109,WATER,Executive Engineer,2024-12,17,13,76.5,0.7,0,0.0,1,0.225,1.095
OFF-0110,WATER,Executive Engineer,2022-01,30,24,80.0,0.5,0,0.4,3,0.276,0.987
OFF-0110,WATER,Executive Engineer,2022-02,33,29,87.9,0.5,0,0.1,1,0.302,0.987
OFF-0110,WATER,Executive Engineer,2022-03,29,25,86.2,0.7,0,0.1,2,0.297,0.987
OFF-0110,WATER,Executive Engineer,2022-04,30,21,70.0,0.9,0,0.4,1,0.343,0.987
OFF-0110,WATER,Executive Engineer,2022-05,39,35,89.7,1.8,0,0.2,3,0.525,0.987
OFF-0110,WATER,Executive Engineer,2022-06,47,43,91.5,0.5,0,0.2,1,0.389,0.987
OFF-0110,WATER,Executive Engineer,2022-07,50,41,82.0,1.1,0,0.4,0,0.494,0.987
OFF-0110,WATER,Executive Engineer,2022-08,55,38,69.1,1.0,0,0.4,1,0.514,0.987
OFF-0110,WATER,Executive Engineer,2022-09,62,56,90.3,1.4,0,0.4,3,0.611,0.987
OFF-0110,WATER,Executive Engineer,2022-10,28,22,78.6,1.0,0,0.3,0,0.333,0.987
OFF-0110,WATER,Executive Engineer,2022-11,40,35,87.5,0.5,0,0.2,0,0.342,0.987
OFF-0110,WATER,Executive Engineer,2022-12,34,26,76.5,0.9,0,0.2,0,0.366,0.987
OFF-0110,WATER,Executive Engineer,2023-01,41,28,68.3,1.1,0,0.5,3,0.444,0.987
OFF-0110,WATER,Executive Engineer,2023-02,37,33,89.2,1.1,0,0.3,1,0.417,0.987
OFF-0110,WATER,Executive Engineer,2023-03,30,21,70.0,0.8,0,0.4,0,0.322,0.987
OFF-0110,WATER,Executive Engineer,2023-04,32,21,65.6,1.0,0,0.1,0,0.364,0.987
OFF-0110,WATER,Executive Engineer,2023-05,39,32,82.1,1.1,0,0.5,3,0.432,0.987
OFF-0110,WATER,Executive Engineer,2023-06,48,33,68.8,0.5,0,0.4,0,0.396,0.987
OFF-0110,WATER,Executive Engineer,2023-07,37,26,70.3,0.5,0,0.3,2,0.323,0.987
OFF-0110,WATER,Executive Engineer,2023-08,56,47,83.9,1.1,0,0.5,1,0.538,0.987
OFF-0110,WATER,Executive Engineer,2023-09,62,52,83.9,1.4,0,0.3,0,0.609,0.987
OFF-0110,WATER,Executive Engineer,2023-10,40,32,80.0,1.1,0,0.3,1,0.428,0.987
OFF-0110,WATER,Executive Engineer,2023-11,28,24,85.7,1.9,0,0.3,1,0.467,0.987
OFF-0110,WATER,Executive Engineer,2023-12,32,25,78.1,0.5,0,0.3,0,0.295,0.987
OFF-0110,WATER,Executive Engineer,2024-01,33,25,75.8,1.1,0,0.5,1,0.39,0.987
OFF-0110,WATER,Executive Engineer,2024-02,31,20,64.5,1.2,0,0.5,0,0.392,0.987
OFF-0110,WATER,Executive Engineer,2024-03,38,33,86.8,0.9,0,0.4,2,0.385,0.987
OFF-0110,WATER,Executive Engineer,2024-04,38,28,73.7,2.0,0,0.4,3,0.548,0.987
OFF-0110,WATER,Executive Engineer,2024-05,38,27,71.1,1.1,0,0.2,1,0.424,0.987
OFF-0110,WATER,Executive Engineer,2024-06,45,31,68.9,0.9,0,0.4,0,0.442,0.987
OFF-0110,WATER,Executive Engineer,2024-07,58,49,84.5,1.1,0,0.2,1,0.547,0.987
OFF-0110,WATER,Executive Engineer,2024-08,45,33,73.3,0.6,0,0.2,0,0.397,0.987
OFF-0110,WATER,Executive Engineer,2024-09,68,50,73.5,0.6,0,0.3,1,0.496,0.987
OFF-0110,WATER,Executive Engineer,2024-10,29,24,82.8,0.9,0,0.4,0,0.327,0.987
OFF-0110,WATER,Executive Engineer,2024-11,41,31,75.6,1.3,0,0.5,1,0.471,0.987
OFF-0110,WATER,Executive Engineer,2024-12,37,27,73.0,1.3,0,0.5,0,0.446,0.987
OFF-0111,WATER,Field Officer,2022-01,33,29,87.9,1.3,0,0.0,0,0.418,1.214
OFF-0111,WATER,Field Officer,2022-02,28,27,96.4,0.5,0,0.0,4,0.262,1.214
OFF-0111,WATER,Field Officer,2022-03,28,24,85.7,0.5,0,0.0,0,0.262,1.214
OFF-0111,WATER,Field Officer,2022-04,34,33,97.1,1.2,0,0.0,1,0.399,1.214
OFF-0111,WATER,Field Officer,2022-05,23,20,87.0,0.8,0,0.0,2,0.266,1.214
OFF-0111,WATER,Field Officer,2022-06,42,41,97.6,0.9,0,0.0,2,0.409,1.214
OFF-0111,WATER,Field Officer,2022-07,53,51,96.2,1.3,0,0.0,0,0.544,1.214
OFF-0111,WATER,Field Officer,2022-08,49,46,93.9,0.5,0,0.0,2,0.402,1.214
OFF-0111,WATER,Field Officer,2022-09,53,51,96.2,0.5,0,0.0,1,0.428,1.214
OFF-0111,WATER,Field Officer,2022-10,31,30,96.8,1.2,0,0.0,2,0.387,1.214
OFF-0111,WATER,Field Officer,2022-11,24,20,83.3,1.2,0,0.0,1,0.344,1.214
OFF-0111,WATER,Field Officer,2022-12,33,32,97.0,0.9,0,0.0,1,0.351,1.214
OFF-0111,WATER,Field Officer,2023-01,28,23,82.1,0.8,0,0.0,2,0.307,1.214
OFF-0111,WATER,Field Officer,2023-02,33,28,84.8,0.5,0,0.0,2,0.295,1.214
OFF-0111,WATER,Field Officer,2023-03,27,26,96.3,0.6,0,0.0,3,0.271,1.214
OFF-0111,WATER,Field Officer,2023-04,23,22,95.7,0.8,0,0.0,0,0.277,1.214
OFF-0111,WATER,Field Officer,2023-05,24,23,95.8,0.5,0,0.0,3,0.235,1.214
OFF-0111,WATER,Field Officer,2023-06,47,46,97.9,1.4,0,0.0,3,0.522,1.214
OFF-0111,WATER,Field Officer,2023-07,40,38,95.0,0.9,0,0.0,0,0.402,1.214
OFF-0111,WATER,Field Officer,2023-08,44,43,97.7,0.6,0,0.0,1,0.389,1.214
OFF-0111,WATER,Field Officer,2023-09,46,45,97.8,0.5,0,0.0,0,0.382,1.214
OFF-0111,WATER,Field Officer,2023-10,28,27,96.4,0.8,0,0.0,1,0.309,1.214
OFF-0111,WATER,Field Officer,2023-11,29,28,96.6,0.9,0,0.0,0,0.33,1.214
OFF-0111,WATER,Field Officer,2023-12,28,27,96.4,1.1,0,0.0,3,0.352,1.214
OFF-0111,WATER,Field Officer,2024-01,34,27,79.4,1.1,0,0.0,0,0.384,1.214
OFF-0111,WATER,Field Officer,2024-02,31,30,96.8,0.9,0,0.0,1,0.342,1.214
OFF-0111,WATER,Field Officer,2024-03,34,31,91.2,0.5,0,0.0,1,0.302,1.214
OFF-0111,WATER,Field Officer,2024-04,33,32,97.0,1.1,0,0.0,1,0.392,1.214
OFF-0111,WATER,Field Officer,2024-05,27,24,88.9,1.5,0,0.0,0,0.399,1.214
OFF-0111,WATER,Field Officer,2024-06,47,45,95.7,0.5,0,0.0,1,0.388,1.214
OFF-0111,WATER,Field Officer,2024-07,40,39,97.5,0.5,0,0.0,2,0.342,1.214
OFF-0111,WATER,Field Officer,2024-08,38,34,89.5,0.8,0,0.0,3,0.372,1.214
OFF-0111,WATER,Field Officer,2024-09,38,37,97.4,1.0,0,0.0,0,0.398,1.214
OFF-0111,WATER,Field Officer,2024-10,30,24,80.0,1.1,0,0.0,0,0.368,1.214
OFF-0111,WATER,Field Officer,2024-11,31,29,93.5,0.5,0,0.0,1,0.282,1.214
OFF-0111,WATER,Field Officer,2024-12,31,30,96.8,1.1,0,0.0,2,0.365,1.214
OFF-0112,WATER,Field Officer,2022-01,51,49,96.1,1.4,0,0.0,0,0.548,1.074
OFF-0112,WATER,Field Officer,2022-02,38,34,89.5,1.3,0,0.0,0,0.447,1.074
OFF-0112,WATER,Field Officer,2022-03,49,46,93.9,1.1,0,0.0,0,0.486,1.074
OFF-0112,WATER,Field Officer,2022-04,46,41,89.1,1.2,0,0.0,0,0.481,1.074
OFF-0112,WATER,Field Officer,2022-05,39,31,79.5,2.6,0,0.0,2,0.56,1.074
OFF-0112,WATER,Field Officer,2022-06,70,60,85.7,0.5,0,0.0,2,0.475,1.074
OFF-0112,WATER,Field Officer,2022-07,57,52,91.2,1.0,0,0.0,0,0.526,1.074
OFF-0112,WATER,Field Officer,2022-08,53,50,94.3,2.0,0,0.0,0,0.653,1.074
OFF-0112,WATER,Field Officer,2022-09,85,60,70.6,0.9,0,0.0,1,0.533,1.074
OFF-0112,WATER,Field Officer,2022-10,36,29,80.6,1.4,0,0.0,1,0.454,1.074
OFF-0112,WATER,Field Officer,2022-11,40,30,75.0,0.5,0,0.0,0,0.342,1.074
OFF-0112,WATER,Field Officer,2022-12,39,27,69.2,0.5,0,0.0,3,0.335,1.074
OFF-0112,WATER,Field Officer,2023-01,41,40,97.6,1.1,0,0.0,1,0.433,1.074
OFF-0112,WATER,Field Officer,2023-02,50,38,76.0,0.5,0,0.0,3,0.408,1.074
OFF-0112,WATER,Field Officer,2023-03,45,32,71.1,2.0,0,0.0,0,0.6,1.074
OFF-0112,WATER,Field Officer,2023-04,38,26,68.4,2.4,0,0.0,1,0.553,1.074
OFF-0112,WATER,Field Officer,2023-05,39,38,97.4,1.6,0,0.0,0,0.497,1.074
OFF-0112,WATER,Field Officer,2023-06,69,48,69.6,1.3,0,0.0,3,0.599,1.074
OFF-0112,WATER,Field Officer,2023-07,55,51,92.7,0.5,0,0.0,2,0.442,1.074
OFF-0112,WATER,Field Officer,2023-08,72,51,70.8,0.9,0,0.0,4,0.537,1.074
OFF-0112,WATER,Field Officer,2023-09,64,62,96.9,2.6,0,0.0,2,0.7,1.074
OFF-0112,WATER,Field Officer,2023-10,36,32,88.9,1.0,0,0.0,1,0.384,1.074
OFF-0112,WATER,Field Officer,2023-11,37,35,94.6,0.8,0,0.0,2,0.367,1.074
OFF-0112,WATER,Field Officer,2023-12,50,44,88.0,0.6,0,0.0,4,0.418,1.074
OFF-0112,WATER,Field Officer,2024-01,49,43,87.8,0.5,0,0.0,3,0.402,1.074
OFF-0112,WATER,Field Officer,2024-02,34,24,70.6,1.2,0,0.0,1,0.404,1.074
OFF-0112,WATER,Field Officer,2024-03,39,31,79.5,0.5,0,0.0,2,0.335,1.074
OFF-0112,WATER,Field Officer,2024-04,34,30,88.2,0.6,0,0.0,2,0.318,1.074
OFF-0112,WATER,Field Officer,2024-05,44,43,97.7,0.9,0,0.0,1,0.435,1.074
OFF-0112,WATER,Field Officer,2024-06,82,63,76.8,0.8,0,0.0,0,0.523,1.074
OFF-0112,WATER,Field Officer,2024-07,63,61,96.8,1.8,0,0.0,2,0.675,1.074
OFF-0112,WATER,Field Officer,2024-08,56,54,96.4,1.5,0,0.0,0,0.594,1.074
OFF-0112,WATER,Field Officer,2024-09,61,52,85.2,0.5,0,0.0,0,0.475,1.074
OFF-0112,WATER,Field Officer,2024-10,41,29,70.7,0.5,0,0.0,2,0.348,1.074
OFF-0112,WATER,Field Officer,2024-11,46,44,95.7,1.1,0,0.0,4,0.478,1.074
OFF-0112,WATER,Field Officer,2024-12,39,38,97.4,1.1,0,0.0,4,0.418,1.074
OFF-0113,WATER,Coordinator,2022-01,24,23,95.8,0.5,0,0.0,1,0.235,1.321
OFF-0113,WATER,Coordinator,2022-02,22,21,95.5,0.9,0,0.0,2,0.281,1.321
OFF-0113,WATER,Coordinator,2022-03,25,24,96.0,1.5,0,0.0,3,0.394,1.321
OFF-0113,WATER,Coordinator,2022-04,21,20,95.2,0.8,0,0.0,0,0.255,1.321
OFF-0113,WATER,Coordinator,2022-05,23,22,95.7,0.7,0,0.0,3,0.253,1.321
OFF-0113,WATER,Coordinator,2022-06,33,32,97.0,1.3,0,0.0,1,0.408,1.321
OFF-0113,WATER,Coordinator,2022-07,37,33,89.2,0.9,0,0.0,0,0.375,1.321
OFF-0113,WATER,Coordinator,2022-08,27,26,96.3,0.7,0,0.0,2,0.279,1.321
OFF-0113,WATER,Coordinator,2022-09,42,41,97.6,1.1,0,0.0,1,0.447,1.321
OFF-0113,WATER,Coordinator,2022-10,22,21,95.5,0.5,0,0.0,4,0.222,1.321
OFF-0113,WATER,Coordinator,2022-11,25,22,88.0,0.7,0,0.0,1,0.275,1.321
OFF-0113,WATER,Coordinator,2022-12,17,16,94.1,0.6,0,0.0,0,0.203,1.321
OFF-0113,WATER,Coordinator,2023-01,24,22,91.7,1.0,0,0.0,0,0.317,1.321
OFF-0113,WATER,Coordinator,2023-02,24,23,95.8,1.4,0,0.0,0,0.363,1.321
OFF-0113,WATER,Coordinator,2023-03,22,19,86.4,0.5,0,0.0,2,0.222,1.321
OFF-0113,WATER,Coordinator,2023-04,18,17,94.4,1.1,0,0.0,0,0.28,1.321
OFF-0113,WATER,Coordinator,2023-05,23,22,95.7,0.5,0,0.0,0,0.228,1.321
OFF-0113,WATER,Coordinator,2023-06,39,35,89.7,1.6,0,0.0,0,0.497,1.321
OFF-0113,WATER,Coordinator,2023-07,37,34,91.9,1.1,0,0.0,2,0.414,1.321
OFF-0113,WATER,Coordinator,2023-08,24,23,95.8,0.5,0,0.0,1,0.235,1.321
OFF-0113,WATER,Coordinator,2023-09,33,32,97.0,0.5,0,0.0,1,0.295,1.321
OFF-0113,WATER,Coordinator,2023-10,17,16,94.1,0.8,0,0.0,2,0.24,1.321
OFF-0113,WATER,Coordinator,2023-11,21,20,95.2,0.8,0,0.0,1,0.263,1.321
OFF-0113,WATER,Coordinator,2023-12,23,22,95.7,0.9,0,0.0,0,0.29,1.321
OFF-0113,WATER,Coordinator,2024-01,16,14,87.5,1.0,0,0.0,0,0.26,1.321
OFF-0113,WATER,Coordinator,2024-02,19,18,94.7,0.7,0,0.0,1,0.231,1.321
OFF-0113,WATER,Coordinator,2024-03,21,19,90.5,0.5,0,0.0,1,0.215,1.321
OFF-0113,WATER,Coordinator,2024-04,19,18,94.7,0.8,0,0.0,3,0.254,1.321
OFF-0113,WATER,Coordinator,2024-05,23,22,95.7,0.7,0,0.0,1,0.263,1.321
OFF-0113,WATER,Coordinator,2024-06,31,30,96.8,1.3,0,0.0,1,0.394,1.321
OFF-0113,WATER,Coordinator,2024-07,34,33,97.1,0.7,0,0.0,0,0.329,1.321
OFF-0113,WATER,Coordinator,2024-08,34,33,97.1,0.8,0,0.0,1,0.341,1.321
OFF-0113,WATER,Coordinator,2024-09,40,39,97.5,0.5,0,0.0,1,0.342,1.321
OFF-0113,WATER,Coordinator,2024-10,20,19,95.0,0.5,0,0.0,2,0.208,1.321
OFF-0113,WATER,Coordinator,2024-11,18,17,94.4,0.8,0,0.0,2,0.234,1.321
OFF-0113,WATER,Coordinator,2024-12,22,21,95.5,1.3,0,0.0,3,0.347,1.321
OFF-0114,WATER,Coordinator,2022-01,40,36,90.0,1.1,0,0.0,1,0.429,1.149
OFF-0114,WATER,Coordinator,2022-02,39,33,84.6,1.9,0,0.0,2,0.538,1.149
OFF-0114,WATER,Coordinator,2022-03,37,35,94.6,0.7,0,0.0,0,0.346,1.149
OFF-0114,WATER,Coordinator,2022-04,43,34,79.1,1.0,0,0.0,0,0.431,1.149
OFF-0114,WATER,Coordinator,2022-05,45,42,93.3,0.5,0,0.0,0,0.375,1.149
OFF-0114,WATER,Coordinator,2022-06,64,51,79.7,0.6,0,0.0,0,0.495,1.149
OFF-0114,WATER,Coordinator,2022-07,66,52,78.8,2.2,0,0.0,0,0.7,1.149
OFF-0114,WATER,Coordinator,2022-08,63,61,96.8,1.0,0,0.0,0,0.551,1.149
OFF-0114,WATER,Coordinator,2022-09,53,51,96.2,0.5,0,0.0,1,0.428,1.149
OFF-0114,WATER,Coordinator,2022-10,32,31,96.9,0.9,0,0.0,0,0.35,1.149
OFF-0114,WATER,Coordinator,2022-11,44,43,97.7,0.5,0,0.0,2,0.368,1.149
OFF-0114,WATER,Coordinator,2022-12,46,40,87.0,1.7,0,0.0,2,0.563,1.149
OFF-0114,WATER,Coordinator,2023-01,46,40,87.0,1.1,0,0.0,0,0.478,1.149
OFF-0114,WATER,Coordinator,2023-02,40,36,90.0,1.0,0,0.0,1,0.412,1.149
OFF-0114,WATER,Coordinator,2023-03,34,33,97.1,0.7,0,0.0,3,0.328,1.149
OFF-0114,WATER,Coordinator,2023-04,37,34,91.9,0.5,0,0.0,0,0.322,1.149
OFF-0114,WATER,Coordinator,2023-05,37,27,73.0,2.3,0,0.0,0,0.547,1.149
OFF-0114,WATER,Coordinator,2023-06,69,67,97.1,1.4,0,0.0,0,0.611,1.149
OFF-0114,WATER,Coordinator,2023-07,59,57,96.6,2.2,0,0.0,1,0.693,1.149
OFF-0114,WATER,Coordinator,2023-08,77,71,92.2,0.8,0,0.0,1,0.515,1.149
OFF-0114,WATER,Coordinator,2023-09,53,51,96.2,1.0,0,0.0,1,0.502,1.149
OFF-0114,WATER,Coordinator,2023-10,46,40,87.0,1.4,0,0.0,1,0.51,1.149
OFF-0114,WATER,Coordinator,2023-11,43,42,97.7,0.5,0,0.0,1,0.363,1.149
OFF-0114,WATER,Coordinator,2023-12,46,35,76.1,0.5,0,0.0,0,0.382,1.149
OFF-0114,WATER,Coordinator,2024-01,37,33,89.2,0.9,0,0.0,1,0.385,1.149
OFF-0114,WATER,Coordinator,2024-02,43,40,93.0,0.7,0,0.0,3,0.384,1.149
OFF-0114,WATER,Coordinator,2024-03,47,46,97.9,0.5,0,0.0,0,0.388,1.149
OFF-0114,WATER,Coordinator,2024-04,44,40,90.9,0.5,0,0.0,1,0.368,1.149
OFF-0114,WATER,Coordinator,2024-05,45,44,97.8,0.6,0,0.0,3,0.393,1.149
OFF-0114,WATER,Coordinator,2024-06,55,43,78.2,0.8,0,0.0,0,0.484,1.149
OFF-0114,WATER,Coordinator,2024-07,44,39,88.6,0.5,0,0.0,0,0.368,1.149
OFF-0114,WATER,Coordinator,2024-08,73,71,97.3,1.2,0,0.0,1,0.579,1.149
OFF-0114,WATER,Coordinator,2024-09,79,77,97.5,0.7,0,0.0,0,0.505,1.149
OFF-0114,WATER,Coordinator,2024-10,47,40,85.1,0.5,0,0.0,0,0.388,1.149
OFF-0114,WATER,Coordinator,2024-11,34,25,73.5,0.8,0,0.0,0,0.352,1.149
OFF-0114,WATER,Coordinator,2024-12,32,28,87.5,0.9,0,0.0,1,0.347,1.149
OFF-0115,WATER,Executive Engineer,2022-01,31,18,58.1,0.6,1,4.2,1,0.314,0.882
OFF-0115,WATER,Executive Engineer,2022-02,29,21,72.4,1.2,1,3.9,2,0.392,0.882
OFF-0115,WATER,Executive Engineer,2022-03,30,21,70.0,1.6,1,3.4,1,0.444,0.882
OFF-0115,WATER,Executive Engineer,2022-04,29,21,72.4,1.7,0,2.0,2,0.453,0.882
OFF-0115,WATER,Executive Engineer,2022-05,31,25,80.6,1.7,0,1.8,0,0.464,0.882
OFF-0115,WATER,Executive Engineer,2022-06,46,36,78.3,0.5,1,3.3,0,0.394,0.882
OFF-0115,WATER,Executive Engineer,2022-07,61,50,82.0,0.7,0,1.5,2,0.508,0.882
OFF-0115,WATER,Executive Engineer,2022-08,39,31,79.5,0.5,1,2.8,1,0.343,0.882
OFF-0115,WATER,Executive Engineer,2022-09,38,29,76.3,1.1,1,4.2,0,0.433,0.882
OFF-0115,WATER,Executive Engineer,2022-10,30,24,80.0,0.7,0,2.8,2,0.318,0.882
OFF-0115,WATER,Executive Engineer,2022-11,29,20,69.0,0.8,0,3.2,2,0.327,0.882
OFF-0115,WATER,Executive Engineer,2022-12,24,18,75.0,1.4,0,4.1,2,0.387,0.882
OFF-0115,WATER,Executive Engineer,2023-01,35,29,82.9,0.5,0,2.0,2,0.314,0.882
OFF-0115,WATER,Executive Engineer,2023-02,31,24,77.4,0.7,0,3.0,3,0.313,0.882
OFF-0115,WATER,Executive Engineer,2023-03,34,26,76.5,2.2,1,3.7,1,0.538,0.882
OFF-0115,WATER,Executive Engineer,2023-04,34,22,64.7,0.7,1,3.3,0,0.335,0.882
OFF-0115,WATER,Executive Engineer,2023-05,26,20,76.9,0.9,0,2.3,1,0.313,0.882
OFF-0115,WATER,Executive Engineer,2023-06,45,34,75.6,1.7,1,2.5,0,0.564,0.882
OFF-0115,WATER,Executive Engineer,2023-07,43,35,81.4,2.1,1,4.1,1,0.599,0.882
OFF-0115,WATER,Executive Engineer,2023-08,36,22,61.1,1.0,1,4.4,0,0.408,0.882
OFF-0115,WATER,Executive Engineer,2023-09,48,32,66.7,0.8,1,3.0,1,0.456,0.882
OFF-0115,WATER,Executive Engineer,2023-10,34,23,67.6,2.0,0,2.8,0,0.531,0.882
OFF-0115,WATER,Executive Engineer,2023-11,34,20,58.8,0.7,0,1.5,2,0.343,0.882
OFF-0115,WATER,Executive Engineer,2023-12,35,22,62.9,0.5,1,3.1,1,0.318,0.882
OFF-0115,WATER,Executive Engineer,2024-01,29,23,79.3,0.9,0,1.9,1,0.336,0.882
OFF-0115,WATER,Executive Engineer,2024-02,25,18,72.0,1.3,0,1.4,2,0.368,0.882
OFF-0115,WATER,Executive Engineer,2024-03,24,15,62.5,2.0,0,3.2,0,0.463,0.882
OFF-0115,WATER,Executive Engineer,2024-04,27,18,66.7,0.5,1,4.2,2,0.274,0.882
OFF-0115,WATER,Executive Engineer,2024-05,34,26,76.5,2.2,0,2.5,2,0.534,0.882
OFF-0115,WATER,Executive Engineer,2024-06,60,42,70.0,0.5,2,4.1,4,0.487,0.882
OFF-0115,WATER,Executive Engineer,2024-07,48,38,79.2,1.0,1,2.9,1,0.472,0.882
OFF-0115,WATER,Executive Engineer,2024-08,44,33,75.0,1.2,0,2.1,0,0.48,0.882
OFF-0115,WATER,Executive Engineer,2024-09,47,30,63.8,0.9,1,3.2,1,0.458,0.882
OFF-0115,WATER,Executive Engineer,2024-10,33,26,78.8,1.0,1,3.2,0,0.379,0.882
OFF-0115,WATER,Executive Engineer,2024-11,31,18,58.1,1.1,0,2.1,1,0.374,0.882
OFF-0115,WATER,Executive Engineer,2024-12,35,26,74.3,1.5,1,3.7,1,0.472,0.882
OFF-0116,WATER,Field Officer,2022-01,17,7,41.2,2.3,1,7.1,1,0.435,0.6
OFF-0116,WATER,Field Officer,2022-02,23,9,39.1,1.6,1,5.4,1,0.412,0.6
OFF-0116,WATER,Field Officer,2022-03,21,9,42.9,1.6,3,14.3,3,0.43,0.6
OFF-0116,WATER,Field Officer,2022-04,25,14,56.0,2.2,3,13.0,2,0.506,0.6
OFF-0116,WATER,Field Officer,2022-05,16,7,43.8,0.9,1,7.1,1,0.264,0.6
OFF-0116,WATER,Field Officer,2022-06,30,14,46.7,2.5,3,11.6,2,0.535,0.6
OFF-0116,WATER,Field Officer,2022-07,33,16,48.5,1.5,3,9.9,2,0.474,0.6
OFF-0116,WATER,Field Officer,2022-08,42,18,42.9,1.5,5,13.0,2,0.545,0.6
OFF-0116,WATER,Field Officer,2022-09,30,12,40.0,1.7,2,8.6,0,0.476,0.6
OFF-0116,WATER,Field Officer,2022-10,17,9,52.9,1.2,2,14.6,0,0.336,0.6
OFF-0116,WATER,Field Officer,2022-11,19,9,47.4,1.4,1,6.4,0,0.359,0.6
OFF-0116,WATER,Field Officer,2022-12,16,8,50.0,1.8,0,4.3,1,0.39,0.6
OFF-0116,WATER,Field Officer,2023-01,21,11,52.4,1.8,2,12.8,1,0.447,0.6
OFF-0116,WATER,Field Officer,2023-02,22,11,50.0,0.7,3,14.3,2,0.288,0.6
OFF-0116,WATER,Field Officer,2023-03,23,9,39.1,2.8,2,10.4,0,0.485,0.6
OFF-0116,WATER,Field Officer,2023-04,20,9,45.0,2.1,3,15.3,0,0.479,0.6
OFF-0116,WATER,Field Officer,2023-05,18,8,44.4,1.6,1,10.9,3,0.386,0.6
OFF-0116,WATER,Field Officer,2023-06,31,17,54.8,2.0,2,8.1,1,0.528,0.6
OFF-0116,WATER,Field Officer,2023-07,28,13,46.4,2.1,2,10.0,0,0.517,0.6
OFF-0116,WATER,Field Officer,2023-08,39,19,48.7,3.2,5,14.1,0,0.602,0.6
OFF-0116,WATER,Field Officer,2023-09,32,13,40.6,1.8,4,14.0,0,0.522,0.6
OFF-0116,WATER,Field Officer,2023-10,17,6,35.3,1.3,0,5.0,1,0.328,0.6
OFF-0116,WATER,Field Officer,2023-11,20,8,40.0,1.1,2,13.8,1,0.343,0.6
OFF-0116,WATER,Field Officer,2023-12,17,9,52.9,1.4,1,6.3,1,0.335,0.6
OFF-0116,WATER,Field Officer,2024-01,22,10,45.5,1.0,1,8.9,2,0.318,0.6
OFF-0116,WATER,Field Officer,2024-02,23,10,43.5,1.0,3,13.2,0,0.344,0.6
OFF-0116,WATER,Field Officer,2024-03,18,10,55.6,1.8,1,6.9,1,0.415,0.6
OFF-0116,WATER,Field Officer,2024-04,17,7,41.2,0.8,2,14.6,4,0.276,0.6
OFF-0116,WATER,Field Officer,2024-05,20,9,45.0,1.0,1,5.2,3,0.303,0.6
OFF-0116,WATER,Field Officer,2024-06,31,16,51.6,1.7,3,11.8,1,0.492,0.6
OFF-0116,WATER,Field Officer,2024-07,41,22,53.7,2.3,5,14.6,2,0.617,0.6
OFF-0116,WATER,Field Officer,2024-08,27,11,40.7,2.1,2,10.2,1,0.511,0.6
OFF-0116,WATER,Field Officer,2024-09,40,21,52.5,1.9,3,9.4,1,0.586,0.6
OFF-0116,WATER,Field Officer,2024-10,21,11,52.4,1.4,1,6.5,0,0.365,0.6
OFF-0116,WATER,Field Officer,2024-11,24,10,41.7,1.0,2,8.4,0,0.337,0.6
OFF-0116,WATER,Field Officer,2024-12,16,6,37.5,2.6,1,12.1,2,0.443,0.6
OFF-0117,WATER,Coordinator,2022-01,17,13,76.5,2.2,0,4.4,2,0.427,0.872
OFF-0117,WATER,Coordinator,2022-02,18,13,72.2,0.5,0,3.4,2,0.205,0.872
OFF-0117,WATER,Coordinator,2022-03,15,10,66.7,1.0,0,4.3,0,0.265,0.872
OFF-0117,WATER,Coordinator,2022-04,16,9,56.2,0.9,0,4.7,2,0.255,0.872
OFF-0117,WATER,Coordinator,2022-05,14,8,57.1,1.2,0,1.9,1,0.274,0.872
OFF-0117,WATER,Coordinator,2022-06,24,19,79.2,0.8,0,1.3,1,0.282,0.872
OFF-0117,WATER,Coordinator,2022-07,29,18,62.1,0.6,0,2.1,0,0.284,0.872
OFF-0117,WATER,Coordinator,2022-08,30,19,63.3,0.8,0,3.3,4,0.336,0.872
OFF-0117,WATER,Coordinator,2022-09,32,22,68.8,1.6,1,3.2,0,0.463,0.872
OFF-0117,WATER,Coordinator,2022-10,16,9,56.2,1.3,0,1.9,0,0.303,0.872
OFF-0117,WATER,Coordinator,2022-11,16,9,56.2,1.4,0,4.0,1,0.328,0.872
OFF-0117,WATER,Coordinator,2022-12,17,10,58.8,0.5,0,2.2,2,0.195,0.872
OFF-0117,WATER,Coordinator,2023-01,18,10,55.6,1.1,0,3.3,0,0.299,0.872
OFF-0117,WATER,Coordinator,2023-02,14,11,78.6,0.8,0,3.7,2,0.225,0.872
OFF-0117,WATER,Coordinator,2023-03,19,14,73.7,0.5,0,3.3,0,0.212,0.872
OFF-0117,WATER,Coordinator,2023-04,16,9,56.2,1.0,0,2.1,0,0.265,0.872
OFF-0117,WATER,Coordinator,2023-05,15,8,53.3,0.9,0,4.0,1,0.254,0.872
OFF-0117,WATER,Coordinator,2023-06,19,13,68.4,1.2,0,2.1,0,0.307,0.872
OFF-0117,WATER,Coordinator,2023-07,26,15,57.7,0.8,0,2.3,3,0.294,0.872
OFF-0117,WATER,Coordinator,2023-08,25,15,60.0,1.3,0,1.4,2,0.367,0.872
OFF-0117,WATER,Coordinator,2023-09,29,20,69.0,1.7,0,1.6,2,0.446,0.872
OFF-0117,WATER,Coordinator,2023-10,18,14,77.8,1.5,0,1.7,4,0.343,0.872
OFF-0117,WATER,Coordinator,2023-11,18,12,66.7,1.7,0,3.4,3,0.391,0.872
OFF-0117,WATER,Coordinator,2023-12,19,11,57.9,1.0,0,3.7,2,0.295,0.872
OFF-0117,WATER,Coordinator,2024-01,14,8,57.1,0.8,0,3.5,1,0.219,0.872
OFF-0117,WATER,Coordinator,2024-02,15,11,73.3,0.8,0,2.5,1,0.226,0.872
OFF-0117,WATER,Coordinator,2024-03,16,9,56.2,1.0,0,2.0,2,0.257,0.872
OFF-0117,WATER,Coordinator,2024-04,16,11,68.8,0.5,0,2.3,0,0.189,0.872
OFF-0117,WATER,Coordinator,2024-05,17,12,70.6,1.1,0,5.0,3,0.294,0.872
OFF-0117,WATER,Coordinator,2024-06,31,20,64.5,1.4,0,2.3,3,0.417,0.872
OFF-0117,WATER,Coordinator,2024-07,24,18,75.0,2.1,1,5.1,1,0.475,0.872
OFF-0117,WATER,Coordinator,2024-08,32,22,68.8,0.8,0,2.3,2,0.34,0.872
OFF-0117,WATER,Coordinator,2024-09,31,24,77.4,0.5,1,3.4,0,0.292,0.872
OFF-0117,WATER,Coordinator,2024-10,16,12,75.0,1.2,0,4.1,2,0.306,0.872
OFF-0117,WATER,Coordinator,2024-11,16,10,62.5,1.3,0,4.8,1,0.321,0.872
OFF-0117,WATER,Coordinator,2024-12,20,16,80.0,2.3,0,3.8,0,0.445,0.872
OFF-0118,WATER,Field Officer,2022-01,23,19,82.6,1.6,0,0.0,1,0.399,1.095
OFF-0118,WATER,Field Officer,2022-02,25,24,96.0,1.5,0,0.0,1,0.391,1.095
OFF-0118,WATER,Field Officer,2022-03,24,21,87.5,1.2,0,0.0,1,0.343,1.095
OFF-0118,WATER,Field Officer,2022-04,20,18,90.0,0.9,0,0.0,2,0.266,1.095
OFF-0118,WATER,Field Officer,2022-05,21,18,85.7,1.6,0,0.0,4,0.373,1.095
OFF-0118,WATER,Field Officer,2022-06,43,32,74.4,0.8,0,0.0,1,0.409,1.095
OFF-0118,WATER,Field Officer,2022-07,35,33,94.3,1.3,0,0.0,0,0.428,1.095
OFF-0118,WATER,Field Officer,2022-08,28,27,96.4,0.5,0,0.0,0,0.262,1.095
OFF-0118,WATER,Field Officer,2022-09,43,38,88.4,0.5,0,0.0,2,0.365,1.095
OFF-0118,WATER,Field Officer,2022-10,20,16,80.0,1.3,0,0.0,2,0.325,1.095
OFF-0118,WATER,Field Officer,2022-11,20,17,85.0,1.1,0,0.0,3,0.297,1.095
OFF-0118,WATER,Field Officer,2022-12,24,20,83.3,0.6,0,0.0,0,0.253,1.095
OFF-0118,WATER,Field Officer,2023-01,23,22,95.7,0.9,0,0.0,0,0.29,1.095
OFF-0118,WATER,Field Officer,2023-02,22,21,95.5,2.0,0,0.0,1,0.447,1.095
OFF-0118,WATER,Field Officer,2023-03,21,16,76.2,0.6,0,0.0,1,0.225,1.095
OFF-0118,WATER,Field Officer,2023-04,22,17,77.3,0.6,0,0.0,0,0.242,1.095
OFF-0118,WATER,Field Officer,2023-05,26,20,76.9,2.0,0,0.0,2,0.469,1.095
OFF-0118,WATER,Field Officer,2023-06,28,25,89.3,1.2,0,0.0,4,0.368,1.095
OFF-0118,WATER,Field Officer,2023-07,41,40,97.6,1.2,0,0.0,2,0.452,1.095
OFF-0118,WATER,Field Officer,2023-08,34,33,97.1,1.1,0,0.0,1,0.394,1.095
OFF-0118,WATER,Field Officer,2023-09,37,31,83.8,1.0,0,0.0,0,0.393,1.095
OFF-0118,WATER,Field Officer,2023-10,19,15,78.9,1.6,0,0.0,2,0.361,1.095
OFF-0118,WATER,Field Officer,2023-11,26,20,76.9,0.7,0,0.0,3,0.281,1.095
OFF-0118,WATER,Field Officer,2023-12,26,21,80.8,2.0,0,0.0,0,0.473,1.095
OFF-0118,WATER,Field Officer,2024-01,25,20,80.0,0.5,0,0.0,2,0.242,1.095
OFF-0118,WATER,Field Officer,2024-02,23,19,82.6,1.3,0,0.0,2,0.342,1.095
OFF-0118,WATER,Field Officer,2024-03,25,24,96.0,2.0,0,0.0,2,0.466,1.095
OFF-0118,WATER,Field Officer,2024-04,24,22,91.7,0.5,0,0.0,0,0.235,1.095
OFF-0118,WATER,Field Officer,2024-05,20,15,75.0,0.6,0,0.0,1,0.216,1.095
OFF-0118,WATER,Field Officer,2024-06,30,23,76.7,0.8,0,0.0,3,0.327,1.095
OFF-0118,WATER,Field Officer,2024-07,26,20,76.9,1.8,0,0.0,2,0.436,1.095
OFF-0118,WATER,Field Officer,2024-08,37,36,97.3,0.7,0,0.0,0,0.349,1.095
OFF-0118,WATER,Field Officer,2024-09,34,31,91.2,0.9,0,0.0,2,0.364,1.095
OFF-0118,WATER,Field Officer,2024-10,20,16,80.0,0.7,0,0.0,0,0.24,1.095
OFF-0118,WATER,Field Officer,2024-11,18,16,88.9,0.6,0,0.0,1,0.205,1.095
OFF-0118,WATER,Field Officer,2024-12,24,23,95.8,0.8,0,0.0,1,0.279,1.095
OFF-0119,WATER,Assistant Engineer,2022-01,45,36,80.0,1.2,1,2.3,2,0.481,0.936
OFF-0119,WATER,Assistant Engineer,2022-02,52,37,71.2,1.8,0,0.8,4,0.615,0.936
OFF-0119,WATER,Assistant Engineer,2022-03,45,39,86.7,1.3,0,0.9,0,0.497,0.936
OFF-0119,WATER,Assistant Engineer,2022-04,42,26,61.9,1.0,0,0.9,0,0.427,0.936
OFF-0119,WATER,Assistant Engineer,2022-05,47,33,70.2,0.9,0,1.1,0,0.447,0.936
OFF-0119,WATER,Assistant Engineer,2022-06,79,62,78.5,0.7,0,0.7,1,0.512,0.936
OFF-0119,WATER,Assistant Engineer,2022-07,65,41,63.1,0.9,0,0.7,2,0.535,0.936
OFF-0119,WATER,Assistant Engineer,2022-08,67,54,80.6,0.5,1,1.9,0,0.481,0.936
OFF-0119,WATER,Assistant Engineer,2022-09,75,48,64.0,0.7,1,2.1,4,0.505,0.936
OFF-0119,WATER,Assistant Engineer,2022-10,43,27,62.8,1.9,0,2.1,0,0.579,0.936
OFF-0119,WATER,Assistant Engineer,2022-11,51,42,82.4,2.1,0,1.2,2,0.644,0.936
OFF-0119,WATER,Assistant Engineer,2022-12,50,33,66.0,1.5,0,1.1,2,0.558,0.936
OFF-0119,WATER,Assistant Engineer,2023-01,40,31,77.5,1.6,0,1.2,0,0.515,0.936
OFF-0119,WATER,Assistant Engineer,2023-02,38,23,60.5,0.5,0,1.6,1,0.333,0.936
OFF-0119,WATER,Assistant Engineer,2023-03,35,21,60.0,2.4,0,2.0,1,0.539,0.936
OFF-0119,WATER,Assistant Engineer,2023-04,41,28,68.3,1.4,0,1.9,1,0.483,0.936
OFF-0119,WATER,Assistant Engineer,2023-05,41,32,78.0,0.8,0,1.5,1,0.393,0.936
OFF-0119,WATER,Assistant Engineer,2023-06,51,39,76.5,1.5,0,1.8,0,0.566,0.936
OFF-0119,WATER,Assistant Engineer,2023-07,65,50,76.9,1.2,1,2.4,2,0.584,0.936
OFF-0119,WATER,Assistant Engineer,2023-08,63,52,82.5,0.8,1,1.7,0,0.532,0.936
OFF-0119,WATER,Assistant Engineer,2023-09,76,48,63.2,1.7,0,1.1,1,0.666,0.936
OFF-0119,WATER,Assistant Engineer,2023-10,49,32,65.3,1.6,0,1.0,1,0.57,0.936
OFF-0119,WATER,Assistant Engineer,2023-11,35,24,68.6,1.3,0,1.6,4,0.431,0.936
OFF-0119,WATER,Assistant Engineer,2023-12,45,29,64.4,0.7,0,1.2,2,0.405,0.936
OFF-0119,WATER,Assistant Engineer,2024-01,36,25,69.4,1.2,0,1.1,0,0.422,0.936
OFF-0119,WATER,Assistant Engineer,2024-02,35,22,62.9,1.0,0,1.0,1,0.391,0.936
OFF-0119,WATER,Assistant Engineer,2024-03,39,31,79.5,1.3,0,1.6,3,0.453,0.936
OFF-0119,WATER,Assistant Engineer,2024-04,36,29,80.6,1.6,0,1.3,3,0.489,0.936
OFF-0119,WATER,Assistant Engineer,2024-05,40,25,62.5,0.9,0,1.9,4,0.404,0.936
OFF-0119,WATER,Assistant Engineer,2024-06,60,49,81.7,1.1,0,0.7,2,0.566,0.936
OFF-0119,WATER,Assistant Engineer,2024-07,67,49,73.1,1.2,0,1.0,0,0.588,0.936
OFF-0119,WATER,Assistant Engineer,2024-08,74,65,87.8,1.2,1,2.1,0,0.592,0.936
OFF-0119,WATER,Assistant Engineer,2024-09,50,37,74.0,1.0,0,1.4,2,0.489,0.936
OFF-0119,WATER,Assistant Engineer,2024-10,52,33,63.5,0.8,1,2.4,0,0.473,0.936
OFF-0119,WATER,Assistant Engineer,2024-11,43,32,74.4,1.6,0,1.9,1,0.526,0.936
OFF-0119,WATER,Assistant Engineer,2024-12,46,38,82.6,1.3,0,2.1,2,0.506,0.936
OFF-0120,WATER,Coordinator,2022-01,28,17,60.7,1.2,0,1.4,0,0.371,0.925
OFF-0120,WATER,Coordinator,2022-02,32,21,65.6,0.9,0,2.7,0,0.356,0.925
OFF-0120,WATER,Coordinator,2022-03,33,21,63.6,0.9,0,2.4,2,0.358,0.925
OFF-0120,WATER,Coordinator,2022-04,31,24,77.4,0.6,0,2.2,0,0.299,0.925
OFF-0120,WATER,Coordinator,2022-05,39,29,74.4,0.8,1,2.6,4,0.392,0.925
OFF-0120,WATER,Coordinator,2022-06,40,24,60.0,1.1,1,2.7,1,0.438,0.925
OFF-0120,WATER,Coordinator,2022-07,59,36,61.0,1.5,0,1.5,0,0.625,0.925
OFF-0120,WATER,Coordinator,2022-08,55,35,63.6,1.0,0,1.2,2,0.521,0.925
OFF-0120,WATER,Coordinator,2022-09,60,37,61.7,1.9,1,2.0,1,0.697,0.925
OFF-0120,WATER,Coordinator,2022-10,34,28,82.4,1.5,0,1.3,2,0.449,0.925
OFF-0120,WATER,Coordinator,2022-11,34,26,76.5,0.5,0,0.8,2,0.304,0.925
OFF-0120,WATER,Coordinator,2022-12,26,19,73.1,1.1,0,1.3,1,0.348,0.925
OFF-0120,WATER,Coordinator,2023-01,36,26,72.2,1.7,0,1.9,1,0.506,0.925
OFF-0120,WATER,Coordinator,2023-02,27,18,66.7,0.8,0,2.2,1,0.304,0.925
OFF-0120,WATER,Coordinator,2023-03,31,26,83.9,0.6,0,2.8,2,0.3,0.925
OFF-0120,WATER,Coordinator,2023-04,39,30,76.9,0.8,0,2.0,3,0.384,0.925
OFF-0120,WATER,Coordinator,2023-05,27,19,70.4,0.8,0,1.1,0,0.3,0.925
OFF-0120,WATER,Coordinator,2023-06,58,49,84.5,0.8,1,2.9,1,0.522,0.925
OFF-0120,WATER,Coordinator,2023-07,42,28,66.7,0.5,0,1.7,1,0.367,0.925
OFF-0120,WATER,Coordinator,2023-08,43,32,74.4,0.5,0,2.0,2,0.368,0.925
OFF-0120,WATER,Coordinator,2023-09,57,49,86.0,0.8,0,1.3,1,0.51,0.925
OFF-0120,WATER,Coordinator,2023-10,36,24,66.7,1.4,0,0.8,2,0.448,0.925
OFF-0120,WATER,Coordinator,2023-11,30,25,83.3,1.1,0,1.0,1,0.373,0.925
OFF-0120,WATER,Coordinator,2023-12,28,19,67.9,0.8,0,0.9,1,0.312,0.925
OFF-0120,WATER,Coordinator,2024-01,37,24,64.9,0.7,0,1.9,0,0.356,0.925
OFF-0120,WATER,Coordinator,2024-02,28,19,67.9,1.4,0,2.1,2,0.4,0.925
OFF-0120,WATER,Coordinator,2024-03,36,22,61.1,1.6,0,1.9,0,0.488,0.925
OFF-0120,WATER,Coordinator,2024-04,32,21,65.6,1.6,0,1.9,1,0.454,0.925
OFF-0120,WATER,Coordinator,2024-05,29,21,72.4,1.8,0,2.1,2,0.47,0.925
OFF-0120,WATER,Coordinator,2024-06,59,37,62.7,1.3,0,1.7,1,0.6,0.925
OFF-0120,WATER,Coordinator,2024-07,46,34,73.9,0.8,0,1.4,0,0.436,0.925
OFF-0120,WATER,Coordinator,2024-08,63,44,69.8,0.7,0,1.0,3,0.502,0.925
OFF-0120,WATER,Coordinator,2024-09,38,28,73.7,0.5,0,0.8,1,0.331,0.925
OFF-0120,WATER,Coordinator,2024-10,28,20,71.4,1.5,0,2.3,0,0.414,0.925
OFF-0120,WATER,Coordinator,2024-11,29,20,69.0,1.8,0,2.8,2,0.466,0.925
OFF-0120,WATER,Coordinator,2024-12,37,26,70.3,1.1,0,2.0,1,0.418,0.925
OFF-0121,WATER,Executive Engineer,2022-01,36,27,75.0,1.3,0,0.0,1,0.429,1.073
OFF-0121,WATER,Executive Engineer,2022-02,46,45,97.8,0.9,0,0.0,1,0.438,1.073
OFF-0121,WATER,Executive Engineer,2022-03,43,33,76.7,0.7,0,0.0,0,0.388,1.073
OFF-0121,WATER,Executive Engineer,2022-04,40,31,77.5,0.7,0,0.0,4,0.372,1.073
OFF-0121,WATER,Executive Engineer,2022-05,44,36,81.8,1.0,0,0.0,0,0.442,1.073
OFF-0121,WATER,Executive Engineer,2022-06,51,43,84.3,1.5,0,0.0,0,0.559,1.073
OFF-0121,WATER,Executive Engineer,2022-07,62,51,82.3,1.1,0,0.0,1,0.561,1.073
OFF-0121,WATER,Executive Engineer,2022-08,55,47,85.5,1.4,0,0.0,0,0.571,1.073
OFF-0121,WATER,Executive Engineer,2022-09,55,44,80.0,0.7,0,0.0,2,0.469,1.073
OFF-0121,WATER,Executive Engineer,2022-10,46,40,87.0,0.5,0,0.0,0,0.382,1.073
OFF-0121,WATER,Executive Engineer,2022-11,41,39,95.1,1.2,0,0.0,2,0.459,1.073
OFF-0121,WATER,Executive Engineer,2022-12,33,23,69.7,0.5,0,0.0,1,0.295,1.073
OFF-0121,WATER,Executive Engineer,2023-01,44,43,97.7,1.6,0,0.0,2,0.531,1.073
OFF-0121,WATER,Executive Engineer,2023-02,33,23,69.7,1.4,0,0.0,3,0.425,1.073
OFF-0121,WATER,Executive Engineer,2023-03,37,34,91.9,1.6,0,0.0,1,0.481,1.073
OFF-0121,WATER,Executive Engineer,2023-04,40,39,97.5,1.2,0,0.0,0,0.449,1.073
OFF-0121,WATER,Executive Engineer,2023-05,34,24,70.6,0.8,0,0.0,2,0.34,1.073
OFF-0121,WATER,Executive Engineer,2023-06,71,51,71.8,1.3,0,0.0,1,0.596,1.073
OFF-0121,WATER,Executive Engineer,2023-07,42,39,92.9,1.1,0,0.0,0,0.448,1.073
OFF-0121,WATER,Executive Engineer,2023-08,74,61,82.4,1.5,0,0.0,2,0.619,1.073
OFF-0121,WATER,Executive Engineer,2023-09,53,49,92.5,1.1,0,0.0,2,0.52,1.073
OFF-0121,WATER,Executive Engineer,2023-10,43,37,86.0,0.7,0,0.0,2,0.385,1.073
OFF-0121,WATER,Executive Engineer,2023-11,32,30,93.8,1.0,0,0.0,2,0.359,1.073
OFF-0121,WATER,Executive Engineer,2023-12,42,39,92.9,1.5,0,0.0,0,0.51,1.073
OFF-0121,WATER,Executive Engineer,2024-01,34,31,91.2,0.5,0,0.0,1,0.302,1.073
OFF-0121,WATER,Executive Engineer,2024-02,47,35,74.5,1.1,0,0.0,1,0.484,1.073
OFF-0121,WATER,Executive Engineer,2024-03,36,27,75.0,1.0,0,0.0,1,0.392,1.073
OFF-0121,WATER,Executive Engineer,2024-04,35,29,82.9,1.3,0,0.0,3,0.432,1.073
OFF-0121,WATER,Executive Engineer,2024-05,45,36,80.0,0.5,0,0.0,1,0.375,1.073
OFF-0121,WATER,Executive Engineer,2024-06,52,42,80.8,1.6,0,0.0,2,0.585,1.073
OFF-0121,WATER,Executive Engineer,2024-07,56,47,83.9,1.3,0,0.0,1,0.565,1.073
OFF-0121,WATER,Executive Engineer,2024-08,60,53,88.3,1.2,0,0.0,2,0.584,1.073
OFF-0121,WATER,Executive Engineer,2024-09,78,75,96.2,1.1,0,0.0,0,0.572,1.073
OFF-0121,WATER,Executive Engineer,2024-10,44,40,90.9,0.7,0,0.0,0,0.392,1.073
OFF-0121,WATER,Executive Engineer,2024-11,39,30,76.9,0.7,0,0.0,4,0.366,1.073
OFF-0121,WATER,Executive Engineer,2024-12,35,26,74.3,0.6,0,0.0,2,0.324,1.073
OFF-0122,WATER,Field Officer,2022-01,18,15,83.3,1.1,0,0.0,0,0.282,1.057
OFF-0122,WATER,Field Officer,2022-02,19,16,84.2,0.6,0,0.0,1,0.211,1.057
OFF-0122,WATER,Field Officer,2022-03,21,16,76.2,1.1,0,0.0,0,0.306,1.057
OFF-0122,WATER,Field Officer,2022-04,24,20,83.3,1.1,0,0.0,3,0.324,1.057
OFF-0122,WATER,Field Officer,2022-05,24,22,91.7,0.5,0,0.0,0,0.235,1.057
OFF-0122,WATER,Field Officer,2022-06,37,27,73.0,0.5,0,0.0,1,0.322,1.057
OFF-0122,WATER,Field Officer,2022-07,45,34,75.6,1.1,0,0.0,2,0.463,1.057
OFF-0122,WATER,Field Officer,2022-08,36,34,94.4,0.6,0,0.0,1,0.334,1.057
OFF-0122,WATER,Field Officer,2022-09,37,33,89.2,0.5,0,0.0,1,0.322,1.057
OFF-0122,WATER,Field Officer,2022-10,23,22,95.7,0.7,0,0.0,1,0.263,1.057
OFF-0122,WATER,Field Officer,2022-11,24,20,83.3,1.2,0,0.0,1,0.347,1.057
OFF-0122,WATER,Field Officer,2022-12,26,18,69.2,1.4,0,0.0,1,0.382,1.057
OFF-0122,WATER,Field Officer,2023-01,18,16,88.9,1.6,0,0.0,1,0.361,1.057
OFF-0122,WATER,Field Officer,2023-02,19,15,78.9,0.7,0,0.0,0,0.232,1.057
OFF-0122,WATER,Field Officer,2023-03,17,14,82.4,0.9,0,0.0,1,0.248,1.057
OFF-0122,WATER,Field Officer,2023-04,18,15,83.3,0.7,0,0.0,1,0.219,1.057
OFF-0122,WATER,Field Officer,2023-05,24,18,75.0,0.5,0,0.0,1,0.235,1.057
OFF-0122,WATER,Field Officer,2023-06,26,19,73.1,0.8,0,0.0,0,0.298,1.057
OFF-0122,WATER,Field Officer,2023-07,37,32,86.5,1.1,0,0.0,2,0.412,1.057
OFF-0122,WATER,Field Officer,2023-08,33,31,93.9,1.2,0,0.0,1,0.406,1.057
OFF-0122,WATER,Field Officer,2023-09,32,31,96.9,1.1,0,0.0,1,0.376,1.057
OFF-0122,WATER,Field Officer,2023-10,23,22,95.7,0.5,0,0.0,1,0.228,1.057
OFF-0122,WATER,Field Officer,2023-11,21,16,76.2,1.5,0,0.0,2,0.371,1.057
OFF-0122,WATER,Field Officer,2023-12,19,15,78.9,0.8,0,0.0,3,0.243,1.057
OFF-0122,WATER,Field Officer,2024-01,19,13,68.4,1.2,0,0.0,1,0.301,1.057
OFF-0122,WATER,Field Officer,2024-02,22,17,77.3,1.0,0,0.0,1,0.297,1.057
OFF-0122,WATER,Field Officer,2024-03,20,13,65.0,0.5,0,0.0,1,0.208,1.057
OFF-0122,WATER,Field Officer,2024-04,18,17,94.4,1.3,0,0.0,0,0.315,1.057
OFF-0122,WATER,Field Officer,2024-05,19,16,84.2,2.3,0,0.0,2,0.427,1.057
OFF-0122,WATER,Field Officer,2024-06,41,39,95.1,0.7,0,0.0,1,0.384,1.057
OFF-0122,WATER,Field Officer,2024-07,36,35,97.2,0.5,0,0.0,0,0.315,1.057
OFF-0122,WATER,Field Officer,2024-08,30,25,83.3,1.0,0,0.0,0,0.347,1.057
OFF-0122,WATER,Field Officer,2024-09,29,25,86.2,0.7,0,0.0,1,0.295,1.057
OFF-0122,WATER,Field Officer,2024-10,21,18,85.7,0.5,0,0.0,1,0.215,1.057
OFF-0122,WATER,Field Officer,2024-11,26,24,92.3,2.0,0,0.0,2,0.473,1.057
OFF-0122,WATER,Field Officer,2024-12,24,18,75.0,1.7,0,0.0,1,0.42,1.057
OFF-0123,WATER,Assistant Engineer,2022-01,33,24,72.7,0.5,0,0.0,1,0.295,1.016
OFF-0123,WATER,Assistant Engineer,2022-02,31,21,67.7,0.8,0,0.0,1,0.332,1.016
OFF-0123,WATER,Assistant Engineer,2022-03,40,28,70.0,1.1,0,0.0,2,0.425,1.016
OFF-0123,WATER,Assistant Engineer,2022-04,34,23,67.6,1.0,0,0.0,0,0.369,1.016
OFF-0123,WATER,Assistant Engineer,2022-05,41,37,90.2,0.6,0,0.0,1,0.37,1.016
OFF-0123,WATER,Assistant Engineer,2022-06,79,66,83.5,0.6,0,0.0,1,0.486,1.016
OFF-0123,WATER,Assistant Engineer,2022-07,64,45,70.3,1.4,0,0.0,2,0.615,1.016
OFF-0123,WATER,Assistant Engineer,2022-08,57,42,73.7,1.2,0,0.0,0,0.565,1.016
OFF-0123,WATER,Assistant Engineer,2022-09,52,44,84.6,1.0,0,0.0,1,0.491,1.016
OFF-0123,WATER,Assistant Engineer,2022-10,32,30,93.8,0.8,0,0.0,0,0.333,1.016
OFF-0123,WATER,Assistant Engineer,2022-11,45,29,64.4,1.5,0,0.0,2,0.532,1.016
OFF-0123,WATER,Assistant Engineer,2022-12,46,35,76.1,0.5,0,0.0,1,0.384,1.016
OFF-0123,WATER,Assistant Engineer,2023-01,40,36,90.0,0.9,0,0.0,1,0.406,1.016
OFF-0123,WATER,Assistant Engineer,2023-02,44,29,65.9,1.8,0,0.0,1,0.558,1.016
OFF-0123,WATER,Assistant Engineer,2023-03,33,26,78.8,1.0,0,0.0,1,0.366,1.016
OFF-0123,WATER,Assistant Engineer,2023-04,33,26,78.8,1.6,0,0.0,0,0.462,1.016
OFF-0123,WATER,Assistant Engineer,2023-05,37,34,91.9,1.1,0,0.0,1,0.413,1.016
OFF-0123,WATER,Assistant Engineer,2023-06,59,48,81.4,1.2,0,0.0,1,0.567,1.016
OFF-0123,WATER,Assistant Engineer,2023-07,61,40,65.6,1.3,0,0.0,0,0.592,1.016
OFF-0123,WATER,Assistant Engineer,2023-08,66,45,68.2,1.4,0,0.0,1,0.611,1.016
OFF-0123,WATER,Assistant Engineer,2023-09,55,45,81.8,1.0,0,0.0,1,0.517,1.016
OFF-0123,WATER,Assistant Engineer,2023-10,42,34,81.0,1.5,0,0.0,4,0.499,1.016
OFF-0123,WATER,Assistant Engineer,2023-11,41,36,87.8,1.4,0,0.0,1,0.488,1.016
OFF-0123,WATER,Assistant Engineer,2023-12,41,37,90.2,0.8,0,0.0,1,0.394,1.016
OFF-0123,WATER,Assistant Engineer,2024-01,42,36,85.7,0.7,0,0.0,4,0.385,1.016
OFF-0123,WATER,Assistant Engineer,2024-02,42,38,90.5,1.2,0,0.0,1,0.459,1.016
OFF-0123,WATER,Assistant Engineer,2024-03,43,32,74.4,0.5,0,0.0,1,0.362,1.016
OFF-0123,WATER,Assistant Engineer,2024-04,40,36,90.0,1.3,0,0.0,1,0.458,1.016
OFF-0123,WATER,Assistant Engineer,2024-05,42,40,95.2,0.9,0,0.0,3,0.422,1.016
OFF-0123,WATER,Assistant Engineer,2024-06,71,65,91.5,2.1,0,0.0,2,0.7,1.016
OFF-0123,WATER,Assistant Engineer,2024-07,60,40,66.7,1.4,0,0.0,0,0.605,1.016
OFF-0123,WATER,Assistant Engineer,2024-08,57,39,68.4,0.9,0,0.0,0,0.508,1.016
OFF-0123,WATER,Assistant Engineer,2024-09,72,54,75.0,1.3,0,0.0,1,0.602,1.016
OFF-0123,WATER,Assistant Engineer,2024-10,34,24,70.6,0.8,0,0.0,1,0.352,1.016
OFF-0123,WATER,Assistant Engineer,2024-11,41,27,65.9,1.0,0,0.0,1,0.417,1.016
OFF-0123,WATER,Assistant Engineer,2024-12,38,30,78.9,1.2,0,0.0,1,0.429,1.016
OFF-0124,WATER,Assistant Engineer,2022-01,18,14,77.8,1.0,0,0.0,0,0.269,1.062
OFF-0124,WATER,Assistant Engineer,2022-02,22,19,86.4,0.5,0,0.0,1,0.222,1.062
OFF-0124,WATER,Assistant Engineer,2022-03,24,20,83.3,0.7,0,0.0,2,0.261,1.062
OFF-0124,WATER,Assistant Engineer,2022-04,17,12,70.6,0.5,0,0.0,1,0.191,1.062
OFF-0124,WATER,Assistant Engineer,2022-05,20,16,80.0,1.8,0,0.0,3,0.405,1.062
OFF-0124,WATER,Assistant Engineer,2022-06,32,23,71.9,0.5,0,0.0,0,0.288,1.062
OFF-0124,WATER,Assistant Engineer,2022-07,36,35,97.2,1.6,0,0.0,0,0.482,1.062
OFF-0124,WATER,Assistant Engineer,2022-08,27,23,85.2,2.0,0,0.0,1,0.48,1.062
OFF-0124,WATER,Assistant Engineer,2022-09,27,22,81.5,0.5,0,0.0,1,0.255,1.062
OFF-0124,WATER,Assistant Engineer,2022-10,24,21,87.5,0.5,0,0.0,1,0.235,1.062
OFF-0124,WATER,Assistant Engineer,2022-11,23,22,95.7,2.1,0,0.0,0,0.453,1.062
OFF-0124,WATER,Assistant Engineer,2022-12,18,17,94.4,0.9,0,0.0,0,0.259,1.062
OFF-0124,WATER,Assistant Engineer,2023-01,19,16,84.2,0.8,0,0.0,4,0.24,1.062
OFF-0124,WATER,Assistant Engineer,2023-02,20,19,95.0,0.6,0,0.0,3,0.22,1.062
OFF-0124,WATER,Assistant Engineer,2023-03,22,20,90.9,1.0,0,0.0,0,0.297,1.062
OFF-0124,WATER,Assistant Engineer,2023-04,19,14,73.7,0.5,0,0.0,2,0.202,1.062
OFF-0124,WATER,Assistant Engineer,2023-05,24,23,95.8,1.6,0,0.0,1,0.403,1.062
OFF-0124,WATER,Assistant Engineer,2023-06,29,28,96.6,1.9,0,0.0,1,0.472,1.062
OFF-0124,WATER,Assistant Engineer,2023-07,34,33,97.1,1.0,0,0.0,0,0.373,1.062
OFF-0124,WATER,Assistant Engineer,2023-08,33,26,78.8,0.7,0,0.0,0,0.324,1.062
OFF-0124,WATER,Assistant Engineer,2023-09,40,31,77.5,1.4,0,0.0,0,0.477,1.062
OFF-0124,WATER,Assistant Engineer,2023-10,25,23,92.0,1.1,0,0.0,2,0.339,1.062
OFF-0124,WATER,Assistant Engineer,2023-11,20,16,80.0,0.6,0,0.0,1,0.217,1.062
OFF-0124,WATER,Assistant Engineer,2023-12,22,17,77.3,1.0,0,0.0,1,0.303,1.062
OFF-0124,WATER,Assistant Engineer,2024-01,21,16,76.2,1.4,0,0.0,0,0.351,1.062
OFF-0124,WATER,Assistant Engineer,2024-02,20,15,75.0,0.5,0,0.0,2,0.208,1.062
OFF-0124,WATER,Assistant Engineer,2024-03,18,14,77.8,1.6,0,0.0,4,0.353,1.062
OFF-0124,WATER,Assistant Engineer,2024-04,20,16,80.0,0.7,0,0.0,2,0.245,1.062
OFF-0124,WATER,Assistant Engineer,2024-05,26,24,92.3,1.2,0,0.0,1,0.353,1.062
OFF-0124,WATER,Assistant Engineer,2024-06,31,29,93.5,0.8,0,0.0,1,0.329,1.062
OFF-0124,WATER,Assistant Engineer,2024-07,36,26,72.2,0.8,0,0.0,3,0.363,1.062
OFF-0124,WATER,Assistant Engineer,2024-08,26,25,96.2,1.0,0,0.0,2,0.318,1.062
OFF-0124,WATER,Assistant Engineer,2024-09,30,23,76.7,1.6,0,0.0,3,0.447,1.062
OFF-0124,WATER,Assistant Engineer,2024-10,26,20,76.9,0.5,0,0.0,1,0.248,1.062
OFF-0124,WATER,Assistant Engineer,2024-11,21,20,95.2,0.5,0,0.0,1,0.215,1.062
OFF-0124,WATER,Assistant Engineer,2024-12,25,24,96.0,0.9,0,0.0,1,0.299,1.062
OFF-0125,WATER,Coordinator,2022-01,32,14,43.8,1.2,4,12.7,3,0.431,0.664
OFF-0125,WATER,Coordinator,2022-02,29,18,62.1,1.4,1,5.9,4,0.42,0.664
OFF-0125,WATER,Coordinator,2022-03,29,16,55.2,1.9,3,12.9,3,0.514,0.664
OFF-0125,WATER,Coordinator,2022-04,27,15,55.6,2.0,1,4.6,1,0.494,0.664
OFF-0125,WATER,Coordinator,2022-05,28,16,57.1,1.0,3,13.3,0,0.378,0.664
OFF-0125,WATER,Coordinator,2022-06,33,15,45.5,1.7,2,7.9,2,0.506,0.664
OFF-0125,WATER,Coordinator,2022-07,55,26,47.3,1.2,5,9.2,3,0.574,0.664
OFF-0125,WATER,Coordinator,2022-08,54,26,48.1,1.3,2,4.7,3,0.563,0.664
OFF-0125,WATER,Coordinator,2022-09,55,26,47.3,1.5,6,11.0,2,0.624,0.664
OFF-0125,WATER,Coordinator,2022-10,27,14,51.9,1.7,0,3.5,2,0.44,0.664
OFF-0125,WATER,Coordinator,2022-11,30,17,56.7,1.6,3,12.3,0,0.472,0.664
OFF-0125,WATER,Coordinator,2022-12,25,11,44.0,0.9,3,13.3,2,0.338,0.664
OFF-0125,WATER,Coordinator,2023-01,33,18,54.5,1.7,2,6.7,2,0.498,0.664
OFF-0125,WATER,Coordinator,2023-02,31,18,58.1,1.2,2,7.7,3,0.405,0.664
OFF-0125,WATER,Coordinator,2023-03,29,12,41.4,1.9,2,8.1,4,0.504,0.664
OFF-0125,WATER,Coordinator,2023-04,29,13,44.8,1.4,2,8.8,2,0.425,0.664
OFF-0125,WATER,Coordinator,2023-05,24,11,45.8,1.7,1,5.5,3,0.433,0.664
OFF-0125,WATER,Coordinator,2023-06,35,17,48.6,1.3,4,12.1,0,0.462,0.664
OFF-0125,WATER,Coordinator,2023-07,49,22,44.9,1.5,5,11.6,1,0.593,0.664
OFF-0125,WATER,Coordinator,2023-08,41,25,61.0,1.5,5,13.1,2,0.543,0.664
OFF-0125,WATER,Coordinator,2023-09,40,22,55.0,1.4,2,6.6,3,0.49,0.664
OFF-0125,WATER,Coordinator,2023-10,34,16,47.1,1.3,2,6.4,0,0.444,0.664
OFF-0125,WATER,Coordinator,2023-11,31,18,58.1,1.1,3,12.5,1,0.411,0.664
OFF-0125,WATER,Coordinator,2023-12,24,12,50.0,1.7,0,3.5,3,0.422,0.664
OFF-0125,WATER,Coordinator,2024-01,23,10,43.5,0.9,1,8.5,1,0.312,0.664
OFF-0125,WATER,Coordinator,2024-02,24,13,54.2,2.1,1,7.6,1,0.483,0.664
OFF-0125,WATER,Coordinator,2024-03,34,19,55.9,2.2,1,5.3,2,0.543,0.664
OFF-0125,WATER,Coordinator,2024-04,24,13,54.2,1.9,2,12.1,2,0.487,0.664
OFF-0125,WATER,Coordinator,2024-05,33,20,60.6,0.5,3,9.1,1,0.33,0.664
OFF-0125,WATER,Coordinator,2024-06,43,25,58.1,1.6,3,8.0,0,0.552,0.664
OFF-0125,WATER,Coordinator,2024-07,38,23,60.5,1.4,3,9.5,1,0.498,0.664
OFF-0125,WATER,Coordinator,2024-08,45,22,48.9,1.4,4,9.6,0,0.54,0.664
OFF-0125,WATER,Coordinator,2024-09,40,25,62.5,1.1,4,11.9,2,0.467,0.664
OFF-0125,WATER,Coordinator,2024-10,32,15,46.9,0.8,3,11.7,2,0.372,0.664
OFF-0125,WATER,Coordinator,2024-11,29,14,48.3,2.2,2,10.2,0,0.524,0.664
OFF-0125,WATER,Coordinator,2024-12,23,13,56.5,1.2,2,11.1,1,0.366,0.664
OFF-0126,WATER,Executive Engineer,2022-01,41,34,82.9,0.5,0,0.0,1,0.348,1.004
OFF-0126,WATER,Executive Engineer,2022-02,45,39,86.7,0.7,0,0.0,1,0.403,1.004
OFF-0126,WATER,Executive Engineer,2022-03,48,35,72.9,0.8,0,0.0,0,0.434,1.004
OFF-0126,WATER,Executive Engineer,2022-04,35,24,68.6,1.0,0,0.0,1,0.377,1.004
OFF-0126,WATER,Executive Engineer,2022-05,39,35,89.7,1.1,0,0.0,2,0.427,1.004
OFF-0126,WATER,Executive Engineer,2022-06,69,60,87.0,0.5,0,0.0,1,0.475,1.004
OFF-0126,WATER,Executive Engineer,2022-07,46,37,80.4,0.6,0,0.0,0,0.404,1.004
OFF-0126,WATER,Executive Engineer,2022-08,66,59,89.4,1.6,0,0.0,3,0.646,1.004
OFF-0126,WATER,Executive Engineer,2022-09,70,56,80.0,0.6,0,0.0,0,0.486,1.004
OFF-0126,WATER,Executive Engineer,2022-10,49,40,81.6,2.1,0,0.0,1,0.627,1.004
OFF-0126,WATER,Executive Engineer,2022-11,42,39,92.9,1.5,0,0.0,0,0.506,1.004
OFF-0126,WATER,Executive Engineer,2022-12,43,35,81.4,0.5,0,0.0,2,0.364,1.004
OFF-0126,WATER,Executive Engineer,2023-01,46,42,91.3,2.0,0,0.0,0,0.6,1.004
OFF-0126,WATER,Executive Engineer,2023-02,40,27,67.5,1.0,0,0.0,2,0.42,1.004
OFF-0126,WATER,Executive Engineer,2023-03,38,26,68.4,1.3,0,0.0,0,0.447,1.004
OFF-0126,WATER,Executive Engineer,2023-04,36,29,80.6,1.1,0,0.0,0,0.401,1.004
OFF-0126,WATER,Executive Engineer,2023-05,48,34,70.8,0.8,0,0.0,0,0.442,1.004
OFF-0126,WATER,Executive Engineer,2023-06,55,38,69.1,1.5,0,0.0,3,0.584,1.004
OFF-0126,WATER,Executive Engineer,2023-07,71,55,77.5,1.0,0,0.0,1,0.55,1.004
OFF-0126,WATER,Executive Engineer,2023-08,59,42,71.2,0.9,0,0.0,1,0.535,1.004
OFF-0126,WATER,Executive Engineer,2023-09,63,53,84.1,1.1,0,0.0,1,0.558,1.004
OFF-0126,WATER,Executive Engineer,2023-10,37,31,83.8,0.8,0,0.0,1,0.374,1.004
OFF-0126,WATER,Executive Engineer,2023-11,39,35,89.7,1.5,0,0.0,3,0.487,1.004
OFF-0126,WATER,Executive Engineer,2023-12,48,34,70.8,0.5,0,0.0,2,0.395,1.004
OFF-0126,WATER,Executive Engineer,2024-01,44,31,70.5,1.4,0,0.0,1,0.506,1.004
OFF-0126,WATER,Executive Engineer,2024-02,43,34,79.1,1.3,0,0.0,2,0.479,1.004
OFF-0126,WATER,Executive Engineer,2024-03,34,30,88.2,1.4,0,0.0,3,0.435,1.004
OFF-0126,WATER,Executive Engineer,2024-04,35,28,80.0,1.1,0,0.0,1,0.394,1.004
OFF-0126,WATER,Executive Engineer,2024-05,37,34,91.9,1.4,0,0.0,2,0.454,1.004
OFF-0126,WATER,Executive Engineer,2024-06,64,53,82.8,0.5,0,0.0,1,0.475,1.004
OFF-0126,WATER,Executive Engineer,2024-07,49,38,77.6,0.6,0,0.0,3,0.422,1.004
OFF-0126,WATER,Executive Engineer,2024-08,83,78,94.0,0.9,0,0.0,2,0.534,1.004
OFF-0126,WATER,Executive Engineer,2024-09,89,68,76.4,1.6,0,0.0,1,0.633,1.004
OFF-0126,WATER,Executive Engineer,2024-10,46,40,87.0,1.3,0,0.0,0,0.499,1.004
OFF-0126,WATER,Executive Engineer,2024-11,50,34,68.0,1.2,0,0.0,1,0.52,1.004
OFF-0126,WATER,Executive Engineer,2024-12,40,30,75.0,0.8,0,0.0,1,0.386,1.004
OFF-0127,WATER,Executive Engineer,2022-01,19,13,68.4,0.8,0,0.0,1,0.245,1.015
OFF-0127,WATER,Executive Engineer,2022-02,17,11,64.7,0.6,0,0.0,1,0.203,1.015
OFF-0127,WATER,Executive Engineer,2022-03,16,10,62.5,1.3,0,0.0,0,0.297,1.015
OFF-0127,WATER,Executive Engineer,2022-04,18,15,83.3,0.8,0,0.0,2,0.245,1.015
OFF-0127,WATER,Executive Engineer,2022-05,17,14,82.4,1.6,0,0.0,1,0.346,1.015
OFF-0127,WATER,Executive Engineer,2022-06,33,28,84.8,0.5,0,0.0,0,0.295,1.015
OFF-0127,WATER,Executive Engineer,2022-07,26,18,69.2,0.6,0,0.0,3,0.269,1.015
OFF-0127,WATER,Executive Engineer,2022-08,28,21,75.0,1.2,0,0.0,1,0.364,1.015
OFF-0127,WATER,Executive Engineer,2022-09,30,24,80.0,1.2,0,0.0,3,0.379,1.015
OFF-0127,WATER,Executive Engineer,2022-10,17,11,64.7,1.0,0,0.0,2,0.271,1.015
OFF-0127,WATER,Executive Engineer,2022-11,21,14,66.7,0.8,0,0.0,0,0.253,1.015
OFF-0127,WATER,Executive Engineer,2022-12,19,14,73.7,0.5,0,0.0,0,0.202,1.015
OFF-0127,WATER,Executive Engineer,2023-01,22,18,81.8,0.8,0,0.0,1,0.269,1.015
OFF-0127,WATER,Executive Engineer,2023-02,20,14,70.0,1.0,0,0.0,1,0.283,1.015
OFF-0127,WATER,Executive Engineer,2023-03,15,10,66.7,1.4,0,0.0,4,0.317,1.015
OFF-0127,WATER,Executive Engineer,2023-04,19,17,89.5,0.6,0,0.0,1,0.223,1.015
OFF-0127,WATER,Executive Engineer,2023-05,16,15,93.8,0.7,0,0.0,3,0.213,1.015
OFF-0127,WATER,Executive Engineer,2023-06,30,27,90.0,1.5,0,0.0,0,0.419,1.015
OFF-0127,WATER,Executive Engineer,2023-07,26,17,65.4,1.1,0,0.0,2,0.341,1.015
OFF-0127,WATER,Executive Engineer,2023-08,28,22,78.6,1.0,0,0.0,1,0.342,1.015
OFF-0127,WATER,Executive Engineer,2023-09,29,24,82.8,0.8,0,0.0,0,0.311,1.015
OFF-0127,WATER,Executive Engineer,2023-10,15,13,86.7,1.2,0,0.0,1,0.283,1.015
OFF-0127,WATER,Executive Engineer,2023-11,21,15,71.4,0.6,0,0.0,0,0.232,1.015
OFF-0127,WATER,Executive Engineer,2023-12,22,18,81.8,1.5,0,0.0,1,0.378,1.015
OFF-0127,WATER,Executive Engineer,2024-01,16,11,68.8,1.1,0,0.0,0,0.273,1.015
OFF-0127,WATER,Executive Engineer,2024-02,22,20,90.9,1.1,0,0.0,1,0.309,1.015
OFF-0127,WATER,Executive Engineer,2024-03,18,14,77.8,1.2,0,0.0,3,0.298,1.015
OFF-0127,WATER,Executive Engineer,2024-04,18,13,72.2,0.5,0,0.0,4,0.195,1.015
OFF-0127,WATER,Executive Engineer,2024-05,22,18,81.8,1.1,0,0.0,0,0.312,1.015
OFF-0127,WATER,Executive Engineer,2024-06,32,30,93.8,1.3,0,0.0,1,0.409,1.015
OFF-0127,WATER,Executive Engineer,2024-07,24,22,91.7,2.1,0,0.0,1,0.46,1.015
OFF-0127,WATER,Executive Engineer,2024-08,33,27,81.8,1.8,0,0.0,1,0.494,1.015
OFF-0127,WATER,Executive Engineer,2024-09,25,19,76.0,1.1,0,0.0,1,0.331,1.015
OFF-0127,WATER,Executive Engineer,2024-10,15,11,73.3,1.5,0,0.0,0,0.326,1.015
OFF-0127,WATER,Executive Engineer,2024-11,19,14,73.7,0.7,0,0.0,0,0.237,1.015
OFF-0127,WATER,Executive Engineer,2024-12,22,14,63.6,0.9,0,0.0,0,0.279,1.015
OFF-0128,WATER,Assistant Engineer,2022-01,23,21,91.3,0.8,0,0.0,2,0.269,1.047
OFF-0128,WATER,Assistant Engineer,2022-02,27,18,66.7,1.0,0,0.0,2,0.334,1.047
OFF-0128,WATER,Assistant Engineer,2022-03,22,17,77.3,1.0,0,0.0,1,0.297,1.047
OFF-0128,WATER,Assistant Engineer,2022-04,21,15,71.4,0.6,0,0.0,3,0.23,1.047
OFF-0128,WATER,Assistant Engineer,2022-05,25,20,80.0,1.2,0,0.0,1,0.348,1.047
OFF-0128,WATER,Assistant Engineer,2022-06,33,26,78.8,0.8,0,0.0,1,0.343,1.047
OFF-0128,WATER,Assistant Engineer,2022-07,38,26,68.4,0.5,0,0.0,2,0.328,1.047
OFF-0128,WATER,Assistant Engineer,2022-08,36,25,69.4,1.6,0,0.0,2,0.477,1.047
OFF-0128,WATER,Assistant Engineer,2022-09,42,39,92.9,0.5,0,0.0,1,0.355,1.047
OFF-0128,WATER,Assistant Engineer,2022-10,20,16,80.0,1.0,0,0.0,0,0.286,1.047
OFF-0128,WATER,Assistant Engineer,2022-11,21,16,76.2,1.1,0,0.0,3,0.304,1.047
OFF-0128,WATER,Assistant Engineer,2022-12,23,22,95.7,0.6,0,0.0,0,0.244,1.047
OFF-0128,WATER,Assistant Engineer,2023-01,28,23,82.1,1.1,0,0.0,0,0.353,1.047
OFF-0128,WATER,Assistant Engineer,2023-02,24,23,95.8,0.5,0,0.0,0,0.236,1.047
OFF-0128,WATER,Assistant Engineer,2023-03,20,19,95.0,0.6,0,0.0,1,0.228,1.047
OFF-0128,WATER,Assistant Engineer,2023-04,26,24,92.3,0.9,0,0.0,2,0.307,1.047
OFF-0128,WATER,Assistant Engineer,2023-05,22,21,95.5,1.1,0,0.0,1,0.317,1.047
OFF-0128,WATER,Assistant Engineer,2023-06,41,28,68.3,1.7,0,0.0,0,0.534,1.047
OFF-0128,WATER,Assistant Engineer,2023-07,31,21,67.7,1.8,0,0.0,2,0.474,1.047
OFF-0128,WATER,Assistant Engineer,2023-08,32,28,87.5,1.0,0,0.0,2,0.364,1.047
OFF-0128,WATER,Assistant Engineer,2023-09,46,37,80.4,0.6,0,0.0,1,0.395,1.047
OFF-0128,WATER,Assistant Engineer,2023-10,29,25,86.2,0.6,0,0.0,0,0.284,1.047
OFF-0128,WATER,Assistant Engineer,2023-11,28,19,67.9,1.7,0,0.0,1,0.439,1.047
OFF-0128,WATER,Assistant Engineer,2023-12,29,23,79.3,0.5,0,0.0,1,0.268,1.047
OFF-0128,WATER,Assistant Engineer,2024-01,23,16,69.6,0.7,0,0.0,0,0.264,1.047
OFF-0128,WATER,Assistant Engineer,2024-02,25,20,80.0,0.6,0,0.0,1,0.253,1.047
OFF-0128,WATER,Assistant Engineer,2024-03,27,23,85.2,0.9,0,0.0,2,0.311,1.047
OFF-0128,WATER,Assistant Engineer,2024-04,24,16,66.7,0.5,0,0.0,0,0.235,1.047
OFF-0128,WATER,Assistant Engineer,2024-05,20,16,80.0,0.5,0,0.0,1,0.208,1.047
OFF-0128,WATER,Assistant Engineer,2024-06,52,48,92.3,1.2,0,0.0,2,0.529,1.047
OFF-0128,WATER,Assistant Engineer,2024-07,44,38,86.4,1.3,0,0.0,2,0.486,1.047
OFF-0128,WATER,Assistant Engineer,2024-08,37,30,81.1,1.7,0,0.0,1,0.508,1.047
OFF-0128,WATER,Assistant Engineer,2024-09,44,33,75.0,0.9,0,0.0,1,0.426,1.047
OFF-0128,WATER,Assistant Engineer,2024-10,26,25,96.2,0.5,0,0.0,1,0.248,1.047
OFF-0128,WATER,Assistant Engineer,2024-11,25,20,80.0,0.5,0,0.0,2,0.242,1.047
OFF-0128,WATER,Assistant Engineer,2024-12,26,23,88.5,1.2,0,0.0,3,0.349,1.047
OFF-0129,WATER,Assistant Engineer,2022-01,37,18,48.6,1.5,2,7.1,1,0.493,0.742
OFF-0129,WATER,Assistant Engineer,2022-02,34,21,61.8,1.0,2,8.8,1,0.41,0.742
OFF-0129,WATER,Assistant Engineer,2022-03,31,17,54.8,0.9,2,7.4,2,0.361,0.742
OFF-0129,WATER,Assistant Engineer,2022-04,32,16,50.0,1.9,2,6.4,3,0.52,0.742
OFF-0129,WATER,Assistant Engineer,2022-05,39,22,56.4,1.4,3,9.2,1,0.492,0.742
OFF-0129,WATER,Assistant Engineer,2022-06,45,22,48.9,1.0,2,5.6,0,0.474,0.742
OFF-0129,WATER,Assistant Engineer,2022-07,73,41,56.2,0.9,2,3.7,1,0.553,0.742
OFF-0129,WATER,Assistant Engineer,2022-08,46,23,50.0,2.5,1,2.6,2,0.615,0.742
OFF-0129,WATER,Assistant Engineer,2022-09,43,25,58.1,1.6,4,9.6,1,0.551,0.742
OFF-0129,WATER,Assistant Engineer,2022-10,29,15,51.7,1.5,2,8.0,2,0.437,0.742
OFF-0129,WATER,Assistant Engineer,2022-11,39,21,53.8,0.6,3,8.0,0,0.373,0.742
OFF-0129,WATER,Assistant Engineer,2022-12,41,23,56.1,1.6,1,3.8,1,0.528,0.742
OFF-0129,WATER,Assistant Engineer,2023-01,40,23,57.5,1.7,2,5.5,3,0.531,0.742
OFF-0129,WATER,Assistant Engineer,2023-02,38,23,60.5,0.5,1,3.6,0,0.343,0.742
OFF-0129,WATER,Assistant Engineer,2023-03,30,15,50.0,1.4,1,4.4,0,0.42,0.742
OFF-0129,WATER,Assistant Engineer,2023-04,40,19,47.5,1.5,1,4.8,1,0.507,0.742
OFF-0129,WATER,Assistant Engineer,2023-05,29,18,62.1,1.7,0,3.4,0,0.461,0.742
OFF-0129,WATER,Assistant Engineer,2023-06,54,35,64.8,1.2,4,8.0,1,0.557,0.742
OFF-0129,WATER,Assistant Engineer,2023-07,44,30,68.2,1.3,3,7.6,0,0.514,0.742
OFF-0129,WATER,Assistant Engineer,2023-08,62,43,69.4,1.3,2,3.3,0,0.612,0.742
OFF-0129,WATER,Assistant Engineer,2023-09,56,35,62.5,2.3,4,8.6,0,0.699,0.742
OFF-0129,WATER,Assistant Engineer,2023-10,39,18,46.2,1.6,1,3.3,0,0.517,0.742
OFF-0129,WATER,Assistant Engineer,2023-11,34,17,50.0,0.5,1,3.5,0,0.312,0.742
OFF-0129,WATER,Assistant Engineer,2023-12,29,16,55.2,1.7,0,2.8,2,0.459,0.742
OFF-0129,WATER,Assistant Engineer,2024-01,30,17,56.7,0.9,1,6.4,3,0.352,0.742
OFF-0129,WATER,Assistant Engineer,2024-02,32,16,50.0,0.9,1,5.6,1,0.359,0.742
OFF-0129,WATER,Assistant Engineer,2024-03,28,13,46.4,2.1,1,5.3,2,0.502,0.742
OFF-0129,WATER,Assistant Engineer,2024-04,38,20,52.6,1.0,3,9.5,1,0.429,0.742
OFF-0129,WATER,Assistant Engineer,2024-05,37,18,48.6,1.7,1,5.3,3,0.523,0.742
OFF-0129,WATER,Assistant Engineer,2024-06,48,27,56.2,1.7,1,2.8,1,0.576,0.742
OFF-0129,WATER,Assistant Engineer,2024-07,38,25,65.8,1.3,3,8.3,1,0.475,0.742
OFF-0129,WATER,Assistant Engineer,2024-08,42,26,61.9,0.9,1,3.1,2,0.428,0.742
OFF-0129,WATER,Assistant Engineer,2024-09,68,41,60.3,1.1,2,3.0,1,0.58,0.742
OFF-0129,WATER,Assistant Engineer,2024-10,38,22,57.9,1.8,2,5.8,4,0.538,0.742
OFF-0129,WATER,Assistant Engineer,2024-11,39,21,53.8,1.0,3,7.8,2,0.43,0.742
OFF-0129,WATER,Assistant Engineer,2024-12,36,19,52.8,0.8,2,6.2,0,0.384,0.742
OFF-0130,WATER,Executive Engineer,2022-01,21,12,57.1,1.4,1,6.0,3,0.365,0.663
OFF-0130,WATER,Executive Engineer,2022-02,22,11,50.0,0.7,1,8.9,2,0.277,0.663
OFF-0130,WATER,Executive Engineer,2022-03,21,12,57.1,1.1,2,10.9,1,0.341,0.663
OFF-0130,WATER,Executive Engineer,2022-04,22,13,59.1,1.5,2,11.8,0,0.408,0.663
OFF-0130,WATER,Executive Engineer,2022-05,20,9,45.0,1.3,0,4.6,1,0.341,0.663
OFF-0130,WATER,Executive Engineer,2022-06,30,15,50.0,1.1,3,12.5,1,0.404,0.663
OFF-0130,WATER,Executive Engineer,2022-07,27,11,40.7,1.2,1,4.6,0,0.371,0.663
OFF-0130,WATER,Executive Engineer,2022-08,27,14,51.9,1.5,3,11.6,1,0.437,0.663
OFF-0130,WATER,Executive Engineer,2022-09,26,15,57.7,1.6,1,5.5,1,0.433,0.663
OFF-0130,WATER,Executive Engineer,2022-10,23,13,56.5,2.4,0,3.6,0,0.464,0.663
OFF-0130,WATER,Executive Engineer,2022-11,22,11,50.0,1.0,2,11.4,3,0.328,0.663
OFF-0130,WATER,Executive Engineer,2022-12,21,11,52.4,1.7,2,10.8,2,0.433,0.663
OFF-0130,WATER,Executive Engineer,2023-01,23,14,60.9,1.7,2,12.1,3,0.452,0.663
OFF-0130,WATER,Executive Engineer,2023-02,17,7,41.2,1.5,1,7.0,1,0.362,0.663
OFF-0130,WATER,Executive Engineer,2023-03,24,13,54.2,1.6,1,4.6,1,0.419,0.663
OFF-0130,WATER,Executive Engineer,2023-04,19,10,52.6,1.4,1,7.1,3,0.353,0.663
OFF-0130,WATER,Executive Engineer,2023-05,18,9,50.0,1.9,2,11.8,2,0.446,0.663
OFF-0130,WATER,Executive Engineer,2023-06,28,13,46.4,1.9,2,9.3,1,0.501,0.663
OFF-0130,WATER,Executive Engineer,2023-07,31,16,51.6,1.3,4,13.0,3,0.434,0.663
OFF-0130,WATER,Executive Engineer,2023-08,37,16,43.2,1.2,4,12.3,0,0.456,0.663
OFF-0130,WATER,Executive Engineer,2023-09,37,20,54.1,0.8,3,9.9,4,0.401,0.663
OFF-0130,WATER,Executive Engineer,2023-10,19,8,42.1,1.4,2,13.1,2,0.383,0.663
OFF-0130,WATER,Executive Engineer,2023-11,23,10,43.5,2.1,2,11.6,1,0.488,0.663
OFF-0130,WATER,Executive Engineer,2023-12,19,10,52.6,2.2,1,9.4,1,0.455,0.663
OFF-0130,WATER,Executive Engineer,2024-01,19,8,42.1,1.1,2,10.7,2,0.328,0.663
OFF-0130,WATER,Executive Engineer,2024-02,16,7,43.8,1.8,2,12.6,1,0.419,0.663
OFF-0130,WATER,Executive Engineer,2024-03,22,13,59.1,1.9,0,4.2,2,0.442,0.663
OFF-0130,WATER,Executive Engineer,2024-04,17,10,58.8,1.4,2,13.4,0,0.37,0.663
OFF-0130,WATER,Executive Engineer,2024-05,20,11,55.0,1.4,2,12.1,1,0.384,0.663
OFF-0130,WATER,Executive Engineer,2024-06,35,16,45.7,1.2,2,5.8,0,0.432,0.663
OFF-0130,WATER,Executive Engineer,2024-07,38,21,55.3,1.5,3,10.5,1,0.516,0.663
OFF-0130,WATER,Executive Engineer,2024-08,31,18,58.1,1.7,1,6.2,1,0.486,0.663
OFF-0130,WATER,Executive Engineer,2024-09,24,14,58.3,2.5,1,5.5,0,0.476,0.663
OFF-0130,WATER,Executive Engineer,2024-10,17,9,52.9,0.8,1,9.2,1,0.26,0.663
OFF-0130,WATER,Executive Engineer,2024-11,24,14,58.3,1.7,2,9.7,0,0.448,0.663
OFF-0130,WATER,Executive Engineer,2024-12,17,10,58.8,1.5,0,5.1,1,0.348,0.663
OFF-0131,WATER,Assistant Engineer,2022-01,32,25,78.1,0.9,0,0.0,1,0.346,1.19
OFF-0131,WATER,Assistant Engineer,2022-02,35,34,97.1,0.5,0,0.0,0,0.309,1.19
OFF-0131,WATER,Assistant Engineer,2022-03,43,42,97.7,0.5,0,0.0,1,0.362,1.19
OFF-0131,WATER,Assistant Engineer,2022-04,31,26,83.9,0.5,0,0.0,3,0.282,1.19
OFF-0131,WATER,Assistant Engineer,2022-05,38,37,97.4,0.5,0,0.0,2,0.332,1.19
OFF-0131,WATER,Assistant Engineer,2022-06,59,45,76.3,0.5,0,0.0,0,0.468,1.19
OFF-0131,WATER,Assistant Engineer,2022-07,67,58,86.6,0.9,0,0.0,1,0.539,1.19
OFF-0131,WATER,Assistant Engineer,2022-08,62,59,95.2,0.8,0,0.0,0,0.527,1.19
OFF-0131,WATER,Assistant Engineer,2022-09,58,53,91.4,1.5,0,0.0,0,0.606,1.19
OFF-0131,WATER,Assistant Engineer,2022-10,34,26,76.5,0.6,0,0.0,0,0.324,1.19
OFF-0131,WATER,Assistant Engineer,2022-11,41,31,75.6,1.1,0,0.0,0,0.433,1.19
OFF-0131,WATER,Assistant Engineer,2022-12,33,32,97.0,0.7,0,0.0,0,0.319,1.19
OFF-0131,WATER,Assistant Engineer,2023-01,34,33,97.1,0.7,0,0.0,0,0.334,1.19
OFF-0131,WATER,Assistant Engineer,2023-02,43,39,90.7,1.9,0,0.0,3,0.572,1.19
OFF-0131,WATER,Assistant Engineer,2023-03,39,38,97.4,0.5,0,0.0,2,0.335,1.19
OFF-0131,WATER,Assistant Engineer,2023-04,32,31,96.9,1.1,0,0.0,1,0.374,1.19
OFF-0131,WATER,Assistant Engineer,2023-05,32,29,90.6,1.4,0,0.0,2,0.421,1.19
OFF-0131,WATER,Assistant Engineer,2023-06,72,59,81.9,0.5,0,0.0,1,0.475,1.19
OFF-0131,WATER,Assistant Engineer,2023-07,71,69,97.2,1.5,0,0.0,1,0.628,1.19
OFF-0131,WATER,Assistant Engineer,2023-08,58,46,79.3,1.1,0,0.0,1,0.55,1.19
OFF-0131,WATER,Assistant Engineer,2023-09,70,67,95.7,1.1,0,0.0,0,0.56,1.19
OFF-0131,WATER,Assistant Engineer,2023-10,37,34,91.9,0.9,0,0.0,1,0.389,1.19
OFF-0131,WATER,Assistant Engineer,2023-11,36,30,83.3,0.7,0,0.0,3,0.348,1.19
OFF-0131,WATER,Assistant Engineer,2023-12,34,33,97.1,0.9,0,0.0,2,0.365,1.19
OFF-0131,WATER,Assistant Engineer,2024-01,30,23,76.7,0.5,0,0.0,2,0.275,1.19
OFF-0131,WATER,Assistant Engineer,2024-02,33,32,97.0,0.5,0,0.0,0,0.295,1.19
OFF-0131,WATER,Assistant Engineer,2024-03,36,30,83.3,0.7,0,0.0,0,0.352,1.19
OFF-0131,WATER,Assistant Engineer,2024-04,40,34,85.0,2.1,0,0.0,1,0.567,1.19
OFF-0131,WATER,Assistant Engineer,2024-05,38,37,97.4,0.6,0,0.0,4,0.347,1.19
OFF-0131,WATER,Assistant Engineer,2024-06,42,36,85.7,0.5,0,0.0,2,0.355,1.19
OFF-0131,WATER,Assistant Engineer,2024-07,51,46,90.2,0.5,0,0.0,3,0.415,1.19
OFF-0131,WATER,Assistant Engineer,2024-08,46,44,95.7,0.5,0,0.0,1,0.382,1.19
OFF-0131,WATER,Assistant Engineer,2024-09,40,30,75.0,0.5,0,0.0,2,0.342,1.19
OFF-0131,WATER,Assistant Engineer,2024-10,42,32,76.2,0.5,0,0.0,0,0.355,1.19
OFF-0131,WATER,Assistant Engineer,2024-11,31,30,96.8,1.2,0,0.0,1,0.387,1.19
OFF-0131,WATER,Assistant Engineer,2024-12,30,29,96.7,1.9,0,0.0,0,0.478,1.19
OFF-0132,WATER,Assistant Engineer,2022-01,34,29,85.3,1.7,0,0.0,1,0.475,1.006
OFF-0132,WATER,Assistant Engineer,2022-02,35,25,71.4,0.8,0,0.0,4,0.353,1.006
OFF-0132,WATER,Assistant Engineer,2022-03,35,31,88.6,0.8,0,0.0,2,0.347,1.006
OFF-0132,WATER,Assistant Engineer,2022-04,38,27,71.1,0.5,0,0.0,1,0.328,1.006
OFF-0132,WATER,Assistant Engineer,2022-05,32,23,71.9,0.5,0,0.0,0,0.288,1.006
OFF-0132,WATER,Assistant Engineer,2022-06,41,34,82.9,1.3,0,0.0,4,0.466,1.006
OFF-0132,WATER,Assistant Engineer,2022-07,41,31,75.6,1.2,0,0.0,2,0.455,1.006
OFF-0132,WATER,Assistant Engineer,2022-08,42,32,76.2,1.5,0,0.0,0,0.507,1.006
OFF-0132,WATER,Assistant Engineer,2022-09,54,46,85.2,0.5,0,0.0,1,0.435,1.006
OFF-0132,WATER,Assistant Engineer,2022-10,43,34,79.1,0.9,0,0.0,0,0.424,1.006
OFF-0132,WATER,Assistant Engineer,2022-11,36,24,66.7,0.5,0,0.0,1,0.315,1.006
OFF-0132,WATER,Assistant Engineer,2022-12,30,23,76.7,0.5,0,0.0,2,0.275,1.006
OFF-0132,WATER,Assistant Engineer,2023-01,32,26,81.2,0.5,0,0.0,1,0.288,1.006
OFF-0132,WATER,Assistant Engineer,2023-02,33,29,87.9,1.0,0,0.0,0,0.369,1.006
OFF-0132,WATER,Assistant Engineer,2023-03,39,29,74.4,1.2,0,0.0,1,0.446,1.006
OFF-0132,WATER,Assistant Engineer,2023-04,38,28,73.7,1.4,0,0.0,1,0.468,1.006
OFF-0132,WATER,Assistant Engineer,2023-05,33,30,90.9,0.9,0,0.0,2,0.362,1.006
OFF-0132,WATER,Assistant Engineer,2023-06,50,42,84.0,2.0,0,0.0,2,0.627,1.006
OFF-0132,WATER,Assistant Engineer,2023-07,48,40,83.3,1.0,0,0.0,0,0.467,1.006
OFF-0132,WATER,Assistant Engineer,2023-08,45,35,77.8,0.9,0,0.0,1,0.434,1.006
OFF-0132,WATER,Assistant Engineer,2023-09,61,50,82.0,0.7,0,0.0,2,0.501,1.006
OFF-0132,WATER,Assistant Engineer,2023-10,43,28,65.1,1.1,0,0.0,1,0.45,1.006
OFF-0132,WATER,Assistant Engineer,2023-11,41,38,92.7,1.1,0,0.0,3,0.436,1.006
OFF-0132,WATER,Assistant Engineer,2023-12,40,29,72.5,0.8,0,0.0,0,0.39,1.006
OFF-0132,WATER,Assistant Engineer,2024-01,30,25,83.3,1.1,0,0.0,0,0.367,1.006
OFF-0132,WATER,Assistant Engineer,2024-02,38,33,86.8,1.5,0,0.0,1,0.48,1.006
OFF-0132,WATER,Assistant Engineer,2024-03,43,29,67.4,0.9,0,0.0,3,0.418,1.006
OFF-0132,WATER,Assistant Engineer,2024-04,35,22,62.9,1.0,0,0.0,0,0.376,1.006
OFF-0132,WATER,Assistant Engineer,2024-05,43,32,74.4,1.4,0,0.0,0,0.49,1.006
OFF-0132,WATER,Assistant Engineer,2024-06,52,42,80.8,1.7,0,0.0,0,0.595,1.006
OFF-0132,WATER,Assistant Engineer,2024-07,47,37,78.7,1.7,0,0.0,3,0.568,1.006
OFF-0132,WATER,Assistant Engineer,2024-08,64,57,89.1,1.8,0,0.0,4,0.673,1.006
OFF-0132,WATER,Assistant Engineer,2024-09,46,39,84.8,1.3,0,0.0,0,0.502,1.006
OFF-0132,WATER,Assistant Engineer,2024-10,44,31,70.5,1.3,0,0.0,1,0.496,1.006
OFF-0132,WATER,Assistant Engineer,2024-11,42,32,76.2,0.5,0,0.0,0,0.358,1.006
OFF-0132,WATER,Assistant Engineer,2024-12,42,40,95.2,1.4,0,0.0,1,0.483,1.006
OFF-0133,WATER,Executive Engineer,2022-01,38,27,71.1,0.8,0,0.5,1,0.369,0.952
OFF-0133,WATER,Executive Engineer,2022-02,31,21,67.7,1.6,0,0.7,2,0.447,0.952
OFF-0133,WATER,Executive Engineer,2022-03,29,23,79.3,1.5,0,1.3,2,0.419,0.952
OFF-0133,WATER,Executive Engineer,2022-04,35,23,65.7,1.1,0,0.7,0,0.4,0.952
OFF-0133,WATER,Executive Engineer,2022-05,37,23,62.2,0.7,0,0.9,0,0.352,0.952
OFF-0133,WATER,Executive Engineer,2022-06,66,57,86.4,1.4,0,1.4,0,0.609,0.952
OFF-0133,WATER,Executive Engineer,2022-07,68,44,64.7,1.7,0,1.4,0,0.654,0.952
OFF-0133,WATER,Executive Engineer,2022-08,52,37,71.2,0.5,0,1.8,0,0.427,0.952
OFF-0133,WATER,Executive Engineer,2022-09,37,26,70.3,0.8,0,0.8,0,0.363,0.952
OFF-0133,WATER,Executive Engineer,2022-10,27,18,66.7,0.7,0,1.8,3,0.291,0.952
OFF-0133,WATER,Executive Engineer,2022-11,34,28,82.4,1.0,0,1.4,1,0.387,0.952
OFF-0133,WATER,Executive Engineer,2022-12,29,23,79.3,1.6,0,1.7,0,0.434,0.952
OFF-0133,WATER,Executive Engineer,2023-01,29,22,75.9,1.0,0,1.5,1,0.354,0.952
OFF-0133,WATER,Executive Engineer,2023-02,39,26,66.7,1.6,0,1.6,3,0.512,0.952
OFF-0133,WATER,Executive Engineer,2023-03,38,26,68.4,0.9,0,1.7,0,0.389,0.952
OFF-0133,WATER,Executive Engineer,2023-04,28,18,64.3,0.9,0,1.2,1,0.328,0.952
OFF-0133,WATER,Executive Engineer,2023-05,37,27,73.0,0.5,0,1.3,4,0.325,0.952
OFF-0133,WATER,Executive Engineer,2023-06,53,43,81.1,0.8,0,1.7,1,0.476,0.952
OFF-0133,WATER,Executive Engineer,2023-07,48,43,89.6,1.6,0,1.9,0,0.561,0.952
OFF-0133,WATER,Executive Engineer,2023-08,53,46,86.8,1.1,0,0.8,0,0.526,0.952
OFF-0133,WATER,Executive Engineer,2023-09,40,24,60.0,1.1,0,1.1,3,0.43,0.952
OFF-0133,WATER,Executive Engineer,2023-10,37,31,83.8,0.5,0,1.5,4,0.326,0.952
OFF-0133,WATER,Executive Engineer,2023-11,36,23,63.9,0.7,0,1.4,0,0.349,0.952
OFF-0133,WATER,Executive Engineer,2023-12,30,22,73.3,1.6,0,1.9,1,0.452,0.952
OFF-0133,WATER,Executive Engineer,2024-01,38,33,86.8,1.0,0,1.1,3,0.411,0.952
OFF-0133,WATER,Executive Engineer,2024-02,26,17,65.4,1.1,0,1.6,1,0.345,0.952
OFF-0133,WATER,Executive Engineer,2024-03,33,24,72.7,1.7,0,0.7,2,0.472,0.952
OFF-0133,WATER,Executive Engineer,2024-04,29,25,86.2,0.6,0,1.6,1,0.286,0.952
OFF-0133,WATER,Executive Engineer,2024-05,35,23,65.7,0.8,0,1.6,3,0.357,0.952
OFF-0133,WATER,Executive Engineer,2024-06,53,42,79.2,1.0,0,1.5,2,0.502,0.952
OFF-0133,WATER,Executive Engineer,2024-07,55,37,67.3,1.1,0,1.5,1,0.541,0.952
OFF-0133,WATER,Executive Engineer,2024-08,45,33,73.3,1.0,0,1.8,1,0.459,0.952
OFF-0133,WATER,Executive Engineer,2024-09,49,41,83.7,0.7,0,1.9,1,0.445,0.952
OFF-0133,WATER,Executive Engineer,2024-10,31,20,64.5,1.7,0,1.7,2,0.464,0.952
OFF-0133,WATER,Executive Engineer,2024-11,35,28,80.0,0.5,0,1.2,0,0.315,0.952
OFF-0133,WATER,Executive Engineer,2024-12,33,23,69.7,1.0,0,0.8,1,0.371,0.952
OFF-0134,WATER,Field Officer,2022-01,28,17,60.7,0.8,2,7.7,1,0.333,0.783
OFF-0134,WATER,Field Officer,2022-02,23,16,69.6,1.1,1,6.5,2,0.337,0.783
OFF-0134,WATER,Field Officer,2022-03,31,16,51.6,0.8,1,5.0,0,0.344,0.783
OFF-0134,WATER,Field Officer,2022-04,29,16,55.2,1.5,1,6.3,2,0.441,0.783
OFF-0134,WATER,Field Officer,2022-05,29,19,65.5,1.4,1,4.4,3,0.42,0.783
OFF-0134,WATER,Field Officer,2022-06,38,24,63.2,2.1,0,2.5,4,0.561,0.783
OFF-0134,WATER,Field Officer,2022-07,40,25,62.5,2.0,3,8.2,4,0.585,0.783
OFF-0134,WATER,Field Officer,2022-08,43,30,69.8,0.5,2,5.7,0,0.385,0.783
OFF-0134,WATER,Field Officer,2022-09,36,21,58.3,1.0,1,5.4,0,0.405,0.783
OFF-0134,WATER,Field Officer,2022-10,30,15,50.0,0.9,2,8.0,1,0.352,0.783
OFF-0134,WATER,Field Officer,2022-11,22,13,59.1,1.6,1,6.3,1,0.4,0.783
OFF-0134,WATER,Field Officer,2022-12,31,15,48.4,1.1,2,6.7,0,0.388,0.783
OFF-0134,WATER,Field Officer,2023-01,29,20,69.0,1.5,1,6.4,0,0.434,0.783
OFF-0134,WATER,Field Officer,2023-02,22,14,63.6,2.1,1,5.7,1,0.464,0.783
OFF-0134,WATER,Field Officer,2023-03,31,16,51.6,2.1,1,5.7,0,0.524,0.783
OFF-0134,WATER,Field Officer,2023-04,30,20,66.7,1.0,1,3.8,2,0.361,0.783
OFF-0134,WATER,Field Officer,2023-05,23,14,60.9,1.0,1,6.5,0,0.32,0.783
OFF-0134,WATER,Field Officer,2023-06,37,24,64.9,1.5,1,5.3,2,0.495,0.783
OFF-0134,WATER,Field Officer,2023-07,42,29,69.0,1.7,3,7.8,3,0.565,0.783
OFF-0134,WATER,Field Officer,2023-08,54,36,66.7,0.5,4,7.7,1,0.458,0.783
OFF-0134,WATER,Field Officer,2023-09,33,19,57.6,1.5,2,7.7,2,0.47,0.783
OFF-0134,WATER,Field Officer,2023-10,24,15,62.5,1.6,1,6.3,2,0.416,0.783
OFF-0134,WATER,Field Officer,2023-11,28,18,64.3,1.1,1,5.3,1,0.361,0.783
OFF-0134,WATER,Field Officer,2023-12,22,14,63.6,1.5,1,6.3,1,0.386,0.783
OFF-0134,WATER,Field Officer,2024-01,24,13,54.2,1.1,1,7.5,0,0.343,0.783
OFF-0134,WATER,Field Officer,2024-02,25,16,64.0,2.0,1,5.8,1,0.484,0.783
OFF-0134,WATER,Field Officer,2024-03,22,13,59.1,2.0,1,6.1,1,0.465,0.783
OFF-0134,WATER,Field Officer,2024-04,31,22,71.0,2.0,2,8.6,3,0.532,0.783
OFF-0134,WATER,Field Officer,2024-05,22,12,54.5,1.4,1,5.8,1,0.376,0.783
OFF-0134,WATER,Field Officer,2024-06,40,21,52.5,1.9,2,5.3,2,0.56,0.783
OFF-0134,WATER,Field Officer,2024-07,29,19,65.5,0.8,2,7.9,2,0.343,0.783
OFF-0134,WATER,Field Officer,2024-08,39,28,71.8,1.2,2,7.4,1,0.469,0.783
OFF-0134,WATER,Field Officer,2024-09,39,24,61.5,0.9,2,5.6,1,0.411,0.783
OFF-0134,WATER,Field Officer,2024-10,22,14,63.6,0.5,0,2.3,0,0.229,0.783
OFF-0134,WATER,Field Officer,2024-11,21,15,71.4,1.0,0,2.5,2,0.298,0.783
OFF-0134,WATER,Field Officer,2024-12,27,15,55.6,1.9,1,6.4,4,0.486,0.783
OFF-0135,WATER,Coordinator,2022-01,17,16,94.1,0.8,0,0.0,1,0.238,1.031
OFF-0135,WATER,Coordinator,2022-02,15,11,73.3,1.5,0,0.0,1,0.327,1.031
OFF-0135,WATER,Coordinator,2022-03,15,12,80.0,1.8,0,0.0,0,0.366,1.031
OFF-0135,WATER,Coordinator,2022-04,13,12,92.3,1.4,0,0.0,2,0.292,1.031
OFF-0135,WATER,Coordinator,2022-05,12,10,83.3,1.2,0,0.0,1,0.263,1.031
OFF-0135,WATER,Coordinator,2022-06,20,17,85.0,1.0,0,0.0,0,0.286,1.031
OFF-0135,WATER,Coordinator,2022-07,25,18,72.0,1.2,0,0.0,2,0.347,1.031
OFF-0135,WATER,Coordinator,2022-08,19,18,94.7,1.9,0,0.0,2,0.411,1.031
OFF-0135,WATER,Coordinator,2022-09,22,21,95.5,1.3,0,0.0,3,0.346,1.031
OFF-0135,WATER,Coordinator,2022-10,13,8,61.5,1.8,0,0.0,2,0.357,1.031
OFF-0135,WATER,Coordinator,2022-11,12,8,66.7,1.6,0,0.0,0,0.322,1.031
OFF-0135,WATER,Coordinator,2022-12,14,12,85.7,0.6,0,0.0,1,0.182,1.031
OFF-0135,WATER,Coordinator,2023-01,13,10,76.9,1.4,0,0.0,1,0.294,1.031
OFF-0135,WATER,Coordinator,2023-02,14,11,78.6,0.8,0,0.0,2,0.217,1.031
OFF-0135,WATER,Coordinator,2023-03,17,15,88.2,0.8,0,0.0,2,0.232,1.031
OFF-0135,WATER,Coordinator,2023-04,17,14,82.4,0.5,0,0.0,2,0.188,1.031
OFF-0135,WATER,Coordinator,2023-05,14,11,78.6,1.9,0,0.0,1,0.384,1.031
OFF-0135,WATER,Coordinator,2023-06,26,17,65.4,0.8,0,0.0,0,0.287,1.031
OFF-0135,WATER,Coordinator,2023-07,21,14,66.7,1.0,0,0.0,3,0.296,1.031
OFF-0135,WATER,Coordinator,2023-08,23,21,91.3,0.6,0,0.0,0,0.247,1.031
OFF-0135,WATER,Coordinator,2023-09,20,16,80.0,1.0,0,0.0,4,0.283,1.031
OFF-0135,WATER,Coordinator,2023-10,15,13,86.7,0.8,0,0.0,0,0.222,1.031
OFF-0135,WATER,Coordinator,2023-11,13,10,76.9,1.1,0,0.0,2,0.257,1.031
OFF-0135,WATER,Coordinator,2023-12,13,9,69.2,1.0,0,0.0,0,0.24,1.031
OFF-0135,WATER,Coordinator,2024-01,15,10,66.7,1.1,0,0.0,3,0.272,1.031
OFF-0135,WATER,Coordinator,2024-02,12,11,91.7,0.7,0,0.0,2,0.179,1.031
OFF-0135,WATER,Coordinator,2024-03,17,13,76.5,1.3,0,0.0,1,0.301,1.031
OFF-0135,WATER,Coordinator,2024-04,15,11,73.3,1.2,0,0.0,1,0.277,1.031
OFF-0135,WATER,Coordinator,2024-05,13,10,76.9,1.0,0,0.0,3,0.232,1.031
OFF-0135,WATER,Coordinator,2024-06,31,30,96.8,1.8,0,0.0,0,0.471,1.031
OFF-0135,WATER,Coordinator,2024-07,24,21,87.5,1.4,0,0.0,0,0.368,1.031
OFF-0135,WATER,Coordinator,2024-08,19,18,94.7,2.1,0,0.0,2,0.427,1.031
OFF-0135,WATER,Coordinator,2024-09,25,22,88.0,1.1,0,0.0,0,0.334,1.031
OFF-0135,WATER,Coordinator,2024-10,15,11,73.3,0.6,0,0.0,2,0.192,1.031
OFF-0135,WATER,Coordinator,2024-11,15,13,86.7,0.5,0,0.0,1,0.175,1.031
OFF-0135,WATER,Coordinator,2024-12,15,11,73.3,1.5,0,0.0,4,0.328,1.031
OFF-0136,WATER,Field Officer,2022-01,20,14,70.0,0.7,0,0.6,1,0.244,0.94
OFF-0136,WATER,Field Officer,2022-02,20,13,65.0,0.5,0,0.7,0,0.211,0.94
OFF-0136,WATER,Field Officer,2022-03,18,15,83.3,1.0,0,0.8,2,0.278,0.94
OFF-0136,WATER,Field Officer,2022-04,25,16,64.0,0.5,0,1.2,2,0.246,0.94
OFF-0136,WATER,Field Officer,2022-05,25,21,84.0,1.0,0,2.0,1,0.327,0.94
OFF-0136,WATER,Field Officer,2022-06,33,22,66.7,1.2,0,1.3,2,0.407,0.94
OFF-0136,WATER,Field Officer,2022-07,41,32,78.0,1.3,0,2.0,0,0.477,0.94
OFF-0136,WATER,Field Officer,2022-08,32,24,75.0,0.5,0,2.0,1,0.294,0.94
OFF-0136,WATER,Field Officer,2022-09,24,20,83.3,0.9,0,1.5,2,0.3,0.94
OFF-0136,WATER,Field Officer,2022-10,25,16,64.0,1.4,0,0.8,1,0.378,0.94
OFF-0136,WATER,Field Officer,2022-11,20,13,65.0,1.2,0,1.9,1,0.313,0.94
OFF-0136,WATER,Field Officer,2022-12,22,17,77.3,1.2,0,1.7,4,0.328,0.94
OFF-0136,WATER,Field Officer,2023-01,25,21,84.0,0.8,0,1.2,0,0.292,0.94
OFF-0136,WATER,Field Officer,2023-02,24,16,66.7,1.1,0,2.3,3,0.331,0.94
OFF-0136,WATER,Field Officer,2023-03,18,11,61.1,1.1,0,1.5,1,0.293,0.94
OFF-0136,WATER,Field Officer,2023-04,25,21,84.0,1.0,0,2.2,3,0.328,0.94
OFF-0136,WATER,Field Officer,2023-05,21,15,71.4,1.1,0,1.4,0,0.315,0.94
OFF-0136,WATER,Field Officer,2023-06,30,26,86.7,0.8,0,2.0,2,0.32,0.94
OFF-0136,WATER,Field Officer,2023-07,34,21,61.8,1.7,0,1.1,0,0.492,0.94
OFF-0136,WATER,Field Officer,2023-08,28,20,71.4,1.6,0,1.2,2,0.437,0.94
OFF-0136,WATER,Field Officer,2023-09,28,18,64.3,1.1,0,1.0,2,0.353,0.94
OFF-0136,WATER,Field Officer,2023-10,18,14,77.8,0.8,0,1.9,1,0.253,0.94
OFF-0136,WATER,Field Officer,2023-11,19,13,68.4,0.7,0,1.9,2,0.236,0.94
OFF-0136,WATER,Field Officer,2023-12,26,17,65.4,1.1,0,1.6,1,0.345,0.94
OFF-0136,WATER,Field Officer,2024-01,17,12,70.6,0.9,0,0.8,0,0.258,0.94
OFF-0136,WATER,Field Officer,2024-02,17,11,64.7,0.8,0,1.5,0,0.244,0.94
OFF-0136,WATER,Field Officer,2024-03,26,17,65.4,0.8,0,2.2,1,0.306,0.94
OFF-0136,WATER,Field Officer,2024-04,23,17,73.9,1.6,0,0.7,2,0.399,0.94
OFF-0136,WATER,Field Officer,2024-05,22,16,72.7,1.4,0,0.7,1,0.356,0.94
OFF-0136,WATER,Field Officer,2024-06,28,18,64.3,1.2,0,2.3,1,0.376,0.94
OFF-0136,WATER,Field Officer,2024-07,36,23,63.9,0.7,0,1.6,1,0.356,0.94
OFF-0136,WATER,Field Officer,2024-08,40,33,82.5,1.4,0,2.0,1,0.479,0.94
OFF-0136,WATER,Field Officer,2024-09,39,31,79.5,1.2,0,2.3,3,0.453,0.94
OFF-0136,WATER,Field Officer,2024-10,21,13,61.9,1.1,0,2.3,0,0.305,0.94
OFF-0136,WATER,Field Officer,2024-11,24,16,66.7,2.2,0,1.8,1,0.465,0.94
OFF-0136,WATER,Field Officer,2024-12,19,15,78.9,1.8,0,2.2,4,0.398,0.94
OFF-0137,WATER,Executive Engineer,2022-01,44,33,75.0,0.9,0,1.1,0,0.432,0.923
OFF-0137,WATER,Executive Engineer,2022-02,46,39,84.8,1.6,1,2.3,0,0.55,0.923
OFF-0137,WATER,Executive Engineer,2022-03,36,29,80.6,1.1,0,2.3,1,0.407,0.923
OFF-0137,WATER,Executive Engineer,2022-04,52,35,67.3,1.7,1,2.1,1,0.602,0.923
OFF-0137,WATER,Executive Engineer,2022-05,51,33,64.7,0.5,0,0.9,1,0.418,0.923
OFF-0137,WATER,Executive Engineer,2022-06,68,43,63.2,0.8,1,2.5,1,0.525,0.923
OFF-0137,WATER,Executive Engineer,2022-07,79,60,75.9,1.4,2,2.8,0,0.62,0.923
OFF-0137,WATER,Executive Engineer,2022-08,59,50,84.7,1.0,0,1.6,0,0.546,0.923
OFF-0137,WATER,Executive Engineer,2022-09,66,52,78.8,0.5,1,2.1,1,0.481,0.923
OFF-0137,WATER,Executive Engineer,2022-10,37,29,78.4,1.2,0,2.0,1,0.431,0.923
OFF-0137,WATER,Executive Engineer,2022-11,52,45,86.5,1.2,0,1.6,3,0.533,0.923
OFF-0137,WATER,Executive Engineer,2022-12,43,33,76.7,0.5,0,0.9,0,0.364,0.923
OFF-0137,WATER,Executive Engineer,2023-01,50,42,84.0,1.1,0,1.7,1,0.499,0.923
OFF-0137,WATER,Executive Engineer,2023-02,50,34,68.0,0.5,0,1.3,0,0.412,0.923
OFF-0137,WATER,Executive Engineer,2023-03,51,41,80.4,1.4,1,2.5,0,0.552,0.923
OFF-0137,WATER,Executive Engineer,2023-04,43,32,74.4,0.9,1,2.7,3,0.434,0.923
OFF-0137,WATER,Executive Engineer,2023-05,40,28,70.0,0.8,0,1.0,2,0.392,0.923
OFF-0137,WATER,Executive Engineer,2023-06,66,48,72.7,1.7,0,1.3,1,0.661,0.923
OFF-0137,WATER,Executive Engineer,2023-07,79,66,83.5,1.4,1,1.9,3,0.612,0.923
OFF-0137,WATER,Executive Engineer,2023-08,64,51,79.7,1.3,1,2.8,2,0.608,0.923
OFF-0137,WATER,Executive Engineer,2023-09,67,43,64.2,1.6,1,2.0,4,0.65,0.923
OFF-0137,WATER,Executive Engineer,2023-10,48,34,70.8,1.7,0,1.4,1,0.576,0.923
OFF-0137,WATER,Executive Engineer,2023-11,47,40,85.1,1.6,0,0.9,1,0.554,0.923
OFF-0137,WATER,Executive Engineer,2023-12,44,35,79.5,1.4,0,0.8,0,0.501,0.923
OFF-0137,WATER,Executive Engineer,2024-01,36,31,86.1,1.7,1,3.1,1,0.5,0.923
OFF-0137,WATER,Executive Engineer,2024-02,38,23,60.5,1.1,1,3.1,1,0.432,0.923
OFF-0137,WATER,Executive Engineer,2024-03,40,33,82.5,1.4,0,0.8,0,0.477,0.923
OFF-0137,WATER,Executive Engineer,2024-04,39,26,66.7,1.0,1,3.0,0,0.417,0.923
OFF-0137,WATER,Executive Engineer,2024-05,38,32,84.2,0.5,0,2.3,0,0.335,0.923
OFF-0137,WATER,Executive Engineer,2024-06,69,57,82.6,1.7,0,1.0,0,0.663,0.923
OFF-0137,WATER,Executive Engineer,2024-07,76,62,81.6,0.9,2,2.8,1,0.537,0.923
OFF-0137,WATER,Executive Engineer,2024-08,71,45,63.4,0.5,0,0.8,2,0.478,0.923
OFF-0137,WATER,Executive Engineer,2024-09,55,36,65.5,1.0,0,0.8,2,0.521,0.923
OFF-0137,WATER,Executive Engineer,2024-10,53,44,83.0,1.9,0,1.1,3,0.637,0.923
OFF-0137,WATER,Executive Engineer,2024-11,49,41,83.7,1.1,1,2.5,2,0.505,0.923
OFF-0137,WATER,Executive Engineer,2024-12,36,26,72.2,1.4,0,0.8,2,0.45,0.923
OFF-0138,ELEC,Junior Engineer,2022-01,35,32,91.4,0.5,0,0.6,0,0.385,0.973
OFF-0138,ELEC,Junior Engineer,2022-02,34,25,73.5,1.0,0,0.4,1,0.524,0.973
OFF-0138,ELEC,Junior Engineer,2022-03,35,23,65.7,0.6,0,1.0,1,0.406,0.973
OFF-0138,ELEC,Junior Engineer,2022-04,37,23,62.2,0.7,0,0.7,2,0.473,0.973
OFF-0138,ELEC,Junior Engineer,2022-05,32,24,75.0,1.0,0,0.7,0,0.505,0.973
OFF-0138,ELEC,Junior Engineer,2022-06,45,34,75.6,0.5,0,0.4,4,0.451,0.973
OFF-0138,ELEC,Junior Engineer,2022-07,54,49,90.7,0.6,0,0.6,0,0.545,0.973
OFF-0138,ELEC,Junior Engineer,2022-08,59,44,74.6,0.7,0,0.9,1,0.608,0.973
OFF-0138,ELEC,Junior Engineer,2022-09,45,36,80.0,0.8,0,0.4,0,0.541,0.973
OFF-0138,ELEC,Junior Engineer,2022-10,30,27,90.0,0.5,0,0.7,1,0.363,0.973
OFF-0138,ELEC,Junior Engineer,2022-11,26,22,84.6,0.7,0,0.4,0,0.37,0.973
OFF-0138,ELEC,Junior Engineer,2022-12,30,25,83.3,0.5,0,0.9,1,0.353,0.973
OFF-0138,ELEC,Junior Engineer,2023-01,26,22,84.6,0.6,0,1.1,0,0.368,0.973
OFF-0138,ELEC,Junior Engineer,2023-02,27,20,74.1,0.8,0,0.6,2,0.408,0.973
OFF-0138,ELEC,Junior Engineer,2023-03,37,26,70.3,0.5,0,0.7,1,0.399,0.973
OFF-0138,ELEC,Junior Engineer,2023-04,35,22,62.9,0.9,0,0.8,1,0.51,0.973
OFF-0138,ELEC,Junior Engineer,2023-05,35,28,80.0,0.5,0,0.7,1,0.385,0.973
OFF-0138,ELEC,Junior Engineer,2023-06,55,40,72.7,0.5,0,1.0,3,0.52,0.973
OFF-0138,ELEC,Junior Engineer,2023-07,67,44,65.7,0.5,0,0.3,2,0.551,0.973
OFF-0138,ELEC,Junior Engineer,2023-08,52,36,69.2,1.0,0,0.5,0,0.648,0.973
OFF-0138,ELEC,Junior Engineer,2023-09,56,38,67.9,0.5,0,0.4,3,0.524,0.973
OFF-0138,ELEC,Junior Engineer,2023-10,28,22,78.6,0.5,0,0.9,0,0.34,0.973
OFF-0138,ELEC,Junior Engineer,2023-11,29,21,72.4,0.5,0,0.4,2,0.344,0.973
OFF-0138,ELEC,Junior Engineer,2023-12,31,28,90.3,0.5,0,0.9,2,0.359,0.973
OFF-0138,ELEC,Junior Engineer,2024-01,26,23,88.5,0.6,0,0.8,1,0.346,0.973
OFF-0138,ELEC,Junior Engineer,2024-02,31,19,61.3,0.8,0,1.0,0,0.443,0.973
OFF-0138,ELEC,Junior Engineer,2024-03,36,25,69.4,0.5,0,1.0,2,0.393,0.973
OFF-0138,ELEC,Junior Engineer,2024-04,35,24,68.6,0.5,0,1.1,0,0.387,0.973
OFF-0138,ELEC,Junior Engineer,2024-05,26,21,80.8,0.7,0,0.5,0,0.387,0.973
OFF-0138,ELEC,Junior Engineer,2024-06,48,37,77.1,0.7,0,0.3,0,0.525,0.973
OFF-0138,ELEC,Junior Engineer,2024-07,44,29,65.9,0.7,0,0.4,1,0.506,0.973
OFF-0138,ELEC,Junior Engineer,2024-08,49,41,83.7,0.6,0,0.9,1,0.497,0.973
OFF-0138,ELEC,Junior Engineer,2024-09,57,38,66.7,0.5,0,1.0,1,0.533,0.973
OFF-0138,ELEC,Junior Engineer,2024-10,37,32,86.5,0.5,0,0.4,0,0.398,0.973
OFF-0138,ELEC,Junior Engineer,2024-11,28,20,71.4,0.6,0,1.0,0,0.384,0.973
OFF-0138,ELEC,Junior Engineer,2024-12,33,28,84.8,0.8,0,0.8,0,0.448,0.973
OFF-0139,ELEC,Junior Engineer,2022-01,46,32,69.6,0.5,1,4.3,0,0.47,0.889
OFF-0139,ELEC,Junior Engineer,2022-02,40,30,75.0,0.5,1,3.1,1,0.426,0.889
OFF-0139,ELEC,Junior Engineer,2022-03,52,42,80.8,0.6,1,2.4,2,0.537,0.889
OFF-0139,ELEC,Junior Engineer,2022-04,37,21,56.8,0.5,0,1.6,2,0.401,0.889
OFF-0139,ELEC,Junior Engineer,2022-05,41,30,73.2,0.5,0,2.4,2,0.43,0.889
OFF-0139,ELEC,Junior Engineer,2022-06,86,52,60.5,0.5,2,3.3,0,0.566,0.889
OFF-0139,ELEC,Junior Engineer,2022-07,53,39,73.6,0.8,0,1.4,0,0.587,0.889
OFF-0139,ELEC,Junior Engineer,2022-08,63,52,82.5,0.7,0,1.4,1,0.612,0.889
OFF-0139,ELEC,Junior Engineer,2022-09,64,51,79.7,0.7,1,2.6,1,0.616,0.889
OFF-0139,ELEC,Junior Engineer,2022-10,44,25,56.8,0.5,1,3.9,4,0.455,0.889
OFF-0139,ELEC,Junior Engineer,2022-11,36,23,63.9,0.5,1,3.5,1,0.4,0.889
OFF-0139,ELEC,Junior Engineer,2022-12,43,25,58.1,0.6,1,4.0,2,0.478,0.889
OFF-0139,ELEC,Junior Engineer,2023-01,45,37,82.2,1.0,0,1.3,2,0.597,0.889
OFF-0139,ELEC,Junior Engineer,2023-02,52,42,80.8,0.5,1,2.2,0,0.503,0.889
OFF-0139,ELEC,Junior Engineer,2023-03,36,23,63.9,1.0,0,1.4,0,0.54,0.889
OFF-0139,ELEC,Junior Engineer,2023-04,37,26,70.3,1.3,1,3.0,2,0.556,0.889
OFF-0139,ELEC,Junior Engineer,2023-05,35,25,71.4,0.6,0,1.4,3,0.431,0.889
OFF-0139,ELEC,Junior Engineer,2023-06,56,43,76.8,0.5,2,4.1,0,0.543,0.889
OFF-0139,ELEC,Junior Engineer,2023-07,70,56,80.0,0.5,0,1.3,4,0.554,0.889
OFF-0139,ELEC,Junior Engineer,2023-08,69,48,69.6,0.5,2,3.8,1,0.57,0.889
OFF-0139,ELEC,Junior Engineer,2023-09,87,51,58.6,1.2,2,2.6,1,0.708,0.889
OFF-0139,ELEC,Junior Engineer,2023-10,38,25,65.8,0.5,1,3.6,1,0.414,0.889
OFF-0139,ELEC,Junior Engineer,2023-11,40,23,57.5,0.5,0,1.7,1,0.422,0.889
OFF-0139,ELEC,Junior Engineer,2023-12,50,39,78.0,0.7,2,4.1,2,0.553,0.889
OFF-0139,ELEC,Junior Engineer,2024-01,48,31,64.6,0.8,1,3.3,3,0.568,0.889
OFF-0139,ELEC,Junior Engineer,2024-02,51,39,76.5,0.5,1,2.7,1,0.498,0.889
OFF-0139,ELEC,Junior Engineer,2024-03,38,22,57.9,0.5,0,2.1,0,0.41,0.889
OFF-0139,ELEC,Junior Engineer,2024-04,42,30,71.4,0.5,0,2.2,0,0.437,0.889
OFF-0139,ELEC,Junior Engineer,2024-05,49,29,59.2,0.7,1,2.7,0,0.543,0.889
OFF-0139,ELEC,Junior Engineer,2024-06,64,48,75.0,0.5,2,3.3,0,0.569,0.889
OFF-0139,ELEC,Junior Engineer,2024-07,54,37,68.5,0.6,1,3.3,2,0.536,0.889
OFF-0139,ELEC,Junior Engineer,2024-08,63,43,68.3,0.5,1,2.9,0,0.559,0.889
OFF-0139,ELEC,Junior Engineer,2024-09,54,32,59.3,0.5,2,4.0,2,0.522,0.889
OFF-0139,ELEC,Junior Engineer,2024-10,50,31,62.0,0.5,1,2.9,1,0.492,0.889
OFF-0139,ELEC,Junior Engineer,2024-11,46,35,76.1,0.7,1,4.3,2,0.543,0.889
OFF-0139,ELEC,Junior Engineer,2024-12,40,32,80.0,0.8,1,2.9,1,0.523,0.889
OFF-0140,ELEC,Junior Engineer,2022-01,44,38,86.4,0.5,0,0.0,2,0.443,1.082
OFF-0140,ELEC,Junior Engineer,2022-02,42,36,85.7,0.5,0,0.0,1,0.43,1.082
OFF-0140,ELEC,Junior Engineer,2022-03,34,25,73.5,0.6,0,0.0,0,0.408,1.082
OFF-0140,ELEC,Junior Engineer,2022-04,41,40,97.6,0.5,0,0.0,0,0.423,1.082
OFF-0140,ELEC,Junior Engineer,2022-05,48,41,85.4,0.5,0,0.0,3,0.47,1.082
OFF-0140,ELEC,Junior Engineer,2022-06,67,50,74.6,0.8,0,0.0,2,0.644,1.082
OFF-0140,ELEC,Junior Engineer,2022-07,61,46,75.4,0.5,0,0.0,2,0.55,1.082
OFF-0140,ELEC,Junior Engineer,2022-08,83,81,97.6,0.5,0,0.0,1,0.55,1.082
OFF-0140,ELEC,Junior Engineer,2022-09,66,60,90.9,0.5,0,0.0,2,0.55,1.082
OFF-0140,ELEC,Junior Engineer,2022-10,37,36,97.3,0.5,0,0.0,3,0.397,1.082
OFF-0140,ELEC,Junior Engineer,2022-11,42,41,97.6,0.5,0,0.0,0,0.43,1.082
OFF-0140,ELEC,Junior Engineer,2022-12,35,29,82.9,0.5,0,0.0,0,0.383,1.082
OFF-0140,ELEC,Junior Engineer,2023-01,33,24,72.7,0.7,0,0.0,2,0.422,1.082
OFF-0140,ELEC,Junior Engineer,2023-02,34,30,88.2,0.7,0,0.0,1,0.443,1.082
OFF-0140,ELEC,Junior Engineer,2023-03,33,30,90.9,0.8,0,0.0,1,0.468,1.082
OFF-0140,ELEC,Junior Engineer,2023-04,45,40,88.9,0.5,0,0.0,2,0.45,1.082
OFF-0140,ELEC,Junior Engineer,2023-05,50,47,94.0,0.5,0,0.0,3,0.483,1.082
OFF-0140,ELEC,Junior Engineer,2023-06,63,58,92.1,0.5,0,0.0,2,0.55,1.082
OFF-0140,ELEC,Junior Engineer,2023-07,45,33,73.3,0.5,0,0.0,2,0.45,1.082
OFF-0140,ELEC,Junior Engineer,2023-08,55,43,78.2,0.5,0,0.0,2,0.517,1.082
OFF-0140,ELEC,Junior Engineer,2023-09,86,72,83.7,0.5,0,0.0,3,0.55,1.082
OFF-0140,ELEC,Junior Engineer,2023-10,50,44,88.0,0.5,0,0.0,1,0.483,1.082
OFF-0140,ELEC,Junior Engineer,2023-11,40,34,85.0,0.5,0,0.0,1,0.417,1.082
OFF-0140,ELEC,Junior Engineer,2023-12,35,33,94.3,0.5,0,0.0,3,0.396,1.082
OFF-0140,ELEC,Junior Engineer,2024-01,42,40,95.2,0.5,0,0.0,0,0.43,1.082
OFF-0140,ELEC,Junior Engineer,2024-02,38,27,71.1,0.5,0,0.0,2,0.403,1.082
OFF-0140,ELEC,Junior Engineer,2024-03,35,32,91.4,0.5,0,0.0,2,0.389,1.082
OFF-0140,ELEC,Junior Engineer,2024-04,49,43,87.8,0.5,0,0.0,1,0.477,1.082
OFF-0140,ELEC,Junior Engineer,2024-05,46,43,93.5,0.5,0,0.0,1,0.457,1.082
OFF-0140,ELEC,Junior Engineer,2024-06,84,76,90.5,0.9,0,0.0,1,0.668,1.082
OFF-0140,ELEC,Junior Engineer,2024-07,51,49,96.1,0.5,0,0.0,0,0.49,1.082
OFF-0140,ELEC,Junior Engineer,2024-08,46,44,95.7,0.5,0,0.0,1,0.457,1.082
OFF-0140,ELEC,Junior Engineer,2024-09,73,67,91.8,0.5,0,0.0,0,0.55,1.082
OFF-0140,ELEC,Junior Engineer,2024-10,40,35,87.5,0.5,0,0.0,0,0.417,1.082
OFF-0140,ELEC,Junior Engineer,2024-11,40,39,97.5,0.5,0,0.0,0,0.417,1.082
OFF-0140,ELEC,Junior Engineer,2024-12,42,30,71.4,0.5,0,0.0,2,0.43,1.082
OFF-0141,ELEC,Junior Engineer,2022-01,34,33,97.1,0.6,0,0.0,0,0.394,1.115
OFF-0141,ELEC,Junior Engineer,2022-02,36,30,83.3,0.5,0,0.0,3,0.39,1.115
OFF-0141,ELEC,Junior Engineer,2022-03,36,35,97.2,0.5,0,0.0,1,0.39,1.115
OFF-0141,ELEC,Junior Engineer,2022-04,35,27,77.1,0.5,0,0.0,3,0.383,1.115
OFF-0141,ELEC,Junior Engineer,2022-05,34,29,85.3,0.5,0,0.0,1,0.377,1.115
OFF-0141,ELEC,Junior Engineer,2022-06,61,56,91.8,0.5,0,0.0,1,0.55,1.115
OFF-0141,ELEC,Junior Engineer,2022-07,60,44,73.3,0.5,0,0.0,1,0.55,1.115
OFF-0141,ELEC,Junior Engineer,2022-08,52,50,96.2,0.5,0,0.0,0,0.497,1.115
OFF-0141,ELEC,Junior Engineer,2022-09,65,48,73.8,0.5,0,0.0,0,0.55,1.115
OFF-0141,ELEC,Junior Engineer,2022-10,47,46,97.9,0.5,0,0.0,4,0.475,1.115
OFF-0141,ELEC,Junior Engineer,2022-11,33,24,72.7,0.6,0,0.0,2,0.388,1.115
OFF-0141,ELEC,Junior Engineer,2022-12,34,29,85.3,0.7,0,0.0,0,0.449,1.115
OFF-0141,ELEC,Junior Engineer,2023-01,40,38,95.0,0.5,0,0.0,0,0.417,1.115
OFF-0141,ELEC,Junior Engineer,2023-02,49,42,85.7,0.5,0,0.0,1,0.477,1.115
OFF-0141,ELEC,Junior Engineer,2023-03,40,29,72.5,0.6,0,0.0,0,0.438,1.115
OFF-0141,ELEC,Junior Engineer,2023-04,44,43,97.7,0.5,0,0.0,0,0.443,1.115
OFF-0141,ELEC,Junior Engineer,2023-05,42,39,92.9,0.5,0,0.0,1,0.43,1.115
OFF-0141,ELEC,Junior Engineer,2023-06,62,48,77.4,0.5,0,0.0,4,0.55,1.115
OFF-0141,ELEC,Junior Engineer,2023-07,56,41,73.2,0.5,0,0.0,3,0.523,1.115
OFF-0141,ELEC,Junior Engineer,2023-08,56,54,96.4,0.5,0,0.0,1,0.523,1.115
OFF-0141,ELEC,Junior Engineer,2023-09,51,43,84.3,0.5,0,0.0,0,0.49,1.115
OFF-0141,ELEC,Junior Engineer,2023-10,34,33,97.1,0.5,0,0.0,2,0.377,1.115
OFF-0141,ELEC,Junior Engineer,2023-11,45,44,97.8,0.9,0,0.0,3,0.564,1.115
OFF-0141,ELEC,Junior Engineer,2023-12,41,40,97.6,0.7,0,0.0,1,0.476,1.115
OFF-0141,ELEC,Junior Engineer,2024-01,46,35,76.1,0.9,0,0.0,0,0.569,1.115
OFF-0141,ELEC,Junior Engineer,2024-02,42,35,83.3,0.5,0,0.0,0,0.43,1.115
OFF-0141,ELEC,Junior Engineer,2024-03,33,32,97.0,0.5,0,0.0,0,0.37,1.115
OFF-0141,ELEC,Junior Engineer,2024-04,47,41,87.2,0.6,0,0.0,3,0.491,1.115
OFF-0141,ELEC,Junior Engineer,2024-05,45,40,88.9,0.6,0,0.0,4,0.479,1.115
OFF-0141,ELEC,Junior Engineer,2024-06,75,69,92.0,0.6,0,0.0,2,0.583,1.115
OFF-0141,ELEC,Junior Engineer,2024-07,59,52,88.1,0.6,0,0.0,0,0.572,1.115
OFF-0141,ELEC,Junior Engineer,2024-08,59,48,81.4,0.5,0,0.0,2,0.543,1.115
OFF-0141,ELEC,Junior Engineer,2024-09,57,47,82.5,0.6,0,0.0,1,0.551,1.115
OFF-0141,ELEC,Junior Engineer,2024-10,48,42,87.5,1.0,0,0.0,1,0.62,1.115
OFF-0141,ELEC,Junior Engineer,2024-11,33,32,97.0,0.6,0,0.0,0,0.395,1.115
OFF-0141,ELEC,Junior Engineer,2024-12,35,31,88.6,0.6,0,0.0,0,0.402,1.115
OFF-0142,ELEC,Electrical Engineer,2022-01,42,31,73.8,0.5,2,5.5,0,0.447,0.805
OFF-0142,ELEC,Electrical Engineer,2022-02,47,28,59.6,0.5,3,7.2,4,0.485,0.805
OFF-0142,ELEC,Electrical Engineer,2022-03,37,27,73.0,0.7,1,3.9,3,0.462,0.805
OFF-0142,ELEC,Electrical Engineer,2022-04,45,33,73.3,0.9,0,2.0,2,0.572,0.805
OFF-0142,ELEC,Electrical Engineer,2022-05,34,18,52.9,1.0,0,2.5,2,0.525,0.805
OFF-0142,ELEC,Electrical Engineer,2022-06,60,37,61.7,0.5,2,4.4,2,0.563,0.805
OFF-0142,ELEC,Electrical Engineer,2022-07,74,43,58.1,0.5,5,6.8,0,0.57,0.805
OFF-0142,ELEC,Electrical Engineer,2022-08,81,43,53.1,0.8,1,2.1,2,0.65,0.805
OFF-0142,ELEC,Electrical Engineer,2022-09,71,42,59.2,0.7,2,3.0,2,0.617,0.805
OFF-0142,ELEC,Electrical Engineer,2022-10,47,24,51.1,0.6,3,6.7,0,0.519,0.805
OFF-0142,ELEC,Electrical Engineer,2022-11,47,35,74.5,0.5,1,2.5,0,0.471,0.805
OFF-0142,ELEC,Electrical Engineer,2022-12,40,26,65.0,0.6,0,2.1,4,0.456,0.805
OFF-0142,ELEC,Electrical Engineer,2023-01,41,26,63.4,0.6,1,2.7,3,0.469,0.805
OFF-0142,ELEC,Electrical Engineer,2023-02,47,29,61.7,0.5,3,6.7,1,0.484,0.805
OFF-0142,ELEC,Electrical Engineer,2023-03,43,31,72.1,0.5,3,7.4,1,0.459,0.805
OFF-0142,ELEC,Electrical Engineer,2023-04,40,23,57.5,0.6,0,2.2,1,0.465,0.805
OFF-0142,ELEC,Electrical Engineer,2023-05,47,26,55.3,0.5,3,7.1,2,0.485,0.805
OFF-0142,ELEC,Electrical Engineer,2023-06,65,43,66.2,0.7,1,2.4,1,0.611,0.805
OFF-0142,ELEC,Electrical Engineer,2023-07,51,28,54.9,0.5,1,2.2,2,0.508,0.805
OFF-0142,ELEC,Electrical Engineer,2023-08,48,33,68.8,0.9,3,6.6,2,0.606,0.805
OFF-0142,ELEC,Electrical Engineer,2023-09,71,45,63.4,0.5,2,3.8,1,0.562,0.805
OFF-0142,ELEC,Electrical Engineer,2023-10,36,22,61.1,0.6,1,4.0,1,0.445,0.805
OFF-0142,ELEC,Electrical Engineer,2023-11,36,21,58.3,0.6,2,7.1,2,0.447,0.805
OFF-0142,ELEC,Electrical Engineer,2023-12,42,25,59.5,0.5,2,6.4,3,0.449,0.805
OFF-0142,ELEC,Electrical Engineer,2024-01,40,23,57.5,0.5,1,4.7,2,0.441,0.805
OFF-0142,ELEC,Electrical Engineer,2024-02,40,21,52.5,0.8,1,3.1,1,0.507,0.805
OFF-0142,ELEC,Electrical Engineer,2024-03,33,21,63.6,0.6,1,5.6,0,0.43,0.805
OFF-0142,ELEC,Electrical Engineer,2024-04,36,25,69.4,0.5,1,3.6,2,0.401,0.805
OFF-0142,ELEC,Electrical Engineer,2024-05,39,29,74.4,0.8,1,3.1,0,0.497,0.805
OFF-0142,ELEC,Electrical Engineer,2024-06,45,29,64.4,0.9,2,4.8,1,0.588,0.805
OFF-0142,ELEC,Electrical Engineer,2024-07,53,38,71.7,0.9,4,7.7,1,0.645,0.805
OFF-0142,ELEC,Electrical Engineer,2024-08,81,57,70.4,0.8,5,6.8,0,0.672,0.805
OFF-0142,ELEC,Electrical Engineer,2024-09,54,40,74.1,0.5,2,4.3,0,0.523,0.805
OFF-0142,ELEC,Electrical Engineer,2024-10,39,29,74.4,0.5,0,2.1,1,0.416,0.805
OFF-0142,ELEC,Electrical Engineer,2024-11,41,27,65.9,1.0,1,4.8,1,0.588,0.805
OFF-0142,ELEC,Electrical Engineer,2024-12,45,26,57.8,0.9,2,6.4,2,0.584,0.805
OFF-0143,ELEC,Executive Engineer,2022-01,14,8,57.1,0.5,0,0.6,1,0.254,0.968
OFF-0143,ELEC,Executive Engineer,2022-02,13,11,84.6,0.5,0,0.4,1,0.238,0.968
OFF-0143,ELEC,Executive Engineer,2022-03,15,10,66.7,0.5,0,1.0,1,0.253,0.968
OFF-0143,ELEC,Executive Engineer,2022-04,13,11,84.6,0.5,0,1.2,2,0.24,0.968
OFF-0143,ELEC,Executive Engineer,2022-05,17,15,88.2,0.5,0,0.6,4,0.265,0.968
OFF-0143,ELEC,Executive Engineer,2022-06,20,13,65.0,0.8,0,1.2,1,0.383,0.968
OFF-0143,ELEC,Executive Engineer,2022-07,26,21,80.8,0.6,0,1.2,4,0.364,0.968
OFF-0143,ELEC,Executive Engineer,2022-08,21,18,85.7,0.5,0,0.5,1,0.291,0.968
OFF-0143,ELEC,Executive Engineer,2022-09,25,19,76.0,0.8,0,1.2,1,0.412,0.968
OFF-0143,ELEC,Executive Engineer,2022-10,18,11,61.1,0.5,0,1.0,4,0.273,0.968
OFF-0143,ELEC,Executive Engineer,2022-11,17,14,82.4,0.8,0,0.3,0,0.345,0.968
OFF-0143,ELEC,Executive Engineer,2022-12,18,16,88.9,0.7,0,0.8,2,0.333,0.968
OFF-0143,ELEC,Executive Engineer,2023-01,12,8,66.7,0.5,0,0.5,1,0.232,0.968
OFF-0143,ELEC,Executive Engineer,2023-02,13,10,76.9,0.5,0,1.2,1,0.24,0.968
OFF-0143,ELEC,Executive Engineer,2023-03,16,11,68.8,0.5,0,0.8,2,0.259,0.968
OFF-0143,ELEC,Executive Engineer,2023-04,18,12,66.7,0.5,0,0.5,3,0.272,0.968
OFF-0143,ELEC,Executive Engineer,2023-05,16,11,68.8,0.5,0,0.3,0,0.258,0.968
OFF-0143,ELEC,Executive Engineer,2023-06,20,17,85.0,0.7,0,0.4,0,0.337,0.968
OFF-0143,ELEC,Executive Engineer,2023-07,22,15,68.2,0.5,0,0.6,1,0.298,0.968
OFF-0143,ELEC,Executive Engineer,2023-08,20,12,60.0,0.5,0,0.3,2,0.284,0.968
OFF-0143,ELEC,Executive Engineer,2023-09,22,14,63.6,1.1,0,0.9,2,0.449,0.968
OFF-0143,ELEC,Executive Engineer,2023-10,13,10,76.9,0.8,0,1.2,1,0.32,0.968
OFF-0143,ELEC,Executive Engineer,2023-11,17,15,88.2,0.7,0,0.5,0,0.311,0.968
OFF-0143,ELEC,Executive Engineer,2023-12,18,12,66.7,0.6,0,1.0,2,0.307,0.968
OFF-0143,ELEC,Executive Engineer,2024-01,16,12,75.0,1.0,0,1.2,1,0.41,0.968
OFF-0143,ELEC,Executive Engineer,2024-02,17,14,82.4,0.7,0,1.0,0,0.338,0.968
OFF-0143,ELEC,Executive Engineer,2024-03,15,9,60.0,0.5,0,0.3,0,0.262,0.968
OFF-0143,ELEC,Executive Engineer,2024-04,15,9,60.0,0.9,0,0.4,2,0.366,0.968
OFF-0143,ELEC,Executive Engineer,2024-05,14,9,64.3,0.5,0,1.1,3,0.247,0.968
OFF-0143,ELEC,Executive Engineer,2024-06,19,15,78.9,0.8,0,1.2,2,0.38,0.968
OFF-0143,ELEC,Executive Engineer,2024-07,27,20,74.1,0.5,0,0.6,0,0.332,0.968
OFF-0143,ELEC,Executive Engineer,2024-08,24,18,75.0,0.5,0,0.7,2,0.312,0.968
OFF-0143,ELEC,Executive Engineer,2024-09,19,16,84.2,0.6,0,1.2,3,0.313,0.968
OFF-0143,ELEC,Executive Engineer,2024-10,13,11,84.6,0.6,0,0.7,2,0.275,0.968
OFF-0143,ELEC,Executive Engineer,2024-11,14,10,71.4,0.5,0,0.9,1,0.246,0.968
OFF-0143,ELEC,Executive Engineer,2024-12,14,9,64.3,0.7,0,0.8,2,0.305,0.968
OFF-0144,ELEC,Executive Engineer,2022-01,23,18,78.3,0.6,0,0.0,3,0.334,1.023
OFF-0144,ELEC,Executive Engineer,2022-02,28,26,92.9,0.7,0,0.0,1,0.4,1.023
OFF-0144,ELEC,Executive Engineer,2022-03,20,13,65.0,0.5,0,0.0,2,0.283,1.023
OFF-0144,ELEC,Executive Engineer,2022-04,20,18,90.0,0.7,0,0.0,1,0.347,1.023
OFF-0144,ELEC,Executive Engineer,2022-05,23,20,87.0,0.7,0,0.0,1,0.356,1.023
OFF-0144,ELEC,Executive Engineer,2022-06,31,29,93.5,0.5,0,0.0,2,0.357,1.023
OFF-0144,ELEC,Executive Engineer,2022-07,35,28,80.0,0.7,0,0.0,0,0.431,1.023
OFF-0144,ELEC,Executive Engineer,2022-08,38,35,92.1,0.5,0,0.0,0,0.403,1.023
OFF-0144,ELEC,Executive Engineer,2022-09,38,25,65.8,0.5,0,0.0,1,0.403,1.023
OFF-0144,ELEC,Executive Engineer,2022-10,20,13,65.0,0.5,0,0.0,1,0.283,1.023
OFF-0144,ELEC,Executive Engineer,2022-11,25,16,64.0,0.6,0,0.0,1,0.349,1.023
OFF-0144,ELEC,Executive Engineer,2022-12,22,16,72.7,0.5,0,0.0,2,0.297,1.023
OFF-0144,ELEC,Executive Engineer,2023-01,23,19,82.6,0.5,0,0.0,1,0.303,1.023
OFF-0144,ELEC,Executive Engineer,2023-02,20,17,85.0,0.6,0,0.0,2,0.317,1.023
OFF-0144,ELEC,Executive Engineer,2023-03,27,25,92.6,0.6,0,0.0,2,0.363,1.023
OFF-0144,ELEC,Executive Engineer,2023-04,20,18,90.0,0.5,0,0.0,0,0.283,1.023
OFF-0144,ELEC,Executive Engineer,2023-05,22,17,77.3,0.8,0,0.0,1,0.4,1.023
OFF-0144,ELEC,Executive Engineer,2023-06,32,26,81.2,0.6,0,0.0,1,0.391,1.023
OFF-0144,ELEC,Executive Engineer,2023-07,45,35,77.8,0.5,0,0.0,2,0.45,1.023
OFF-0144,ELEC,Executive Engineer,2023-08,41,36,87.8,0.5,0,0.0,1,0.423,1.023
OFF-0144,ELEC,Executive Engineer,2023-09,41,27,65.9,0.5,0,0.0,0,0.423,1.023
OFF-0144,ELEC,Executive Engineer,2023-10,20,18,90.0,0.5,0,0.0,4,0.283,1.023
OFF-0144,ELEC,Executive Engineer,2023-11,24,17,70.8,0.6,0,0.0,1,0.331,1.023
OFF-0144,ELEC,Executive Engineer,2023-12,27,25,92.6,0.6,0,0.0,3,0.375,1.023
OFF-0144,ELEC,Executive Engineer,2024-01,25,18,72.0,0.5,0,0.0,0,0.317,1.023
OFF-0144,ELEC,Executive Engineer,2024-02,28,21,75.0,0.8,0,0.0,1,0.439,1.023
OFF-0144,ELEC,Executive Engineer,2024-03,20,16,80.0,0.6,0,0.0,1,0.313,1.023
OFF-0144,ELEC,Executive Engineer,2024-04,24,20,83.3,0.5,0,0.0,1,0.313,1.023
OFF-0144,ELEC,Executive Engineer,2024-05,24,18,75.0,0.5,0,0.0,2,0.31,1.023
OFF-0144,ELEC,Executive Engineer,2024-06,39,37,94.9,0.5,0,0.0,0,0.41,1.023
OFF-0144,ELEC,Executive Engineer,2024-07,36,26,72.2,0.5,0,0.0,0,0.404,1.023
OFF-0144,ELEC,Executive Engineer,2024-08,47,42,89.4,0.6,0,0.0,1,0.506,1.023
OFF-0144,ELEC,Executive Engineer,2024-09,41,32,78.0,0.8,0,0.0,3,0.499,1.023
OFF-0144,ELEC,Executive Engineer,2024-10,25,19,76.0,0.7,0,0.0,3,0.376,1.023
OFF-0144,ELEC,Executive Engineer,2024-11,20,14,70.0,0.5,0,0.0,1,0.283,1.023
OFF-0144,ELEC,Executive Engineer,2024-12,27,22,81.5,0.5,0,0.0,0,0.33,1.023
OFF-0145,ELEC,Electrical Engineer,2022-01,26,14,53.8,0.5,0,3.4,1,0.333,0.776
OFF-0145,ELEC,Electrical Engineer,2022-02,18,9,50.0,0.8,1,6.0,4,0.382,0.776
OFF-0145,ELEC,Electrical Engineer,2022-03,17,11,64.7,0.7,1,6.3,0,0.351,0.776
OFF-0145,ELEC,Electrical Engineer,2022-04,19,12,63.2,0.5,1,8.2,1,0.301,0.776
OFF-0145,ELEC,Electrical Engineer,2022-05,17,11,64.7,0.8,1,6.0,0,0.368,0.776
OFF-0145,ELEC,Electrical Engineer,2022-06,38,21,55.3,0.6,1,4.9,2,0.451,0.776
OFF-0145,ELEC,Electrical Engineer,2022-07,29,17,58.6,0.9,1,4.7,1,0.477,0.776
OFF-0145,ELEC,Electrical Engineer,2022-08,34,22,64.7,0.5,1,3.2,0,0.386,0.776
OFF-0145,ELEC,Electrical Engineer,2022-09,35,21,60.0,0.9,1,4.3,1,0.52,0.776
OFF-0145,ELEC,Electrical Engineer,2022-10,22,11,50.0,0.7,1,6.8,1,0.364,0.776
OFF-0145,ELEC,Electrical Engineer,2022-11,22,11,50.0,0.9,1,4.8,0,0.437,0.776
OFF-0145,ELEC,Electrical Engineer,2022-12,19,12,63.2,1.0,1,6.2,0,0.445,0.776
OFF-0145,ELEC,Electrical Engineer,2023-01,22,15,68.2,1.1,1,7.3,3,0.469,0.776
OFF-0145,ELEC,Electrical Engineer,2023-02,25,17,68.0,0.6,1,5.8,1,0.368,0.776
OFF-0145,ELEC,Electrical Engineer,2023-03,22,12,54.5,0.7,1,5.3,1,0.368,0.776
OFF-0145,ELEC,Electrical Engineer,2023-04,21,15,71.4,0.5,1,5.2,2,0.306,0.776
OFF-0145,ELEC,Electrical Engineer,2023-05,21,14,66.7,1.0,1,8.0,2,0.464,0.776
OFF-0145,ELEC,Electrical Engineer,2023-06,30,21,70.0,0.5,2,7.4,1,0.372,0.776
OFF-0145,ELEC,Electrical Engineer,2023-07,25,16,64.0,1.0,1,4.9,1,0.481,0.776
OFF-0145,ELEC,Electrical Engineer,2023-08,41,25,61.0,0.7,2,5.0,1,0.501,0.776
OFF-0145,ELEC,Electrical Engineer,2023-09,24,14,58.3,0.9,2,8.8,2,0.454,0.776
OFF-0145,ELEC,Electrical Engineer,2023-10,19,10,52.6,0.7,1,7.3,1,0.37,0.776
OFF-0145,ELEC,Electrical Engineer,2023-11,25,13,52.0,0.5,0,2.7,1,0.325,0.776
OFF-0145,ELEC,Electrical Engineer,2023-12,19,12,63.2,0.6,0,2.5,1,0.303,0.776
OFF-0145,ELEC,Electrical Engineer,2024-01,24,14,58.3,1.0,1,8.2,1,0.485,0.776
OFF-0145,ELEC,Electrical Engineer,2024-02,22,11,50.0,0.7,1,5.3,0,0.378,0.776
OFF-0145,ELEC,Electrical Engineer,2024-03,19,9,47.4,0.6,0,3.2,2,0.303,0.776
OFF-0145,ELEC,Electrical Engineer,2024-04,19,10,52.6,0.6,1,8.5,0,0.346,0.776
OFF-0145,ELEC,Electrical Engineer,2024-05,23,13,56.5,0.7,1,7.7,1,0.373,0.776
OFF-0145,ELEC,Electrical Engineer,2024-06,28,15,53.6,0.6,1,5.0,1,0.37,0.776
OFF-0145,ELEC,Electrical Engineer,2024-07,31,21,67.7,0.9,1,4.0,3,0.502,0.776
OFF-0145,ELEC,Electrical Engineer,2024-08,44,30,68.2,0.5,2,6.5,3,0.463,0.776
OFF-0145,ELEC,Electrical Engineer,2024-09,32,17,53.1,0.7,1,4.1,3,0.424,0.776
OFF-0145,ELEC,Electrical Engineer,2024-10,26,16,61.5,1.0,1,5.7,4,0.478,0.776
OFF-0145,ELEC,Electrical Engineer,2024-11,21,13,61.9,0.9,1,7.5,1,0.441,0.776
OFF-0145,ELEC,Electrical Engineer,2024-12,26,18,69.2,0.5,0,3.7,3,0.334,0.776
OFF-0146,ELEC,Executive Engineer,2022-01,34,25,73.5,1.1,1,3.1,2,0.536,0.912
OFF-0146,ELEC,Executive Engineer,2022-02,23,16,69.6,0.7,0,2.6,1,0.369,0.912
OFF-0146,ELEC,Executive Engineer,2022-03,33,20,60.6,0.8,0,2.2,1,0.481,0.912
OFF-0146,ELEC,Executive Engineer,2022-04,28,20,71.4,0.5,0,1.0,1,0.34,0.912
OFF-0146,ELEC,Executive Engineer,2022-05,32,20,62.5,0.5,0,2.2,1,0.37,0.912
OFF-0146,ELEC,Executive Engineer,2022-06,37,28,75.7,0.6,0,1.0,2,0.438,0.912
OFF-0146,ELEC,Executive Engineer,2022-07,40,28,70.0,0.5,1,3.4,0,0.427,0.912
OFF-0146,ELEC,Executive Engineer,2022-08,41,32,78.0,0.5,0,2.1,1,0.43,0.912
OFF-0146,ELEC,Executive Engineer,2022-09,43,32,74.4,0.8,0,2.0,3,0.546,0.912
OFF-0146,ELEC,Executive Engineer,2022-10,28,20,71.4,0.8,0,1.9,1,0.436,0.912
OFF-0146,ELEC,Executive Engineer,2022-11,26,19,73.1,1.1,0,1.0,1,0.476,0.912
OFF-0146,ELEC,Executive Engineer,2022-12,32,26,81.2,0.6,0,2.1,2,0.389,0.912
OFF-0146,ELEC,Executive Engineer,2023-01,27,22,81.5,0.6,0,3.5,1,0.376,0.912
OFF-0146,ELEC,Executive Engineer,2023-02,23,14,60.9,0.5,0,3.4,2,0.316,0.912
OFF-0146,ELEC,Executive Engineer,2023-03,33,28,84.8,0.5,0,1.4,1,0.374,0.912
OFF-0146,ELEC,Executive Engineer,2023-04,24,19,79.2,0.5,0,2.9,3,0.319,0.912
OFF-0146,ELEC,Executive Engineer,2023-05,31,24,77.4,0.7,0,2.4,0,0.435,0.912
OFF-0146,ELEC,Executive Engineer,2023-06,35,28,80.0,0.7,0,2.8,0,0.466,0.912
OFF-0146,ELEC,Executive Engineer,2023-07,39,33,84.6,0.5,1,2.7,0,0.418,0.912
OFF-0146,ELEC,Executive Engineer,2023-08,42,32,76.2,1.0,0,1.9,2,0.586,0.912
OFF-0146,ELEC,Executive Engineer,2023-09,51,41,80.4,0.5,0,1.7,1,0.495,0.912
OFF-0146,ELEC,Executive Engineer,2023-10,31,21,67.7,0.7,0,1.2,0,0.421,0.912
OFF-0146,ELEC,Executive Engineer,2023-11,30,24,80.0,0.5,0,3.0,0,0.359,0.912
OFF-0146,ELEC,Executive Engineer,2023-12,25,20,80.0,0.6,0,2.1,0,0.367,0.912
OFF-0146,ELEC,Executive Engineer,2024-01,28,20,71.4,0.5,0,3.0,3,0.346,0.912
OFF-0146,ELEC,Executive Engineer,2024-02,34,21,61.8,0.5,1,3.4,2,0.387,0.912
OFF-0146,ELEC,Executive Engineer,2024-03,26,16,61.5,0.8,0,1.5,0,0.415,0.912
OFF-0146,ELEC,Executive Engineer,2024-04,28,24,85.7,0.6,0,1.5,1,0.363,0.912
OFF-0146,ELEC,Executive Engineer,2024-05,31,26,83.9,0.5,0,2.0,0,0.363,0.912
OFF-0146,ELEC,Executive Engineer,2024-06,46,37,80.4,0.5,1,3.4,3,0.467,0.912
OFF-0146,ELEC,Executive Engineer,2024-07,47,29,61.7,0.5,0,1.1,0,0.467,0.912
OFF-0146,ELEC,Executive Engineer,2024-08,48,34,70.8,0.5,0,1.8,0,0.475,0.912
OFF-0146,ELEC,Executive Engineer,2024-09,50,32,64.0,0.5,1,3.3,0,0.493,0.912
OFF-0146,ELEC,Executive Engineer,2024-10,25,18,72.0,0.5,0,1.9,2,0.322,0.912
OFF-0146,ELEC,Executive Engineer,2024-11,26,22,84.6,1.1,0,1.9,3,0.479,0.912
OFF-0146,ELEC,Executive Engineer,2024-12,28,22,78.6,0.8,0,3.0,1,0.436,0.912
OFF-0147,ELEC,Executive Engineer,2022-01,32,23,71.9,0.5,0,3.0,0,0.379,0.873
OFF-0147,ELEC,Executive Engineer,2022-02,32,26,81.2,0.5,0,2.3,0,0.37,0.873
OFF-0147,ELEC,Executive Engineer,2022-03,32,26,81.2,0.5,1,3.2,1,0.373,0.873
OFF-0147,ELEC,Executive Engineer,2022-04,35,27,77.1,0.8,0,2.0,0,0.469,0.873
OFF-0147,ELEC,Executive Engineer,2022-05,35,26,74.3,0.5,1,3.6,2,0.394,0.873
OFF-0147,ELEC,Executive Engineer,2022-06,51,35,68.6,0.7,2,4.0,1,0.548,0.873
OFF-0147,ELEC,Executive Engineer,2022-07,48,36,75.0,0.9,0,2.0,2,0.582,0.873
OFF-0147,ELEC,Executive Engineer,2022-08,45,28,62.2,0.5,0,1.7,1,0.464,0.873
OFF-0147,ELEC,Executive Engineer,2022-09,48,35,72.9,0.8,1,4.1,0,0.558,0.873
OFF-0147,ELEC,Executive Engineer,2022-10,38,31,81.6,0.5,1,2.9,1,0.412,0.873
OFF-0147,ELEC,Executive Engineer,2022-11,39,31,79.5,0.6,1,3.0,3,0.448,0.873
OFF-0147,ELEC,Executive Engineer,2022-12,35,22,62.9,0.6,1,5.0,1,0.422,0.873
OFF-0147,ELEC,Executive Engineer,2023-01,26,20,76.9,0.7,1,4.7,1,0.397,0.873
OFF-0147,ELEC,Executive Engineer,2023-02,33,25,75.8,1.5,1,4.6,4,0.534,0.873
OFF-0147,ELEC,Executive Engineer,2023-03,39,24,61.5,0.7,0,1.9,1,0.488,0.873
OFF-0147,ELEC,Executive Engineer,2023-04,28,22,78.6,0.8,0,3.5,2,0.452,0.873
OFF-0147,ELEC,Executive Engineer,2023-05,36,28,77.8,1.1,0,1.5,1,0.545,0.873
OFF-0147,ELEC,Executive Engineer,2023-06,66,40,60.6,0.5,2,4.1,0,0.564,0.873
OFF-0147,ELEC,Executive Engineer,2023-07,49,39,79.6,0.6,1,2.4,1,0.5,0.873
OFF-0147,ELEC,Executive Engineer,2023-08,51,34,66.7,0.5,0,1.8,0,0.495,0.873
OFF-0147,ELEC,Executive Engineer,2023-09,44,34,77.3,0.7,0,1.9,2,0.514,0.873
OFF-0147,ELEC,Executive Engineer,2023-10,30,20,66.7,0.6,1,4.7,0,0.401,0.873
OFF-0147,ELEC,Executive Engineer,2023-11,31,22,71.0,1.2,0,1.7,0,0.512,0.873
OFF-0147,ELEC,Executive Engineer,2023-12,36,23,63.9,0.5,1,3.9,2,0.404,0.873
OFF-0147,ELEC,Executive Engineer,2024-01,34,26,76.5,0.6,1,3.5,1,0.413,0.873
OFF-0147,ELEC,Executive Engineer,2024-02,37,28,75.7,0.5,0,2.6,1,0.404,0.873
OFF-0147,ELEC,Executive Engineer,2024-03,29,23,79.3,0.7,0,3.0,3,0.404,0.873
OFF-0147,ELEC,Executive Engineer,2024-04,37,24,64.9,0.5,1,3.3,1,0.406,0.873
OFF-0147,ELEC,Executive Engineer,2024-05,36,23,63.9,0.5,1,4.8,0,0.404,0.873
OFF-0147,ELEC,Executive Engineer,2024-06,54,42,77.8,1.1,2,4.0,1,0.672,0.873
OFF-0147,ELEC,Executive Engineer,2024-07,62,48,77.4,0.9,2,3.8,1,0.682,0.873
OFF-0147,ELEC,Executive Engineer,2024-08,55,32,58.2,0.5,1,2.8,1,0.525,0.873
OFF-0147,ELEC,Executive Engineer,2024-09,56,40,71.4,0.7,1,3.0,2,0.598,0.873
OFF-0147,ELEC,Executive Engineer,2024-10,33,26,78.8,0.5,1,4.8,0,0.385,0.873
OFF-0147,ELEC,Executive Engineer,2024-11,34,20,58.8,0.8,0,2.7,1,0.48,0.873
OFF-0147,ELEC,Executive Engineer,2024-12,27,17,63.0,0.6,1,5.0,2,0.378,0.873
OFF-0148,ELEC,Junior Engineer,2022-01,36,25,69.4,0.5,0,0.0,1,0.39,1.064
OFF-0148,ELEC,Junior Engineer,2022-02,36,25,69.4,0.6,0,0.0,2,0.411,1.064
OFF-0148,ELEC,Junior Engineer,2022-03,35,29,82.9,0.6,0,0.0,2,0.416,1.064
OFF-0148,ELEC,Junior Engineer,2022-04,32,28,87.5,0.8,0,0.0,1,0.439,1.064
OFF-0148,ELEC,Junior Engineer,2022-05,32,30,93.8,0.5,0,0.0,0,0.363,1.064
OFF-0148,ELEC,Junior Engineer,2022-06,48,42,87.5,0.7,0,0.0,2,0.54,1.064
OFF-0148,ELEC,Junior Engineer,2022-07,41,31,75.6,0.5,0,0.0,2,0.423,1.064
OFF-0148,ELEC,Junior Engineer,2022-08,43,39,90.7,0.5,0,0.0,1,0.437,1.064
OFF-0148,ELEC,Junior Engineer,2022-09,55,49,89.1,0.5,0,0.0,1,0.517,1.064
OFF-0148,ELEC,Junior Engineer,2022-10,36,29,80.6,0.5,0,0.0,2,0.39,1.064
OFF-0148,ELEC,Junior Engineer,2022-11,42,32,76.2,0.5,0,0.0,0,0.43,1.064
OFF-0148,ELEC,Junior Engineer,2022-12,36,26,72.2,0.5,0,0.0,2,0.39,1.064
OFF-0148,ELEC,Junior Engineer,2023-01,41,29,70.7,0.5,0,0.0,3,0.436,1.064
OFF-0148,ELEC,Junior Engineer,2023-02,40,31,77.5,0.5,0,0.0,2,0.417,1.064
OFF-0148,ELEC,Junior Engineer,2023-03,34,26,76.5,0.9,0,0.0,0,0.484,1.064
OFF-0148,ELEC,Junior Engineer,2023-04,42,41,97.6,0.8,0,0.0,2,0.521,1.064
OFF-0148,ELEC,Junior Engineer,2023-05,38,37,97.4,0.8,0,0.0,0,0.507,1.064
OFF-0148,ELEC,Junior Engineer,2023-06,51,37,72.5,0.6,0,0.0,2,0.525,1.064
OFF-0148,ELEC,Junior Engineer,2023-07,51,35,68.6,1.0,0,0.0,0,0.64,1.064
OFF-0148,ELEC,Junior Engineer,2023-08,60,44,73.3,0.5,0,0.0,3,0.55,1.064
OFF-0148,ELEC,Junior Engineer,2023-09,57,45,78.9,0.8,0,0.0,0,0.608,1.064
OFF-0148,ELEC,Junior Engineer,2023-10,35,31,88.6,0.7,0,0.0,4,0.448,1.064
OFF-0148,ELEC,Junior Engineer,2023-11,30,26,86.7,0.7,0,0.0,1,0.404,1.064
OFF-0148,ELEC,Junior Engineer,2023-12,33,25,75.8,0.5,0,0.0,3,0.37,1.064
OFF-0148,ELEC,Junior Engineer,2024-01,43,41,95.3,0.5,0,0.0,3,0.437,1.064
OFF-0148,ELEC,Junior Engineer,2024-02,32,27,84.4,0.9,0,0.0,2,0.486,1.064
OFF-0148,ELEC,Junior Engineer,2024-03,38,34,89.5,0.8,0,0.0,2,0.488,1.064
OFF-0148,ELEC,Junior Engineer,2024-04,39,31,79.5,0.5,0,0.0,4,0.41,1.064
OFF-0148,ELEC,Junior Engineer,2024-05,40,30,75.0,0.7,0,0.0,0,0.478,1.064
OFF-0148,ELEC,Junior Engineer,2024-06,61,48,78.7,0.8,0,0.0,2,0.652,1.064
OFF-0148,ELEC,Junior Engineer,2024-07,68,57,83.8,0.9,0,0.0,0,0.679,1.064
OFF-0148,ELEC,Junior Engineer,2024-08,47,33,70.2,0.5,0,0.0,2,0.463,1.064
OFF-0148,ELEC,Junior Engineer,2024-09,58,41,70.7,0.9,0,0.0,3,0.659,1.064
OFF-0148,ELEC,Junior Engineer,2024-10,41,39,95.1,0.5,0,0.0,4,0.423,1.064
OFF-0148,ELEC,Junior Engineer,2024-11,38,27,71.1,0.5,0,0.0,1,0.403,1.064
OFF-0148,ELEC,Junior Engineer,2024-12,40,35,87.5,0.6,0,0.0,1,0.436,1.064
OFF-0149,ELEC,Electrical Engineer,2022-01,36,35,97.2,0.5,0,0.0,0,0.391,1.257
OFF-0149,ELEC,Electrical Engineer,2022-02,33,32,97.0,0.5,0,0.0,0,0.37,1.257
OFF-0149,ELEC,Electrical Engineer,2022-03,33,30,90.9,0.5,0,0.0,4,0.382,1.257
OFF-0149,ELEC,Electrical Engineer,2022-04,38,37,97.4,0.5,0,0.0,0,0.403,1.257
OFF-0149,ELEC,Electrical Engineer,2022-05,37,36,97.3,0.5,0,0.0,2,0.397,1.257
OFF-0149,ELEC,Electrical Engineer,2022-06,42,41,97.6,0.6,0,0.0,0,0.445,1.257
OFF-0149,ELEC,Electrical Engineer,2022-07,66,64,97.0,0.5,0,0.0,3,0.55,1.257
OFF-0149,ELEC,Electrical Engineer,2022-08,69,57,82.6,0.5,0,0.0,4,0.55,1.257
OFF-0149,ELEC,Electrical Engineer,2022-09,57,52,91.2,0.5,0,0.0,3,0.533,1.257
OFF-0149,ELEC,Electrical Engineer,2022-10,31,30,96.8,0.5,0,0.0,1,0.357,1.257
OFF-0149,ELEC,Electrical Engineer,2022-11,32,27,84.4,0.5,0,0.0,1,0.363,1.257
OFF-0149,ELEC,Electrical Engineer,2022-12,40,39,97.5,0.5,0,0.0,0,0.417,1.257
OFF-0149,ELEC,Electrical Engineer,2023-01,32,31,96.9,0.5,0,0.0,1,0.363,1.257
OFF-0149,ELEC,Electrical Engineer,2023-02,35,30,85.7,0.5,0,0.0,0,0.383,1.257
OFF-0149,ELEC,Electrical Engineer,2023-03,28,27,96.4,0.7,0,0.0,0,0.386,1.257
OFF-0149,ELEC,Electrical Engineer,2023-04,32,31,96.9,0.5,0,0.0,2,0.363,1.257
OFF-0149,ELEC,Electrical Engineer,2023-05,34,33,97.1,0.5,0,0.0,1,0.377,1.257
OFF-0149,ELEC,Electrical Engineer,2023-06,58,49,84.5,0.7,0,0.0,1,0.606,1.257
OFF-0149,ELEC,Electrical Engineer,2023-07,46,45,97.8,0.5,0,0.0,3,0.457,1.257
OFF-0149,ELEC,Electrical Engineer,2023-08,49,46,93.9,0.5,0,0.0,2,0.477,1.257
OFF-0149,ELEC,Electrical Engineer,2023-09,52,50,96.2,0.6,0,0.0,3,0.532,1.257
OFF-0149,ELEC,Electrical Engineer,2023-10,30,29,96.7,0.5,0,0.0,0,0.35,1.257
OFF-0149,ELEC,Electrical Engineer,2023-11,35,34,97.1,0.8,0,0.0,2,0.464,1.257
OFF-0149,ELEC,Electrical Engineer,2023-12,37,36,97.3,0.8,0,0.0,0,0.494,1.257
OFF-0149,ELEC,Electrical Engineer,2024-01,32,31,96.9,0.6,0,0.0,0,0.393,1.257
OFF-0149,ELEC,Electrical Engineer,2024-02,34,33,97.1,0.6,0,0.0,2,0.394,1.257
OFF-0149,ELEC,Electrical Engineer,2024-03,29,24,82.8,0.5,0,0.0,1,0.343,1.257
OFF-0149,ELEC,Electrical Engineer,2024-04,34,29,85.3,0.5,0,0.0,0,0.377,1.257
OFF-0149,ELEC,Electrical Engineer,2024-05,28,24,85.7,0.5,0,0.0,2,0.337,1.257
OFF-0149,ELEC,Electrical Engineer,2024-06,69,67,97.1,0.6,0,0.0,1,0.588,1.257
OFF-0149,ELEC,Electrical Engineer,2024-07,56,54,96.4,0.5,0,0.0,1,0.523,1.257
OFF-0149,ELEC,Electrical Engineer,2024-08,44,43,97.7,0.5,0,0.0,0,0.443,1.257
OFF-0149,ELEC,Electrical Engineer,2024-09,48,47,97.9,0.8,0,0.0,0,0.553,1.257
OFF-0149,ELEC,Electrical Engineer,2024-10,28,24,85.7,0.6,0,0.0,0,0.37,1.257
OFF-0149,ELEC,Electrical Engineer,2024-11,39,38,97.4,0.5,0,0.0,0,0.41,1.257
OFF-0149,ELEC,Electrical Engineer,2024-12,37,36,97.3,0.5,0,0.0,2,0.411,1.257
OFF-0150,ELEC,Executive Engineer,2022-01,29,28,96.6,0.5,0,0.0,2,0.348,1.243
OFF-0150,ELEC,Executive Engineer,2022-02,21,19,90.5,1.2,0,0.0,3,0.44,1.243
OFF-0150,ELEC,Executive Engineer,2022-03,23,19,82.6,0.5,0,0.0,1,0.303,1.243
OFF-0150,ELEC,Executive Engineer,2022-04,30,29,96.7,0.5,0,0.0,2,0.35,1.243
OFF-0150,ELEC,Executive Engineer,2022-05,24,23,95.8,0.7,0,0.0,3,0.382,1.243
OFF-0150,ELEC,Executive Engineer,2022-06,41,38,92.7,0.5,0,0.0,0,0.423,1.243
OFF-0150,ELEC,Executive Engineer,2022-07,34,27,79.4,0.7,0,0.0,3,0.427,1.243
OFF-0150,ELEC,Executive Engineer,2022-08,44,43,97.7,0.5,0,0.0,1,0.443,1.243
OFF-0150,ELEC,Executive Engineer,2022-09,35,34,97.1,0.5,0,0.0,1,0.387,1.243
OFF-0150,ELEC,Executive Engineer,2022-10,29,28,96.6,0.6,0,0.0,0,0.38,1.243
OFF-0150,ELEC,Executive Engineer,2022-11,21,18,85.7,0.6,0,0.0,0,0.325,1.243
OFF-0150,ELEC,Executive Engineer,2022-12,27,26,96.3,0.8,0,0.0,1,0.427,1.243
OFF-0150,ELEC,Executive Engineer,2023-01,21,20,95.2,0.5,0,0.0,0,0.29,1.243
OFF-0150,ELEC,Executive Engineer,2023-02,22,21,95.5,0.5,0,0.0,0,0.297,1.243
OFF-0150,ELEC,Executive Engineer,2023-03,21,20,95.2,0.5,0,0.0,1,0.29,1.243
OFF-0150,ELEC,Executive Engineer,2023-04,21,20,95.2,0.6,0,0.0,1,0.316,1.243
OFF-0150,ELEC,Executive Engineer,2023-05,31,30,96.8,0.5,0,0.0,2,0.357,1.243
OFF-0150,ELEC,Executive Engineer,2023-06,37,34,91.9,0.5,0,0.0,1,0.397,1.243
OFF-0150,ELEC,Executive Engineer,2023-07,41,40,97.6,0.5,0,0.0,1,0.423,1.243
OFF-0150,ELEC,Executive Engineer,2023-08,31,30,96.8,0.5,0,0.0,2,0.357,1.243
OFF-0150,ELEC,Executive Engineer,2023-09,37,33,89.2,0.5,0,0.0,1,0.397,1.243
OFF-0150,ELEC,Executive Engineer,2023-10,29,28,96.6,0.5,0,0.0,0,0.344,1.243
OFF-0150,ELEC,Executive Engineer,2023-11,21,20,95.2,0.6,0,0.0,1,0.308,1.243
OFF-0150,ELEC,Executive Engineer,2023-12,29,28,96.6,0.5,0,0.0,2,0.354,1.243
OFF-0150,ELEC,Executive Engineer,2024-01,23,22,95.7,0.6,0,0.0,2,0.321,1.243
OFF-0150,ELEC,Executive Engineer,2024-02,24,20,83.3,0.7,0,0.0,0,0.37,1.243
OFF-0150,ELEC,Executive Engineer,2024-03,22,19,86.4,0.5,0,0.0,1,0.297,1.243
OFF-0150,ELEC,Executive Engineer,2024-04,26,25,96.2,0.8,0,0.0,0,0.405,1.243
OFF-0150,ELEC,Executive Engineer,2024-05,29,26,89.7,0.5,0,0.0,1,0.343,1.243
OFF-0150,ELEC,Executive Engineer,2024-06,36,35,97.2,0.7,0,0.0,2,0.443,1.243
OFF-0150,ELEC,Executive Engineer,2024-07,33,32,97.0,0.5,0,0.0,0,0.37,1.243
OFF-0150,ELEC,Executive Engineer,2024-08,38,37,97.4,0.5,0,0.0,1,0.403,1.243
OFF-0150,ELEC,Executive Engineer,2024-09,44,41,93.2,0.7,0,0.0,1,0.498,1.243
OFF-0150,ELEC,Executive Engineer,2024-10,25,24,96.0,0.5,0,0.0,0,0.317,1.243
OFF-0150,ELEC,Executive Engineer,2024-11,21,20,95.2,0.5,0,0.0,2,0.29,1.243
OFF-0150,ELEC,Executive Engineer,2024-12,24,21,87.5,0.5,0,0.0,0,0.31,1.243
OFF-0151,ELEC,Executive Engineer,2022-01,30,28,93.3,0.5,0,0.0,2,0.35,1.027
OFF-0151,ELEC,Executive Engineer,2022-02,25,21,84.0,0.5,0,0.0,1,0.317,1.027
OFF-0151,ELEC,Executive Engineer,2022-03,25,21,84.0,0.7,0,0.0,1,0.387,1.027
OFF-0151,ELEC,Executive Engineer,2022-04,32,28,87.5,0.6,0,0.0,3,0.399,1.027
OFF-0151,ELEC,Executive Engineer,2022-05,26,24,92.3,0.8,0,0.0,0,0.424,1.027
OFF-0151,ELEC,Executive Engineer,2022-06,41,34,82.9,0.5,0,0.0,1,0.423,1.027
OFF-0151,ELEC,Executive Engineer,2022-07,52,49,94.2,0.5,0,0.0,1,0.501,1.027
OFF-0151,ELEC,Executive Engineer,2022-08,52,39,75.0,0.5,0,0.0,1,0.497,1.027
OFF-0151,ELEC,Executive Engineer,2022-09,37,26,70.3,0.5,0,0.0,0,0.397,1.027
OFF-0151,ELEC,Executive Engineer,2022-10,22,17,77.3,0.6,0,0.0,0,0.32,1.027
OFF-0151,ELEC,Executive Engineer,2022-11,27,23,85.2,0.6,0,0.0,2,0.369,1.027
OFF-0151,ELEC,Executive Engineer,2022-12,27,23,85.2,0.5,0,0.0,0,0.33,1.027
OFF-0151,ELEC,Executive Engineer,2023-01,23,20,87.0,0.5,0,0.0,0,0.303,1.027
OFF-0151,ELEC,Executive Engineer,2023-02,32,24,75.0,0.5,0,0.0,2,0.363,1.027
OFF-0151,ELEC,Executive Engineer,2023-03,24,21,87.5,0.6,0,0.0,0,0.332,1.027
OFF-0151,ELEC,Executive Engineer,2023-04,29,20,69.0,0.6,0,0.0,1,0.387,1.027
OFF-0151,ELEC,Executive Engineer,2023-05,26,21,80.8,0.5,0,0.0,0,0.323,1.027
OFF-0151,ELEC,Executive Engineer,2023-06,58,52,89.7,0.5,0,0.0,4,0.537,1.027
OFF-0151,ELEC,Executive Engineer,2023-07,51,46,90.2,0.5,0,0.0,1,0.49,1.027
OFF-0151,ELEC,Executive Engineer,2023-08,45,32,71.1,0.5,0,0.0,1,0.45,1.027
OFF-0151,ELEC,Executive Engineer,2023-09,43,29,67.4,0.9,0,0.0,1,0.558,1.027
OFF-0151,ELEC,Executive Engineer,2023-10,32,24,75.0,0.8,0,0.0,0,0.459,1.027
OFF-0151,ELEC,Executive Engineer,2023-11,30,22,73.3,0.7,0,0.0,2,0.4,1.027
OFF-0151,ELEC,Executive Engineer,2023-12,27,21,77.8,0.6,0,0.0,2,0.356,1.027
OFF-0151,ELEC,Executive Engineer,2024-01,29,20,69.0,0.6,0,0.0,0,0.361,1.027
OFF-0151,ELEC,Executive Engineer,2024-02,30,20,66.7,0.5,0,0.0,0,0.35,1.027
OFF-0151,ELEC,Executive Engineer,2024-03,29,21,72.4,0.6,0,0.0,0,0.369,1.027
OFF-0151,ELEC,Executive Engineer,2024-04,27,18,66.7,0.5,0,0.0,0,0.33,1.027
OFF-0151,ELEC,Executive Engineer,2024-05,31,27,87.1,0.5,0,0.0,0,0.357,1.027
OFF-0151,ELEC,Executive Engineer,2024-06,41,28,68.3,0.8,0,0.0,2,0.51,1.027
OFF-0151,ELEC,Executive Engineer,2024-07,44,31,70.5,0.5,0,0.0,1,0.443,1.027
OFF-0151,ELEC,Executive Engineer,2024-08,35,24,68.6,0.6,0,0.0,1,0.406,1.027
OFF-0151,ELEC,Executive Engineer,2024-09,37,28,75.7,0.9,0,0.0,1,0.524,1.027
OFF-0151,ELEC,Executive Engineer,2024-10,23,19,82.6,0.5,0,0.0,0,0.303,1.027
OFF-0151,ELEC,Executive Engineer,2024-11,24,22,91.7,0.5,0,0.0,4,0.31,1.027
OFF-0151,ELEC,Executive Engineer,2024-12,25,17,68.0,0.5,0,0.0,2,0.317,1.027
OFF-0152,ELEC,Electrical Engineer,2022-01,31,21,67.7,0.7,0,0.0,1,0.429,1.033
OFF-0152,ELEC,Electrical Engineer,2022-02,33,22,66.7,0.5,0,0.0,3,0.37,1.033
OFF-0152,ELEC,Electrical Engineer,2022-03,33,22,66.7,0.7,0,0.0,0,0.437,1.033
OFF-0152,ELEC,Electrical Engineer,2022-04,28,24,85.7,0.5,0,0.0,1,0.337,1.033
OFF-0152,ELEC,Electrical Engineer,2022-05,34,25,73.5,0.5,0,0.0,0,0.377,1.033
OFF-0152,ELEC,Electrical Engineer,2022-06,37,29,78.4,0.5,0,0.0,0,0.397,1.033
OFF-0152,ELEC,Electrical Engineer,2022-07,42,30,71.4,0.7,0,0.0,0,0.478,1.033
OFF-0152,ELEC,Electrical Engineer,2022-08,44,34,77.3,0.6,0,0.0,0,0.477,1.033
OFF-0152,ELEC,Electrical Engineer,2022-09,48,41,85.4,0.5,0,0.0,1,0.47,1.033
OFF-0152,ELEC,Electrical Engineer,2022-10,29,24,82.8,0.5,0,0.0,2,0.343,1.033
OFF-0152,ELEC,Electrical Engineer,2022-11,26,19,73.1,0.7,0,0.0,0,0.381,1.033
OFF-0152,ELEC,Electrical Engineer,2022-12,28,20,71.4,0.5,0,0.0,1,0.337,1.033
OFF-0152,ELEC,Electrical Engineer,2023-01,36,29,80.6,0.7,0,0.0,1,0.458,1.033
OFF-0152,ELEC,Electrical Engineer,2023-02,29,25,86.2,0.8,0,0.0,0,0.42,1.033
OFF-0152,ELEC,Electrical Engineer,2023-03,26,18,69.2,0.5,0,0.0,3,0.327,1.033
OFF-0152,ELEC,Electrical Engineer,2023-04,36,34,94.4,0.5,0,0.0,0,0.39,1.033
OFF-0152,ELEC,Electrical Engineer,2023-05,28,25,89.3,0.7,0,0.0,3,0.394,1.033
OFF-0152,ELEC,Electrical Engineer,2023-06,40,33,82.5,0.5,0,0.0,0,0.417,1.033
OFF-0152,ELEC,Electrical Engineer,2023-07,46,33,71.7,0.7,0,0.0,1,0.52,1.033
OFF-0152,ELEC,Electrical Engineer,2023-08,44,34,77.3,0.5,0,0.0,1,0.443,1.033
OFF-0152,ELEC,Electrical Engineer,2023-09,49,42,85.7,0.5,0,0.0,4,0.477,1.033
OFF-0152,ELEC,Electrical Engineer,2023-10,31,23,74.2,0.5,0,0.0,0,0.357,1.033
OFF-0152,ELEC,Electrical Engineer,2023-11,32,26,81.2,0.5,0,0.0,2,0.363,1.033
OFF-0152,ELEC,Electrical Engineer,2023-12,27,23,85.2,0.5,0,0.0,3,0.33,1.033
OFF-0152,ELEC,Electrical Engineer,2024-01,27,20,74.1,0.9,0,0.0,1,0.45,1.033
OFF-0152,ELEC,Electrical Engineer,2024-02,29,21,72.4,0.5,0,0.0,0,0.343,1.033
OFF-0152,ELEC,Electrical Engineer,2024-03,26,18,69.2,0.5,0,0.0,2,0.323,1.033
OFF-0152,ELEC,Electrical Engineer,2024-04,28,25,89.3,0.6,0,0.0,0,0.374,1.033
OFF-0152,ELEC,Electrical Engineer,2024-05,30,28,93.3,0.6,0,0.0,2,0.367,1.033
OFF-0152,ELEC,Electrical Engineer,2024-06,42,39,92.9,0.6,0,0.0,4,0.448,1.033
OFF-0152,ELEC,Electrical Engineer,2024-07,59,40,67.8,1.0,0,0.0,0,0.693,1.033
OFF-0152,ELEC,Electrical Engineer,2024-08,65,58,89.2,0.5,0,0.0,3,0.55,1.033
OFF-0152,ELEC,Electrical Engineer,2024-09,44,30,68.2,0.5,0,0.0,0,0.443,1.033
OFF-0152,ELEC,Electrical Engineer,2024-10,36,32,88.9,0.7,0,0.0,2,0.437,1.033
OFF-0152,ELEC,Electrical Engineer,2024-11,29,20,69.0,0.5,0,0.0,0,0.343,1.033
OFF-0152,ELEC,Electrical Engineer,2024-12,25,17,68.0,0.8,0,0.0,1,0.413,1.033
OFF-0153,ELEC,Junior Engineer,2022-01,42,39,92.9,0.5,0,0.0,1,0.441,1.111
OFF-0153,ELEC,Junior Engineer,2022-02,39,33,84.6,0.5,0,0.0,1,0.41,1.111
OFF-0153,ELEC,Junior Engineer,2022-03,52,41,78.8,0.5,0,0.0,1,0.497,1.111
OFF-0153,ELEC,Junior Engineer,2022-04,40,39,97.5,0.6,0,0.0,0,0.44,1.111
OFF-0153,ELEC,Junior Engineer,2022-05,48,47,97.9,0.5,0,0.0,4,0.47,1.111
OFF-0153,ELEC,Junior Engineer,2022-06,65,61,93.8,0.8,0,0.0,2,0.646,1.111
OFF-0153,ELEC,Junior Engineer,2022-07,57,55,96.5,0.5,0,0.0,0,0.53,1.111
OFF-0153,ELEC,Junior Engineer,2022-08,72,70,97.2,0.9,0,0.0,1,0.669,1.111
OFF-0153,ELEC,Junior Engineer,2022-09,55,51,92.7,0.6,0,0.0,0,0.532,1.111
OFF-0153,ELEC,Junior Engineer,2022-10,38,28,73.7,0.5,0,0.0,0,0.403,1.111
OFF-0153,ELEC,Junior Engineer,2022-11,45,44,97.8,0.5,0,0.0,2,0.45,1.111
OFF-0153,ELEC,Junior Engineer,2022-12,49,47,95.9,0.5,0,0.0,2,0.477,1.111
OFF-0153,ELEC,Junior Engineer,2023-01,43,36,83.7,0.5,0,0.0,2,0.437,1.111
OFF-0153,ELEC,Junior Engineer,2023-02,50,49,98.0,0.5,0,0.0,1,0.483,1.111
OFF-0153,ELEC,Junior Engineer,2023-03,41,40,97.6,0.5,0,0.0,2,0.423,1.111
OFF-0153,ELEC,Junior Engineer,2023-04,37,34,91.9,0.5,0,0.0,3,0.397,1.111
OFF-0153,ELEC,Junior Engineer,2023-05,41,32,78.0,1.2,0,0.0,0,0.573,1.111
OFF-0153,ELEC,Junior Engineer,2023-06,67,53,79.1,0.5,0,0.0,0,0.55,1.111
OFF-0153,ELEC,Junior Engineer,2023-07,52,40,76.9,0.8,0,0.0,4,0.589,1.111
OFF-0153,ELEC,Junior Engineer,2023-08,57,44,77.2,0.5,0,0.0,0,0.53,1.111
OFF-0153,ELEC,Junior Engineer,2023-09,59,53,89.8,0.5,0,0.0,3,0.543,1.111
OFF-0153,ELEC,Junior Engineer,2023-10,50,40,80.0,0.5,0,0.0,1,0.483,1.111
OFF-0153,ELEC,Junior Engineer,2023-11,48,43,89.6,0.6,0,0.0,2,0.515,1.111
OFF-0153,ELEC,Junior Engineer,2023-12,52,43,82.7,0.5,0,0.0,1,0.497,1.111
OFF-0153,ELEC,Junior Engineer,2024-01,35,32,91.4,0.5,0,0.0,2,0.391,1.111
OFF-0153,ELEC,Junior Engineer,2024-02,36,35,97.2,0.5,0,0.0,1,0.39,1.111
OFF-0153,ELEC,Junior Engineer,2024-03,47,46,97.9,0.5,0,0.0,1,0.463,1.111
OFF-0153,ELEC,Junior Engineer,2024-04,52,44,84.6,0.6,0,0.0,1,0.541,1.111
OFF-0153,ELEC,Junior Engineer,2024-05,43,39,90.7,0.6,0,0.0,4,0.475,1.111
OFF-0153,ELEC,Junior Engineer,2024-06,69,67,97.1,0.8,0,0.0,2,0.632,1.111
OFF-0153,ELEC,Junior Engineer,2024-07,85,65,76.5,0.6,0,0.0,0,0.565,1.111
OFF-0153,ELEC,Junior Engineer,2024-08,68,66,97.1,0.6,0,0.0,1,0.573,1.111
OFF-0153,ELEC,Junior Engineer,2024-09,60,43,71.7,0.5,0,0.0,1,0.55,1.111
OFF-0153,ELEC,Junior Engineer,2024-10,43,35,81.4,0.6,0,0.0,1,0.48,1.111
OFF-0153,ELEC,Junior Engineer,2024-11,42,36,85.7,0.6,0,0.0,2,0.446,1.111
OFF-0153,ELEC,Junior Engineer,2024-12,37,32,86.5,0.8,0,0.0,0,0.493,1.111
OFF-0154,ELEC,Electrical Engineer,2022-01,17,13,76.5,0.7,0,0.0,3,0.308,1.006
OFF-0154,ELEC,Electrical Engineer,2022-02,13,12,92.3,0.5,0,0.0,1,0.237,1.006
OFF-0154,ELEC,Electrical Engineer,2022-03,17,14,82.4,0.5,0,0.0,1,0.263,1.006
OFF-0154,ELEC,Electrical Engineer,2022-04,15,11,73.3,0.6,0,0.0,3,0.286,1.006
OFF-0154,ELEC,Electrical Engineer,2022-05,12,8,66.7,0.5,0,0.0,1,0.23,1.006
OFF-0154,ELEC,Electrical Engineer,2022-06,22,20,90.9,0.5,0,0.0,1,0.297,1.006
OFF-0154,ELEC,Electrical Engineer,2022-07,18,13,72.2,0.5,0,0.0,1,0.27,1.006
OFF-0154,ELEC,Electrical Engineer,2022-08,24,18,75.0,0.5,0,0.0,2,0.31,1.006
OFF-0154,ELEC,Electrical Engineer,2022-09,19,12,63.2,0.9,0,0.0,2,0.387,1.006
OFF-0154,ELEC,Electrical Engineer,2022-10,15,11,73.3,0.7,0,0.0,3,0.298,1.006
OFF-0154,ELEC,Electrical Engineer,2022-11,15,10,66.7,0.5,0,0.0,2,0.25,1.006
OFF-0154,ELEC,Electrical Engineer,2022-12,17,15,88.2,0.5,0,0.0,0,0.267,1.006
OFF-0154,ELEC,Electrical Engineer,2023-01,16,12,75.0,1.0,0,0.0,1,0.407,1.006
OFF-0154,ELEC,Electrical Engineer,2023-02,15,13,86.7,0.5,0,0.0,1,0.25,1.006
OFF-0154,ELEC,Electrical Engineer,2023-03,13,9,69.2,0.7,0,0.0,0,0.305,1.006
OFF-0154,ELEC,Electrical Engineer,2023-04,14,10,71.4,0.5,0,0.0,0,0.243,1.006
OFF-0154,ELEC,Electrical Engineer,2023-05,17,15,88.2,0.6,0,0.0,2,0.29,1.006
OFF-0154,ELEC,Electrical Engineer,2023-06,19,13,68.4,0.5,0,0.0,0,0.277,1.006
OFF-0154,ELEC,Electrical Engineer,2023-07,20,13,65.0,1.0,0,0.0,1,0.426,1.006
OFF-0154,ELEC,Electrical Engineer,2023-08,22,18,81.8,0.8,0,0.0,1,0.389,1.006
OFF-0154,ELEC,Electrical Engineer,2023-09,21,16,76.2,0.5,0,0.0,1,0.29,1.006
OFF-0154,ELEC,Electrical Engineer,2023-10,16,13,81.2,0.5,0,0.0,3,0.257,1.006
OFF-0154,ELEC,Electrical Engineer,2023-11,14,11,78.6,0.5,0,0.0,2,0.243,1.006
OFF-0154,ELEC,Electrical Engineer,2023-12,16,11,68.8,0.6,0,0.0,0,0.287,1.006
OFF-0154,ELEC,Electrical Engineer,2024-01,13,10,76.9,1.2,0,0.0,1,0.387,1.006
OFF-0154,ELEC,Electrical Engineer,2024-02,16,12,75.0,0.5,0,0.0,2,0.257,1.006
OFF-0154,ELEC,Electrical Engineer,2024-03,12,11,91.7,0.5,0,0.0,2,0.23,1.006
OFF-0154,ELEC,Electrical Engineer,2024-04,15,10,66.7,0.7,0,0.0,1,0.299,1.006
OFF-0154,ELEC,Electrical Engineer,2024-05,15,13,86.7,0.5,0,0.0,0,0.255,1.006
OFF-0154,ELEC,Electrical Engineer,2024-06,26,23,88.5,0.8,0,0.0,1,0.406,1.006
OFF-0154,ELEC,Electrical Engineer,2024-07,23,15,65.2,1.0,0,0.0,2,0.443,1.006
OFF-0154,ELEC,Electrical Engineer,2024-08,17,11,64.7,0.8,0,0.0,4,0.341,1.006
OFF-0154,ELEC,Electrical Engineer,2024-09,21,16,76.2,0.6,0,0.0,1,0.327,1.006
OFF-0154,ELEC,Electrical Engineer,2024-10,16,14,87.5,0.5,0,0.0,0,0.257,1.006
OFF-0154,ELEC,Electrical Engineer,2024-11,17,13,76.5,0.5,0,0.0,0,0.268,1.006
OFF-0154,ELEC,Electrical Engineer,2024-12,16,14,87.5,1.0,0,0.0,1,0.397,1.006
OFF-0155,ELEC,Executive Engineer,2022-01,26,19,73.1,0.5,0,2.6,1,0.331,0.837
OFF-0155,ELEC,Executive Engineer,2022-02,28,15,53.6,0.5,1,3.7,0,0.348,0.837
OFF-0155,ELEC,Executive Engineer,2022-03,30,16,53.3,0.5,1,4.9,3,0.365,0.837
OFF-0155,ELEC,Executive Engineer,2022-04,30,20,66.7,0.6,0,2.3,3,0.381,0.837
OFF-0155,ELEC,Executive Engineer,2022-05,23,17,73.9,0.6,0,4.2,2,0.34,0.837
OFF-0155,ELEC,Executive Engineer,2022-06,29,15,51.7,0.5,1,4.6,0,0.357,0.837
OFF-0155,ELEC,Executive Engineer,2022-07,50,38,76.0,0.7,1,3.2,4,0.546,0.837
OFF-0155,ELEC,Executive Engineer,2022-08,45,31,68.9,0.5,1,4.2,0,0.463,0.837
OFF-0155,ELEC,Executive Engineer,2022-09,36,23,63.9,0.9,1,4.6,1,0.514,0.837
OFF-0155,ELEC,Executive Engineer,2022-10,25,16,64.0,0.9,0,2.3,3,0.458,0.837
OFF-0155,ELEC,Executive Engineer,2022-11,23,16,69.6,0.8,0,2.3,0,0.401,0.837
OFF-0155,ELEC,Executive Engineer,2022-12,22,15,68.2,0.5,1,4.6,1,0.31,0.837
OFF-0155,ELEC,Executive Engineer,2023-01,30,21,70.0,0.5,0,2.5,0,0.358,0.837
OFF-0155,ELEC,Executive Engineer,2023-02,30,19,63.3,0.7,1,5.9,0,0.433,0.837
OFF-0155,ELEC,Executive Engineer,2023-03,27,21,77.8,0.7,0,2.1,1,0.384,0.837
OFF-0155,ELEC,Executive Engineer,2023-04,29,16,55.2,0.9,1,4.6,3,0.47,0.837
OFF-0155,ELEC,Executive Engineer,2023-05,27,17,63.0,0.5,1,6.1,0,0.348,0.837
OFF-0155,ELEC,Executive Engineer,2023-06,50,32,64.0,0.9,1,2.7,2,0.619,0.837
OFF-0155,ELEC,Executive Engineer,2023-07,45,33,73.3,0.9,1,3.3,3,0.566,0.837
OFF-0155,ELEC,Executive Engineer,2023-08,33,25,75.8,0.5,1,4.1,3,0.382,0.837
OFF-0155,ELEC,Executive Engineer,2023-09,34,21,61.8,0.5,1,5.8,0,0.394,0.837
OFF-0155,ELEC,Executive Engineer,2023-10,33,19,57.6,0.7,1,5.4,2,0.46,0.837
OFF-0155,ELEC,Executive Engineer,2023-11,28,19,67.9,1.0,1,5.2,1,0.502,0.837
OFF-0155,ELEC,Executive Engineer,2023-12,31,18,58.1,0.5,1,3.8,1,0.368,0.837
OFF-0155,ELEC,Executive Engineer,2024-01,23,16,69.6,0.8,1,6.0,1,0.413,0.837
OFF-0155,ELEC,Executive Engineer,2024-02,32,22,68.8,0.8,1,5.9,1,0.48,0.837
OFF-0155,ELEC,Executive Engineer,2024-03,24,15,62.5,0.6,0,1.8,1,0.35,0.837
OFF-0155,ELEC,Executive Engineer,2024-04,24,14,58.3,0.9,0,2.0,0,0.446,0.837
OFF-0155,ELEC,Executive Engineer,2024-05,23,18,78.3,0.8,0,3.2,1,0.406,0.837
OFF-0155,ELEC,Executive Engineer,2024-06,49,26,53.1,0.9,2,4.2,1,0.615,0.837
OFF-0155,ELEC,Executive Engineer,2024-07,32,22,68.8,0.5,1,3.8,2,0.38,0.837
OFF-0155,ELEC,Executive Engineer,2024-08,32,24,75.0,0.5,0,3.1,2,0.373,0.837
OFF-0155,ELEC,Executive Engineer,2024-09,43,23,53.5,0.5,1,3.7,0,0.448,0.837
OFF-0155,ELEC,Executive Engineer,2024-10,23,16,69.6,1.1,0,3.6,1,0.464,0.837
OFF-0155,ELEC,Executive Engineer,2024-11,23,14,60.9,0.9,0,4.2,3,0.448,0.837
OFF-0155,ELEC,Executive Engineer,2024-12,24,15,62.5,0.5,1,6.4,3,0.34,0.837
OFF-0156,ELEC,Executive Engineer,2022-01,13,10,76.9,0.5,0,0.0,1,0.237,1.168
OFF-0156,ELEC,Executive Engineer,2022-02,17,15,88.2,0.6,0,0.0,1,0.291,1.168
OFF-0156,ELEC,Executive Engineer,2022-03,15,14,93.3,0.9,0,0.0,0,0.357,1.168
OFF-0156,ELEC,Executive Engineer,2022-04,17,14,82.4,0.6,0,0.0,4,0.301,1.168
OFF-0156,ELEC,Executive Engineer,2022-05,17,16,94.1,0.5,0,0.0,1,0.263,1.168
OFF-0156,ELEC,Executive Engineer,2022-06,21,19,90.5,0.7,0,0.0,3,0.341,1.168
OFF-0156,ELEC,Executive Engineer,2022-07,29,22,75.9,0.5,0,0.0,2,0.343,1.168
OFF-0156,ELEC,Executive Engineer,2022-08,28,21,75.0,0.7,0,0.0,0,0.406,1.168
OFF-0156,ELEC,Executive Engineer,2022-09,31,30,96.8,0.9,0,0.0,3,0.489,1.168
OFF-0156,ELEC,Executive Engineer,2022-10,14,12,85.7,0.5,0,0.0,1,0.243,1.168
OFF-0156,ELEC,Executive Engineer,2022-11,13,11,84.6,0.5,0,0.0,0,0.237,1.168
OFF-0156,ELEC,Executive Engineer,2022-12,14,10,71.4,0.5,0,0.0,0,0.243,1.168
OFF-0156,ELEC,Executive Engineer,2023-01,18,16,88.9,0.5,0,0.0,3,0.27,1.168
OFF-0156,ELEC,Executive Engineer,2023-02,18,16,88.9,0.6,0,0.0,0,0.31,1.168
OFF-0156,ELEC,Executive Engineer,2023-03,16,15,93.8,0.7,0,0.0,0,0.314,1.168
OFF-0156,ELEC,Executive Engineer,2023-04,17,16,94.1,0.5,0,0.0,1,0.263,1.168
OFF-0156,ELEC,Executive Engineer,2023-05,13,12,92.3,0.5,0,0.0,1,0.249,1.168
OFF-0156,ELEC,Executive Engineer,2023-06,25,24,96.0,0.5,0,0.0,1,0.317,1.168
OFF-0156,ELEC,Executive Engineer,2023-07,23,21,91.3,0.5,0,0.0,0,0.303,1.168
OFF-0156,ELEC,Executive Engineer,2023-08,21,20,95.2,0.5,0,0.0,1,0.29,1.168
OFF-0156,ELEC,Executive Engineer,2023-09,23,22,95.7,0.6,0,0.0,1,0.347,1.168
OFF-0156,ELEC,Executive Engineer,2023-10,16,13,81.2,0.5,0,0.0,2,0.257,1.168
OFF-0156,ELEC,Executive Engineer,2023-11,14,10,71.4,0.5,0,0.0,4,0.243,1.168
OFF-0156,ELEC,Executive Engineer,2023-12,17,16,94.1,0.5,0,0.0,0,0.263,1.168
OFF-0156,ELEC,Executive Engineer,2024-01,15,14,93.3,0.5,0,0.0,1,0.25,1.168
OFF-0156,ELEC,Executive Engineer,2024-02,17,16,94.1,0.5,0,0.0,1,0.263,1.168
OFF-0156,ELEC,Executive Engineer,2024-03,15,13,86.7,0.5,0,0.0,3,0.25,1.168
OFF-0156,ELEC,Executive Engineer,2024-04,17,16,94.1,0.7,0,0.0,1,0.313,1.168
OFF-0156,ELEC,Executive Engineer,2024-05,16,15,93.8,0.5,0,0.0,1,0.257,1.168
OFF-0156,ELEC,Executive Engineer,2024-06,18,17,94.4,0.6,0,0.0,4,0.306,1.168
OFF-0156,ELEC,Executive Engineer,2024-07,25,21,84.0,0.5,0,0.0,2,0.317,1.168
OFF-0156,ELEC,Executive Engineer,2024-08,19,17,89.5,0.5,0,0.0,0,0.277,1.168
OFF-0156,ELEC,Executive Engineer,2024-09,24,22,91.7,0.5,0,0.0,0,0.31,1.168
OFF-0156,ELEC,Executive Engineer,2024-10,13,12,92.3,0.5,0,0.0,2,0.237,1.168
OFF-0156,ELEC,Executive Engineer,2024-11,14,12,85.7,0.5,0,0.0,3,0.243,1.168
OFF-0156,ELEC,Executive Engineer,2024-12,14,13,92.9,0.9,0,0.0,0,0.366,1.168
OFF-0157,ELEC,Executive Engineer,2022-01,43,42,97.7,0.5,0,0.0,0,0.437,1.243
OFF-0157,ELEC,Executive Engineer,2022-02,29,28,96.6,0.5,0,0.0,1,0.343,1.243
OFF-0157,ELEC,Executive Engineer,2022-03,41,40,97.6,0.7,0,0.0,1,0.478,1.243
OFF-0157,ELEC,Executive Engineer,2022-04,35,28,80.0,0.5,0,0.0,0,0.383,1.243
OFF-0157,ELEC,Executive Engineer,2022-05,40,38,95.0,0.5,0,0.0,1,0.417,1.243
OFF-0157,ELEC,Executive Engineer,2022-06,62,58,93.5,0.5,0,0.0,2,0.55,1.243
OFF-0157,ELEC,Executive Engineer,2022-07,59,57,96.6,0.5,0,0.0,1,0.543,1.243
OFF-0157,ELEC,Executive Engineer,2022-08,51,46,90.2,0.5,0,0.0,1,0.49,1.243
OFF-0157,ELEC,Executive Engineer,2022-09,52,50,96.2,0.5,0,0.0,3,0.497,1.243
OFF-0157,ELEC,Executive Engineer,2022-10,28,27,96.4,0.5,0,0.0,1,0.337,1.243
OFF-0157,ELEC,Executive Engineer,2022-11,33,31,93.9,0.5,0,0.0,1,0.37,1.243
OFF-0157,ELEC,Executive Engineer,2022-12,29,28,96.6,0.8,0,0.0,1,0.438,1.243
OFF-0157,ELEC,Executive Engineer,2023-01,29,26,89.7,0.5,0,0.0,4,0.343,1.243
OFF-0157,ELEC,Executive Engineer,2023-02,37,30,81.1,0.5,0,0.0,0,0.397,1.243
OFF-0157,ELEC,Executive Engineer,2023-03,42,37,88.1,0.5,0,0.0,0,0.441,1.243
OFF-0157,ELEC,Executive Engineer,2023-04,35,34,97.1,0.5,0,0.0,1,0.383,1.243
OFF-0157,ELEC,Executive Engineer,2023-05,31,30,96.8,0.5,0,0.0,2,0.357,1.243
OFF-0157,ELEC,Executive Engineer,2023-06,69,67,97.1,0.5,0,0.0,1,0.55,1.243
OFF-0157,ELEC,Executive Engineer,2023-07,55,53,96.4,0.5,0,0.0,2,0.517,1.243
OFF-0157,ELEC,Executive Engineer,2023-08,42,38,90.5,0.5,0,0.0,2,0.43,1.243
OFF-0157,ELEC,Executive Engineer,2023-09,40,39,97.5,0.7,0,0.0,1,0.471,1.243
OFF-0157,ELEC,Executive Engineer,2023-10,33,32,97.0,0.5,0,0.0,0,0.37,1.243
OFF-0157,ELEC,Executive Engineer,2023-11,41,40,97.6,0.5,0,0.0,1,0.423,1.243
OFF-0157,ELEC,Executive Engineer,2023-12,30,29,96.7,0.5,0,0.0,2,0.355,1.243
OFF-0157,ELEC,Executive Engineer,2024-01,34,33,97.1,0.5,0,0.0,2,0.377,1.243
OFF-0157,ELEC,Executive Engineer,2024-02,31,30,96.8,0.6,0,0.0,3,0.376,1.243
OFF-0157,ELEC,Executive Engineer,2024-03,28,26,92.9,0.6,0,0.0,0,0.357,1.243
OFF-0157,ELEC,Executive Engineer,2024-04,32,29,90.6,0.5,0,0.0,1,0.363,1.243
OFF-0157,ELEC,Executive Engineer,2024-05,33,32,97.0,0.5,0,0.0,1,0.37,1.243
OFF-0157,ELEC,Executive Engineer,2024-06,42,41,97.6,0.5,0,0.0,0,0.43,1.243
OFF-0157,ELEC,Executive Engineer,2024-07,56,54,96.4,0.5,0,0.0,1,0.523,1.243
OFF-0157,ELEC,Executive Engineer,2024-08,46,40,87.0,0.6,0,0.0,1,0.489,1.243
OFF-0157,ELEC,Executive Engineer,2024-09,70,68,97.1,0.5,0,0.0,0,0.55,1.243
OFF-0157,ELEC,Executive Engineer,2024-10,42,41,97.6,0.5,0,0.0,2,0.43,1.243
OFF-0157,ELEC,Executive Engineer,2024-11,30,28,93.3,0.5,0,0.0,2,0.35,1.243
OFF-0157,ELEC,Executive Engineer,2024-12,42,41,97.6,0.5,0,0.0,0,0.43,1.243
OFF-0158,ELEC,Electrical Engineer,2022-01,23,17,73.9,0.5,0,2.1,1,0.317,0.933
OFF-0158,ELEC,Electrical Engineer,2022-02,22,19,86.4,0.5,0,1.0,1,0.305,0.933
OFF-0158,ELEC,Electrical Engineer,2022-03,25,18,72.0,0.9,0,2.4,0,0.438,0.933
OFF-0158,ELEC,Electrical Engineer,2022-04,27,18,66.7,0.5,0,2.0,0,0.35,0.933
OFF-0158,ELEC,Electrical Engineer,2022-05,32,25,78.1,0.6,0,1.7,1,0.386,0.933
OFF-0158,ELEC,Electrical Engineer,2022-06,42,36,85.7,0.5,0,1.8,1,0.435,0.933
OFF-0158,ELEC,Electrical Engineer,2022-07,52,40,76.9,1.0,0,0.8,2,0.649,0.933
OFF-0158,ELEC,Electrical Engineer,2022-08,34,26,76.5,0.5,0,1.5,0,0.381,0.933
OFF-0158,ELEC,Electrical Engineer,2022-09,32,27,84.4,0.5,0,2.1,1,0.37,0.933
OFF-0158,ELEC,Electrical Engineer,2022-10,26,19,73.1,0.5,0,2.0,2,0.329,0.933
OFF-0158,ELEC,Electrical Engineer,2022-11,26,21,80.8,0.9,0,2.3,2,0.446,0.933
OFF-0158,ELEC,Electrical Engineer,2022-12,27,22,81.5,0.6,0,0.8,2,0.363,0.933
OFF-0158,ELEC,Electrical Engineer,2023-01,30,19,63.3,0.8,0,1.4,1,0.438,0.933
OFF-0158,ELEC,Electrical Engineer,2023-02,22,16,72.7,0.5,0,1.0,0,0.3,0.933
OFF-0158,ELEC,Electrical Engineer,2023-03,32,26,81.2,0.5,0,1.5,0,0.368,0.933
OFF-0158,ELEC,Electrical Engineer,2023-04,22,15,68.2,0.7,0,2.3,1,0.359,0.933
OFF-0158,ELEC,Electrical Engineer,2023-05,24,21,87.5,0.5,0,2.2,0,0.317,0.933
OFF-0158,ELEC,Electrical Engineer,2023-06,47,30,63.8,0.7,1,2.5,1,0.534,0.933
OFF-0158,ELEC,Electrical Engineer,2023-07,45,34,75.6,0.6,0,2.1,1,0.492,0.933
OFF-0158,ELEC,Electrical Engineer,2023-08,50,30,60.0,0.6,0,1.8,4,0.517,0.933
OFF-0158,ELEC,Electrical Engineer,2023-09,46,39,84.8,0.5,1,2.4,2,0.464,0.933
OFF-0158,ELEC,Electrical Engineer,2023-10,31,26,83.9,0.5,0,1.7,1,0.362,0.933
OFF-0158,ELEC,Electrical Engineer,2023-11,28,18,64.3,0.5,0,1.8,1,0.342,0.933
OFF-0158,ELEC,Electrical Engineer,2023-12,25,17,68.0,0.7,0,2.6,4,0.384,0.933
OFF-0158,ELEC,Electrical Engineer,2024-01,32,28,87.5,0.7,0,1.0,0,0.438,0.933
OFF-0158,ELEC,Electrical Engineer,2024-02,26,17,65.4,0.5,0,2.6,1,0.334,0.933
OFF-0158,ELEC,Electrical Engineer,2024-03,29,22,75.9,0.5,0,2.5,1,0.352,0.933
OFF-0158,ELEC,Electrical Engineer,2024-04,23,16,69.6,0.5,0,2.0,0,0.309,0.933
OFF-0158,ELEC,Electrical Engineer,2024-05,25,17,68.0,0.8,0,0.8,0,0.406,0.933
OFF-0158,ELEC,Electrical Engineer,2024-06,37,30,81.1,0.8,0,1.3,2,0.496,0.933
OFF-0158,ELEC,Electrical Engineer,2024-07,45,37,82.2,0.7,0,1.1,2,0.508,0.933
OFF-0158,ELEC,Electrical Engineer,2024-08,32,19,59.4,0.5,0,0.9,1,0.366,0.933
OFF-0158,ELEC,Electrical Engineer,2024-09,44,28,63.6,0.5,1,2.6,0,0.451,0.933
OFF-0158,ELEC,Electrical Engineer,2024-10,24,14,58.3,0.7,0,0.8,1,0.37,0.933
OFF-0158,ELEC,Electrical Engineer,2024-11,30,18,60.0,0.6,0,1.9,1,0.376,0.933
OFF-0158,ELEC,Electrical Engineer,2024-12,22,19,86.4,0.5,0,1.0,3,0.3,0.933
OFF-0159,ELEC,Executive Engineer,2022-01,33,23,69.7,0.7,0,1.3,1,0.434,0.965
OFF-0159,ELEC,Executive Engineer,2022-02,35,28,80.0,0.5,0,1.2,0,0.387,0.965
OFF-0159,ELEC,Executive Engineer,2022-03,29,20,69.0,0.7,0,0.8,0,0.394,0.965
OFF-0159,ELEC,Executive Engineer,2022-04,33,27,81.8,0.5,0,1.0,1,0.373,0.965
OFF-0159,ELEC,Executive Engineer,2022-05,32,26,81.2,0.9,0,1.1,2,0.489,0.965
OFF-0159,ELEC,Executive Engineer,2022-06,48,38,79.2,0.6,0,0.5,3,0.49,0.965
OFF-0159,ELEC,Executive Engineer,2022-07,40,26,65.0,0.8,0,0.9,2,0.507,0.965
OFF-0159,ELEC,Executive Engineer,2022-08,41,35,85.4,0.5,0,1.0,1,0.426,0.965
OFF-0159,ELEC,Executive Engineer,2022-09,64,42,65.6,0.5,0,0.7,1,0.552,0.965
OFF-0159,ELEC,Executive Engineer,2022-10,30,20,66.7,0.8,0,0.4,1,0.435,0.965
OFF-0159,ELEC,Executive Engineer,2022-11,29,24,82.8,0.5,0,0.6,1,0.345,0.965
OFF-0159,ELEC,Executive Engineer,2022-12,32,20,62.5,0.5,0,1.1,2,0.369,0.965
OFF-0159,ELEC,Executive Engineer,2023-01,34,25,73.5,0.7,0,1.2,2,0.438,0.965
OFF-0159,ELEC,Executive Engineer,2023-02,35,22,62.9,0.5,0,0.6,2,0.385,0.965
OFF-0159,ELEC,Executive Engineer,2023-03,30,20,66.7,0.9,0,1.2,2,0.464,0.965
OFF-0159,ELEC,Executive Engineer,2023-04,30,18,60.0,0.7,0,1.0,2,0.407,0.965
OFF-0159,ELEC,Executive Engineer,2023-05,38,24,63.2,0.5,0,0.4,2,0.404,0.965
OFF-0159,ELEC,Executive Engineer,2023-06,58,50,86.2,0.5,0,0.8,2,0.539,0.965
OFF-0159,ELEC,Executive Engineer,2023-07,39,26,66.7,0.6,0,0.5,1,0.432,0.965
OFF-0159,ELEC,Executive Engineer,2023-08,48,34,70.8,0.5,0,1.1,0,0.473,0.965
OFF-0159,ELEC,Executive Engineer,2023-09,49,38,77.6,0.6,0,0.8,3,0.524,0.965
OFF-0159,ELEC,Executive Engineer,2023-10,28,18,64.3,0.5,0,0.9,0,0.345,0.965
OFF-0159,ELEC,Executive Engineer,2023-11,37,31,83.8,1.0,0,1.1,1,0.548,0.965
OFF-0159,ELEC,Executive Engineer,2023-12,33,23,69.7,0.6,0,0.5,0,0.407,0.965
OFF-0159,ELEC,Executive Engineer,2024-01,32,26,81.2,0.9,0,0.9,2,0.48,0.965
OFF-0159,ELEC,Executive Engineer,2024-02,34,23,67.6,0.6,0,0.6,1,0.396,0.965
OFF-0159,ELEC,Executive Engineer,2024-03,28,22,78.6,0.7,0,1.2,1,0.401,0.965
OFF-0159,ELEC,Executive Engineer,2024-04,38,33,86.8,0.5,0,1.2,1,0.407,0.965
OFF-0159,ELEC,Executive Engineer,2024-05,27,21,77.8,0.6,0,0.4,1,0.372,0.965
OFF-0159,ELEC,Executive Engineer,2024-06,60,41,68.3,0.6,0,0.4,0,0.592,0.965
OFF-0159,ELEC,Executive Engineer,2024-07,39,31,79.5,0.5,0,1.4,1,0.414,0.965
OFF-0159,ELEC,Executive Engineer,2024-08,62,49,79.0,0.5,0,1.3,1,0.554,0.965
OFF-0159,ELEC,Executive Engineer,2024-09,52,41,78.8,0.6,0,0.6,3,0.53,0.965
OFF-0159,ELEC,Executive Engineer,2024-10,30,26,86.7,0.5,0,0.4,1,0.351,0.965
OFF-0159,ELEC,Executive Engineer,2024-11,30,18,60.0,0.5,0,1.0,1,0.353,0.965
OFF-0159,ELEC,Executive Engineer,2024-12,30,23,76.7,0.8,0,0.5,0,0.455,0.965
OFF-0160,ELEC,Electrical Engineer,2022-01,49,38,77.6,0.5,0,0.7,2,0.479,0.981
OFF-0160,ELEC,Electrical Engineer,2022-02,40,32,80.0,0.6,0,0.4,4,0.45,0.981
OFF-0160,ELEC,Electrical Engineer,2022-03,40,32,80.0,0.8,0,0.5,1,0.497,0.981
OFF-0160,ELEC,Electrical Engineer,2022-04,45,33,73.3,0.6,0,0.6,0,0.479,0.981
OFF-0160,ELEC,Electrical Engineer,2022-05,39,27,69.2,0.6,0,0.3,0,0.444,0.981
OFF-0160,ELEC,Electrical Engineer,2022-06,69,49,71.0,0.5,0,0.3,2,0.551,0.981
OFF-0160,ELEC,Electrical Engineer,2022-07,78,52,66.7,0.5,0,0.2,0,0.551,0.981
OFF-0160,ELEC,Electrical Engineer,2022-08,57,48,84.2,1.0,0,0.7,2,0.682,0.981
OFF-0160,ELEC,Electrical Engineer,2022-09,64,43,67.2,0.5,0,0.4,0,0.551,0.981
OFF-0160,ELEC,Electrical Engineer,2022-10,50,34,68.0,1.0,0,0.6,0,0.635,0.981
OFF-0160,ELEC,Electrical Engineer,2022-11,36,32,88.9,0.7,0,0.5,1,0.447,0.981
OFF-0160,ELEC,Electrical Engineer,2022-12,35,28,80.0,0.5,0,0.2,1,0.384,0.981
OFF-0160,ELEC,Electrical Engineer,2023-01,41,28,68.3,0.5,0,0.3,2,0.424,0.981
OFF-0160,ELEC,Electrical Engineer,2023-02,39,27,69.2,0.7,0,0.4,1,0.463,0.981
OFF-0160,ELEC,Electrical Engineer,2023-03,46,31,67.4,0.5,0,0.4,1,0.458,0.981
OFF-0160,ELEC,Electrical Engineer,2023-04,42,28,66.7,0.8,0,0.6,0,0.517,0.981
OFF-0160,ELEC,Electrical Engineer,2023-05,40,36,90.0,0.6,0,0.3,2,0.457,0.981
OFF-0160,ELEC,Electrical Engineer,2023-06,49,38,77.6,0.5,0,0.3,0,0.485,0.981
OFF-0160,ELEC,Electrical Engineer,2023-07,51,37,72.5,0.5,0,0.4,3,0.491,0.981
OFF-0160,ELEC,Electrical Engineer,2023-08,53,37,69.8,0.5,0,0.7,1,0.506,0.981
OFF-0160,ELEC,Electrical Engineer,2023-09,57,44,77.2,0.6,0,0.5,1,0.548,0.981
OFF-0160,ELEC,Electrical Engineer,2023-10,38,29,76.3,0.5,0,0.6,0,0.405,0.981
OFF-0160,ELEC,Electrical Engineer,2023-11,44,31,70.5,0.5,0,0.4,1,0.445,0.981
OFF-0160,ELEC,Electrical Engineer,2023-12,35,32,91.4,0.5,0,0.4,0,0.385,0.981
OFF-0160,ELEC,Electrical Engineer,2024-01,48,31,64.6,0.7,0,0.3,0,0.525,0.981
OFF-0160,ELEC,Electrical Engineer,2024-02,49,43,87.8,0.5,0,0.8,4,0.479,0.981
OFF-0160,ELEC,Electrical Engineer,2024-03,38,33,86.8,0.5,0,0.5,0,0.405,0.981
OFF-0160,ELEC,Electrical Engineer,2024-04,43,33,76.7,0.6,0,0.3,1,0.463,0.981
OFF-0160,ELEC,Electrical Engineer,2024-05,46,40,87.0,0.5,0,0.4,1,0.458,0.981
OFF-0160,ELEC,Electrical Engineer,2024-06,70,63,90.0,0.5,0,0.7,2,0.552,0.981
OFF-0160,ELEC,Electrical Engineer,2024-07,79,54,68.4,0.5,0,0.7,0,0.552,0.981
OFF-0160,ELEC,Electrical Engineer,2024-08,80,72,90.0,0.7,0,0.7,0,0.609,0.981
OFF-0160,ELEC,Electrical Engineer,2024-09,63,44,69.8,0.5,0,0.2,1,0.551,0.981
OFF-0160,ELEC,Electrical Engineer,2024-10,45,34,75.6,0.6,0,0.4,0,0.49,0.981
OFF-0160,ELEC,Electrical Engineer,2024-11,45,41,91.1,1.0,0,0.5,1,0.594,0.981
OFF-0160,ELEC,Electrical Engineer,2024-12,44,40,90.9,0.5,0,0.3,1,0.444,0.981
OFF-0161,ELEC,Junior Engineer,2022-01,34,22,64.7,0.5,0,0.0,0,0.377,1.004
OFF-0161,ELEC,Junior Engineer,2022-02,33,21,63.6,0.5,0,0.0,0,0.37,1.004
OFF-0161,ELEC,Junior Engineer,2022-03,34,31,91.2,0.5,0,0.0,1,0.377,1.004
OFF-0161,ELEC,Junior Engineer,2022-04,44,30,68.2,0.5,0,0.0,1,0.443,1.004
OFF-0161,ELEC,Junior Engineer,2022-05,31,25,80.6,0.5,0,0.0,0,0.357,1.004
OFF-0161,ELEC,Junior Engineer,2022-06,71,55,77.5,0.5,0,0.0,0,0.55,1.004
OFF-0161,ELEC,Junior Engineer,2022-07,50,45,90.0,0.5,0,0.0,3,0.483,1.004
OFF-0161,ELEC,Junior Engineer,2022-08,61,42,68.9,0.9,0,0.0,1,0.684,1.004
OFF-0161,ELEC,Junior Engineer,2022-09,55,37,67.3,0.5,0,0.0,2,0.517,1.004
OFF-0161,ELEC,Junior Engineer,2022-10,34,26,76.5,0.5,0,0.0,0,0.377,1.004
OFF-0161,ELEC,Junior Engineer,2022-11,34,22,64.7,1.0,0,0.0,0,0.515,1.004
OFF-0161,ELEC,Junior Engineer,2022-12,45,36,80.0,0.5,0,0.0,2,0.45,1.004
OFF-0161,ELEC,Junior Engineer,2023-01,33,27,81.8,0.5,0,0.0,2,0.37,1.004
OFF-0161,ELEC,Junior Engineer,2023-02,44,31,70.5,0.6,0,0.0,1,0.488,1.004
OFF-0161,ELEC,Junior Engineer,2023-03,45,35,77.8,0.5,0,0.0,0,0.45,1.004
OFF-0161,ELEC,Junior Engineer,2023-04,34,26,76.5,0.8,0,0.0,2,0.458,1.004
OFF-0161,ELEC,Junior Engineer,2023-05,44,36,81.8,0.6,0,0.0,1,0.462,1.004
OFF-0161,ELEC,Junior Engineer,2023-06,58,40,69.0,0.9,0,0.0,1,0.667,1.004
OFF-0161,ELEC,Junior Engineer,2023-07,72,53,73.6,0.5,0,0.0,1,0.55,1.004
OFF-0161,ELEC,Junior Engineer,2023-08,47,37,78.7,0.5,0,0.0,1,0.463,1.004
OFF-0161,ELEC,Junior Engineer,2023-09,65,43,66.2,0.5,0,0.0,0,0.55,1.004
OFF-0161,ELEC,Junior Engineer,2023-10,38,27,71.1,0.7,0,0.0,1,0.46,1.004
OFF-0161,ELEC,Junior Engineer,2023-11,42,36,85.7,0.5,0,0.0,0,0.438,1.004
OFF-0161,ELEC,Junior Engineer,2023-12,34,26,76.5,0.9,0,0.0,0,0.5,1.004
OFF-0161,ELEC,Junior Engineer,2024-01,44,34,77.3,0.5,0,0.0,0,0.443,1.004
OFF-0161,ELEC,Junior Engineer,2024-02,40,26,65.0,0.7,0,0.0,0,0.473,1.004
OFF-0161,ELEC,Junior Engineer,2024-03,43,33,76.7,0.5,0,0.0,0,0.437,1.004
OFF-0161,ELEC,Junior Engineer,2024-04,35,31,88.6,0.9,0,0.0,3,0.495,1.004
OFF-0161,ELEC,Junior Engineer,2024-05,40,32,80.0,0.7,0,0.0,2,0.472,1.004
OFF-0161,ELEC,Junior Engineer,2024-06,62,46,74.2,0.5,0,0.0,0,0.55,1.004
OFF-0161,ELEC,Junior Engineer,2024-07,56,48,85.7,0.5,0,0.0,3,0.523,1.004
OFF-0161,ELEC,Junior Engineer,2024-08,54,44,81.5,0.7,0,0.0,3,0.573,1.004
OFF-0161,ELEC,Junior Engineer,2024-09,50,41,82.0,0.5,0,0.0,0,0.483,1.004
OFF-0161,ELEC,Junior Engineer,2024-10,36,24,66.7,0.8,0,0.0,0,0.469,1.004
OFF-0161,ELEC,Junior Engineer,2024-11,31,29,93.5,0.5,0,0.0,0,0.357,1.004
OFF-0161,ELEC,Junior Engineer,2024-12,40,36,90.0,0.5,0,0.0,1,0.417,1.004
OFF-0162,ELEC,Junior Engineer,2022-01,14,12,85.7,0.7,0,0.9,0,0.292,0.956
OFF-0162,ELEC,Junior Engineer,2022-02,17,11,64.7,0.9,0,0.9,1,0.382,0.956
OFF-0162,ELEC,Junior Engineer,2022-03,18,11,61.1,0.5,0,1.0,2,0.273,0.956
OFF-0162,ELEC,Junior Engineer,2022-04,14,8,57.1,0.8,0,1.6,1,0.34,0.956
OFF-0162,ELEC,Junior Engineer,2022-05,16,11,68.8,0.5,0,1.7,2,0.262,0.956
OFF-0162,ELEC,Junior Engineer,2022-06,27,24,88.9,0.6,0,1.0,0,0.374,0.956
OFF-0162,ELEC,Junior Engineer,2022-07,22,19,86.4,0.6,0,0.5,2,0.318,0.956
OFF-0162,ELEC,Junior Engineer,2022-08,20,18,90.0,1.0,0,1.1,0,0.426,0.956
OFF-0162,ELEC,Junior Engineer,2022-09,35,25,71.4,1.1,0,1.5,2,0.538,0.956
OFF-0162,ELEC,Junior Engineer,2022-10,15,11,73.3,0.5,0,0.8,0,0.252,0.956
OFF-0162,ELEC,Junior Engineer,2022-11,17,10,58.8,0.5,0,1.4,0,0.268,0.956
OFF-0162,ELEC,Junior Engineer,2022-12,16,14,87.5,0.5,0,0.6,0,0.259,0.956
OFF-0162,ELEC,Junior Engineer,2023-01,15,12,80.0,0.5,0,0.5,1,0.252,0.956
OFF-0162,ELEC,Junior Engineer,2023-02,15,13,86.7,0.5,0,1.4,1,0.254,0.956
OFF-0162,ELEC,Junior Engineer,2023-03,16,11,68.8,0.5,0,1.0,1,0.26,0.956
OFF-0162,ELEC,Junior Engineer,2023-04,16,13,81.2,0.5,0,0.8,2,0.259,0.956
OFF-0162,ELEC,Junior Engineer,2023-05,18,15,83.3,0.5,0,1.5,2,0.274,0.956
OFF-0162,ELEC,Junior Engineer,2023-06,26,20,76.9,0.5,0,0.5,3,0.325,0.956
OFF-0162,ELEC,Junior Engineer,2023-07,28,21,75.0,0.5,0,1.2,1,0.34,0.956
OFF-0162,ELEC,Junior Engineer,2023-08,21,15,71.4,0.5,0,0.9,3,0.293,0.956
OFF-0162,ELEC,Junior Engineer,2023-09,26,20,76.9,0.5,0,0.7,0,0.325,0.956
OFF-0162,ELEC,Junior Engineer,2023-10,14,11,78.6,0.5,0,0.8,0,0.246,0.956
OFF-0162,ELEC,Junior Engineer,2023-11,14,9,64.3,0.6,0,0.9,0,0.287,0.956
OFF-0162,ELEC,Junior Engineer,2023-12,18,16,88.9,0.6,0,0.6,0,0.31,0.956
OFF-0162,ELEC,Junior Engineer,2024-01,18,11,61.1,1.1,0,1.1,2,0.423,0.956
OFF-0162,ELEC,Junior Engineer,2024-02,17,13,76.5,0.5,0,0.7,0,0.265,0.956
OFF-0162,ELEC,Junior Engineer,2024-03,19,14,73.7,0.5,0,1.1,1,0.28,0.956
OFF-0162,ELEC,Junior Engineer,2024-04,16,12,75.0,0.6,0,1.2,0,0.286,0.956
OFF-0162,ELEC,Junior Engineer,2024-05,20,13,65.0,0.7,0,1.4,1,0.337,0.956
OFF-0162,ELEC,Junior Engineer,2024-06,26,19,73.1,0.5,0,1.2,3,0.327,0.956
OFF-0162,ELEC,Junior Engineer,2024-07,25,21,84.0,0.5,0,0.6,1,0.319,0.956
OFF-0162,ELEC,Junior Engineer,2024-08,30,24,80.0,0.8,0,1.4,1,0.434,0.956
OFF-0162,ELEC,Junior Engineer,2024-09,25,18,72.0,0.5,0,1.4,0,0.334,0.956
OFF-0162,ELEC,Junior Engineer,2024-10,20,16,80.0,0.5,0,0.9,2,0.286,0.956
OFF-0162,ELEC,Junior Engineer,2024-11,20,15,75.0,0.6,0,0.6,2,0.326,0.956
OFF-0162,ELEC,Junior Engineer,2024-12,15,11,73.3,0.6,0,0.5,3,0.27,0.956
OFF-0163,ELEC,Junior Engineer,2022-01,15,10,66.7,0.5,0,1.6,2,0.255,0.943
OFF-0163,ELEC,Junior Engineer,2022-02,15,12,80.0,0.5,0,1.1,0,0.253,0.943
OFF-0163,ELEC,Junior Engineer,2022-03,19,14,73.7,0.9,0,2.2,2,0.411,0.943
OFF-0163,ELEC,Junior Engineer,2022-04,18,13,72.2,0.5,0,1.4,0,0.274,0.943
OFF-0163,ELEC,Junior Engineer,2022-05,15,13,86.7,0.6,0,1.4,0,0.274,0.943
OFF-0163,ELEC,Junior Engineer,2022-06,29,25,86.2,0.9,0,1.1,0,0.478,0.943
OFF-0163,ELEC,Junior Engineer,2022-07,28,17,60.7,0.5,0,1.8,4,0.349,0.943
OFF-0163,ELEC,Junior Engineer,2022-08,20,13,65.0,0.5,0,1.1,1,0.287,0.943
OFF-0163,ELEC,Junior Engineer,2022-09,27,18,66.7,0.7,0,1.5,1,0.387,0.943
OFF-0163,ELEC,Junior Engineer,2022-10,16,11,68.8,0.9,0,1.4,0,0.382,0.943
OFF-0163,ELEC,Junior Engineer,2022-11,17,12,70.6,0.5,0,1.8,1,0.269,0.943
OFF-0163,ELEC,Junior Engineer,2022-12,13,10,76.9,0.6,0,1.7,1,0.279,0.943
OFF-0163,ELEC,Junior Engineer,2023-01,14,8,57.1,0.7,0,1.0,1,0.309,0.943
OFF-0163,ELEC,Junior Engineer,2023-02,13,8,61.5,0.7,0,2.2,1,0.289,0.943
OFF-0163,ELEC,Junior Engineer,2023-03,17,10,58.8,0.8,0,1.2,0,0.359,0.943
OFF-0163,ELEC,Junior Engineer,2023-04,14,12,85.7,0.7,0,0.7,1,0.294,0.943
OFF-0163,ELEC,Junior Engineer,2023-05,16,9,56.2,0.5,0,1.8,2,0.262,0.943
OFF-0163,ELEC,Junior Engineer,2023-06,27,21,77.8,0.6,0,1.2,2,0.355,0.943
OFF-0163,ELEC,Junior Engineer,2023-07,21,12,57.1,0.7,0,1.2,0,0.362,0.943
OFF-0163,ELEC,Junior Engineer,2023-08,23,19,82.6,0.5,0,1.3,2,0.307,0.943
OFF-0163,ELEC,Junior Engineer,2023-09,22,17,77.3,0.5,0,2.0,1,0.303,0.943
OFF-0163,ELEC,Junior Engineer,2023-10,16,14,87.5,0.5,0,1.4,1,0.261,0.943
OFF-0163,ELEC,Junior Engineer,2023-11,18,14,77.8,0.5,0,1.7,1,0.275,0.943
OFF-0163,ELEC,Junior Engineer,2023-12,15,10,66.7,0.5,0,0.7,2,0.252,0.943
OFF-0163,ELEC,Junior Engineer,2024-01,18,14,77.8,1.1,0,1.7,0,0.425,0.943
OFF-0163,ELEC,Junior Engineer,2024-02,13,10,76.9,0.5,0,1.2,1,0.24,0.943
OFF-0163,ELEC,Junior Engineer,2024-03,15,12,80.0,0.5,0,0.6,1,0.252,0.943
OFF-0163,ELEC,Junior Engineer,2024-04,17,12,70.6,0.5,0,2.2,4,0.27,0.943
OFF-0163,ELEC,Junior Engineer,2024-05,13,7,53.8,0.6,0,1.5,2,0.276,0.943
OFF-0163,ELEC,Junior Engineer,2024-06,23,18,78.3,0.5,0,1.5,1,0.308,0.943
OFF-0163,ELEC,Junior Engineer,2024-07,24,19,79.2,0.9,0,1.9,3,0.441,0.943
OFF-0163,ELEC,Junior Engineer,2024-08,24,16,66.7,0.5,0,1.7,0,0.315,0.943
OFF-0163,ELEC,Junior Engineer,2024-09,29,21,72.4,0.5,0,0.9,3,0.346,0.943
OFF-0163,ELEC,Junior Engineer,2024-10,14,10,71.4,0.7,0,1.5,2,0.304,0.943
OFF-0163,ELEC,Junior Engineer,2024-11,14,11,78.6,0.6,0,1.2,0,0.264,0.943
OFF-0163,ELEC,Junior Engineer,2024-12,18,12,66.7,0.8,0,1.5,0,0.355,0.943
OFF-0164,ELEC,Executive Engineer,2022-01,22,16,72.7,0.6,0,0.0,1,0.333,1.048
OFF-0164,ELEC,Executive Engineer,2022-02,30,28,93.3,0.5,0,0.0,1,0.35,1.048
OFF-0164,ELEC,Executive Engineer,2022-03,32,30,93.8,0.5,0,0.0,0,0.363,1.048
OFF-0164,ELEC,Executive Engineer,2022-04,25,20,80.0,0.6,0,0.0,4,0.348,1.048
OFF-0164,ELEC,Executive Engineer,2022-05,23,18,78.3,0.5,0,0.0,0,0.303,1.048
OFF-0164,ELEC,Executive Engineer,2022-06,43,30,69.8,0.5,0,0.0,0,0.445,1.048
OFF-0164,ELEC,Executive Engineer,2022-07,34,27,79.4,0.5,0,0.0,1,0.377,1.048
OFF-0164,ELEC,Executive Engineer,2022-08,41,28,68.3,0.5,0,0.0,2,0.423,1.048
OFF-0164,ELEC,Executive Engineer,2022-09,40,38,95.0,0.6,0,0.0,3,0.447,1.048
OFF-0164,ELEC,Executive Engineer,2022-10,27,21,77.8,0.5,0,0.0,0,0.33,1.048
OFF-0164,ELEC,Executive Engineer,2022-11,25,21,84.0,0.5,0,0.0,2,0.317,1.048
OFF-0164,ELEC,Executive Engineer,2022-12,21,19,90.5,0.5,0,0.0,2,0.29,1.048
OFF-0164,ELEC,Executive Engineer,2023-01,30,21,70.0,0.8,0,0.0,0,0.451,1.048
OFF-0164,ELEC,Executive Engineer,2023-02,28,25,89.3,0.5,0,0.0,0,0.337,1.048
OFF-0164,ELEC,Executive Engineer,2023-03,25,18,72.0,0.5,0,0.0,2,0.317,1.048
OFF-0164,ELEC,Executive Engineer,2023-04,27,22,81.5,0.9,0,0.0,3,0.446,1.048
OFF-0164,ELEC,Executive Engineer,2023-05,31,25,80.6,0.7,0,0.0,0,0.415,1.048
OFF-0164,ELEC,Executive Engineer,2023-06,34,26,76.5,0.5,0,0.0,1,0.377,1.048
OFF-0164,ELEC,Executive Engineer,2023-07,38,29,76.3,0.5,0,0.0,0,0.403,1.048
OFF-0164,ELEC,Executive Engineer,2023-08,37,27,73.0,0.5,0,0.0,1,0.397,1.048
OFF-0164,ELEC,Executive Engineer,2023-09,55,44,80.0,0.5,0,0.0,0,0.517,1.048
OFF-0164,ELEC,Executive Engineer,2023-10,31,24,77.4,0.5,0,0.0,1,0.357,1.048
OFF-0164,ELEC,Executive Engineer,2023-11,23,19,82.6,0.5,0,0.0,1,0.303,1.048
OFF-0164,ELEC,Executive Engineer,2023-12,32,24,75.0,0.5,0,0.0,0,0.363,1.048
OFF-0164,ELEC,Executive Engineer,2024-01,27,21,77.8,0.5,0,0.0,4,0.33,1.048
OFF-0164,ELEC,Executive Engineer,2024-02,29,26,89.7,0.8,0,0.0,1,0.442,1.048
OFF-0164,ELEC,Executive Engineer,2024-03,23,16,69.6,0.5,0,0.0,1,0.303,1.048
OFF-0164,ELEC,Executive Engineer,2024-04,26,21,80.8,0.7,0,0.0,0,0.37,1.048
OFF-0164,ELEC,Executive Engineer,2024-05,32,21,65.6,0.5,0,0.0,4,0.363,1.048
OFF-0164,ELEC,Executive Engineer,2024-06,42,34,81.0,0.5,0,0.0,0,0.43,1.048
OFF-0164,ELEC,Executive Engineer,2024-07,29,23,79.3,0.9,0,0.0,2,0.452,1.048
OFF-0164,ELEC,Executive Engineer,2024-08,42,35,83.3,0.5,0,0.0,0,0.43,1.048
OFF-0164,ELEC,Executive Engineer,2024-09,33,28,84.8,0.6,0,0.0,2,0.401,1.048
OFF-0164,ELEC,Executive Engineer,2024-10,30,22,73.3,0.5,0,0.0,0,0.35,1.048
OFF-0164,ELEC,Executive Engineer,2024-11,30,26,86.7,1.0,0,0.0,0,0.5,1.048
OFF-0164,ELEC,Executive Engineer,2024-12,28,25,89.3,0.5,0,0.0,0,0.337,1.048
OFF-0165,ELEC,Junior Engineer,2022-01,36,35,97.2,0.5,0,0.0,4,0.39,1.212
OFF-0165,ELEC,Junior Engineer,2022-02,36,35,97.2,0.5,0,0.0,2,0.39,1.212
OFF-0165,ELEC,Junior Engineer,2022-03,38,37,97.4,0.8,0,0.0,2,0.491,1.212
OFF-0165,ELEC,Junior Engineer,2022-04,38,32,84.2,0.5,0,0.0,1,0.403,1.212
OFF-0165,ELEC,Junior Engineer,2022-05,37,36,97.3,0.6,0,0.0,2,0.42,1.212
OFF-0165,ELEC,Junior Engineer,2022-06,51,49,96.1,0.5,0,0.0,2,0.49,1.212
OFF-0165,ELEC,Junior Engineer,2022-07,57,47,82.5,0.5,0,0.0,3,0.53,1.212
OFF-0165,ELEC,Junior Engineer,2022-08,58,46,79.3,0.5,0,0.0,1,0.537,1.212
OFF-0165,ELEC,Junior Engineer,2022-09,67,65,97.0,0.7,0,0.0,0,0.609,1.212
OFF-0165,ELEC,Junior Engineer,2022-10,45,44,97.8,0.5,0,0.0,0,0.45,1.212
OFF-0165,ELEC,Junior Engineer,2022-11,30,24,80.0,0.5,0,0.0,1,0.35,1.212
OFF-0165,ELEC,Junior Engineer,2022-12,38,34,89.5,0.6,0,0.0,0,0.44,1.212
OFF-0165,ELEC,Junior Engineer,2023-01,42,41,97.6,0.5,0,0.0,0,0.43,1.212
OFF-0165,ELEC,Junior Engineer,2023-02,31,30,96.8,0.5,0,0.0,1,0.357,1.212
OFF-0165,ELEC,Junior Engineer,2023-03,39,33,84.6,0.5,0,0.0,3,0.41,1.212
OFF-0165,ELEC,Junior Engineer,2023-04,33,32,97.0,0.6,0,0.0,2,0.397,1.212
OFF-0165,ELEC,Junior Engineer,2023-05,39,36,92.3,0.5,0,0.0,1,0.41,1.212
OFF-0165,ELEC,Junior Engineer,2023-06,68,63,92.6,0.5,0,0.0,2,0.55,1.212
OFF-0165,ELEC,Junior Engineer,2023-07,62,60,96.8,0.8,0,0.0,2,0.63,1.212
OFF-0165,ELEC,Junior Engineer,2023-08,64,62,96.9,0.9,0,0.0,1,0.662,1.212
OFF-0165,ELEC,Junior Engineer,2023-09,46,39,84.8,0.7,0,0.0,2,0.505,1.212
OFF-0165,ELEC,Junior Engineer,2023-10,37,31,83.8,0.5,0,0.0,1,0.409,1.212
OFF-0165,ELEC,Junior Engineer,2023-11,39,38,97.4,0.7,0,0.0,0,0.461,1.212
OFF-0165,ELEC,Junior Engineer,2023-12,42,41,97.6,0.5,0,0.0,4,0.43,1.212
OFF-0165,ELEC,Junior Engineer,2024-01,45,44,97.8,0.5,0,0.0,0,0.45,1.212
OFF-0165,ELEC,Junior Engineer,2024-02,32,30,93.8,0.5,0,0.0,2,0.363,1.212
OFF-0165,ELEC,Junior Engineer,2024-03,38,37,97.4,0.5,0,0.0,3,0.403,1.212
OFF-0165,ELEC,Junior Engineer,2024-04,30,29,96.7,0.5,0,0.0,1,0.35,1.212
OFF-0165,ELEC,Junior Engineer,2024-05,35,34,97.1,0.6,0,0.0,0,0.404,1.212
OFF-0165,ELEC,Junior Engineer,2024-06,63,61,96.8,0.5,0,0.0,2,0.55,1.212
OFF-0165,ELEC,Junior Engineer,2024-07,45,44,97.8,0.7,0,0.0,1,0.522,1.212
OFF-0165,ELEC,Junior Engineer,2024-08,57,55,96.5,0.5,0,0.0,2,0.53,1.212
OFF-0165,ELEC,Junior Engineer,2024-09,60,50,83.3,0.5,0,0.0,0,0.55,1.212
OFF-0165,ELEC,Junior Engineer,2024-10,39,38,97.4,0.7,0,0.0,1,0.472,1.212
OFF-0165,ELEC,Junior Engineer,2024-11,33,27,81.8,0.8,0,0.0,2,0.464,1.212
OFF-0165,ELEC,Junior Engineer,2024-12,32,31,96.9,0.8,0,0.0,1,0.44,1.212
OFF-0166,ELEC,Executive Engineer,2022-01,40,26,65.0,0.8,1,2.8,1,0.501,0.824
OFF-0166,ELEC,Executive Engineer,2022-02,33,25,75.8,1.0,1,3.4,0,0.523,0.824
OFF-0166,ELEC,Executive Engineer,2022-03,40,22,55.0,0.8,0,1.9,0,0.521,0.824
OFF-0166,ELEC,Executive Engineer,2022-04,32,24,75.0,0.8,2,6.7,1,0.46,0.824
OFF-0166,ELEC,Executive Engineer,2022-05,32,22,68.8,0.7,1,6.1,1,0.44,0.824
OFF-0166,ELEC,Executive Engineer,2022-06,69,45,65.2,0.5,3,4.6,1,0.564,0.824
OFF-0166,ELEC,Executive Engineer,2022-07,58,42,72.4,0.5,3,6.6,4,0.557,0.824
OFF-0166,ELEC,Executive Engineer,2022-08,45,32,71.1,0.5,1,2.6,0,0.458,0.824
OFF-0166,ELEC,Executive Engineer,2022-09,61,43,70.5,1.1,1,1.9,3,0.706,0.824
OFF-0166,ELEC,Executive Engineer,2022-10,29,18,62.1,0.5,0,2.3,0,0.35,0.824
OFF-0166,ELEC,Executive Engineer,2022-11,31,20,64.5,0.6,0,2.6,2,0.407,0.824
OFF-0166,ELEC,Executive Engineer,2022-12,39,23,59.0,0.7,1,3.3,0,0.488,0.824
OFF-0166,ELEC,Executive Engineer,2023-01,41,30,73.2,0.6,2,5.7,1,0.458,0.824
OFF-0166,ELEC,Executive Engineer,2023-02,32,24,75.0,0.7,1,4.0,4,0.445,0.824
OFF-0166,ELEC,Executive Engineer,2023-03,40,22,55.0,0.8,1,4.4,0,0.51,0.824
OFF-0166,ELEC,Executive Engineer,2023-04,32,24,75.0,0.6,0,2.3,3,0.412,0.824
OFF-0166,ELEC,Executive Engineer,2023-05,36,23,63.9,0.6,0,2.3,1,0.436,0.824
OFF-0166,ELEC,Executive Engineer,2023-06,62,44,71.0,0.9,1,1.8,0,0.687,0.824
OFF-0166,ELEC,Executive Engineer,2023-07,55,33,60.0,0.5,3,7.0,0,0.538,0.824
OFF-0166,ELEC,Executive Engineer,2023-08,63,45,71.4,1.0,3,6.1,1,0.718,0.824
OFF-0166,ELEC,Executive Engineer,2023-09,53,39,73.6,0.6,2,4.6,2,0.559,0.824
OFF-0166,ELEC,Executive Engineer,2023-10,42,23,54.8,0.7,1,3.6,3,0.508,0.824
OFF-0166,ELEC,Executive Engineer,2023-11,41,31,75.6,0.5,2,5.0,1,0.442,0.824
OFF-0166,ELEC,Executive Engineer,2023-12,37,26,70.3,1.0,2,6.0,0,0.565,0.824
OFF-0166,ELEC,Executive Engineer,2024-01,33,22,66.7,0.6,1,5.4,1,0.403,0.824
OFF-0166,ELEC,Executive Engineer,2024-02,30,20,66.7,0.5,1,5.9,1,0.368,0.824
OFF-0166,ELEC,Executive Engineer,2024-03,37,28,75.7,1.0,2,6.6,1,0.566,0.824
OFF-0166,ELEC,Executive Engineer,2024-04,41,22,53.7,1.0,2,6.5,4,0.584,0.824
OFF-0166,ELEC,Executive Engineer,2024-05,36,27,75.0,0.5,1,3.0,2,0.399,0.824
OFF-0166,ELEC,Executive Engineer,2024-06,59,42,71.2,0.5,3,5.1,1,0.559,0.824
OFF-0166,ELEC,Executive Engineer,2024-07,51,37,72.5,0.5,0,1.8,4,0.496,0.824
OFF-0166,ELEC,Executive Engineer,2024-08,59,45,76.3,0.5,2,3.8,0,0.555,0.824
OFF-0166,ELEC,Executive Engineer,2024-09,56,39,69.6,0.9,2,4.3,0,0.666,0.824
OFF-0166,ELEC,Executive Engineer,2024-10,37,28,75.7,0.7,0,2.0,1,0.459,0.824
OFF-0166,ELEC,Executive Engineer,2024-11,39,24,61.5,0.5,2,5.9,0,0.428,0.824
OFF-0166,ELEC,Executive Engineer,2024-12,37,20,54.1,0.6,1,4.7,2,0.454,0.824
OFF-0167,ELEC,Electrical Engineer,2022-01,38,23,60.5,0.6,0,1.6,0,0.44,0.861
OFF-0167,ELEC,Electrical Engineer,2022-02,38,22,57.9,0.7,2,5.3,2,0.465,0.861
OFF-0167,ELEC,Electrical Engineer,2022-03,43,26,60.5,0.6,1,4.2,1,0.489,0.861
OFF-0167,ELEC,Electrical Engineer,2022-04,49,35,71.4,0.6,1,2.9,2,0.522,0.861
OFF-0167,ELEC,Electrical Engineer,2022-05,42,27,64.3,0.7,1,3.1,1,0.505,0.861
OFF-0167,ELEC,Electrical Engineer,2022-06,57,45,78.9,0.6,0,1.6,1,0.578,0.861
OFF-0167,ELEC,Electrical Engineer,2022-07,61,40,65.6,0.8,1,3.1,2,0.654,0.861
OFF-0167,ELEC,Electrical Engineer,2022-08,67,44,65.7,0.9,3,4.6,1,0.698,0.861
OFF-0167,ELEC,Electrical Engineer,2022-09,82,60,73.2,0.5,3,3.9,4,0.562,0.861
OFF-0167,ELEC,Electrical Engineer,2022-10,35,21,60.0,0.5,1,3.9,0,0.395,0.861
OFF-0167,ELEC,Electrical Engineer,2022-11,41,27,65.9,0.6,0,2.4,3,0.451,0.861
OFF-0167,ELEC,Electrical Engineer,2022-12,37,28,75.7,0.6,1,4.3,1,0.451,0.861
OFF-0167,ELEC,Electrical Engineer,2023-01,36,23,63.9,0.6,1,4.1,0,0.441,0.861
OFF-0167,ELEC,Electrical Engineer,2023-02,45,26,57.8,0.6,1,3.9,0,0.49,0.861
OFF-0167,ELEC,Electrical Engineer,2023-03,48,32,66.7,0.5,2,4.5,0,0.494,0.861
OFF-0167,ELEC,Electrical Engineer,2023-04,47,28,59.6,0.8,1,2.2,1,0.555,0.861
OFF-0167,ELEC,Electrical Engineer,2023-05,33,21,63.6,1.0,1,4.4,0,0.523,0.861
OFF-0167,ELEC,Electrical Engineer,2023-06,60,35,58.3,0.5,2,4.8,1,0.575,0.861
OFF-0167,ELEC,Electrical Engineer,2023-07,55,39,70.9,0.5,2,4.6,1,0.539,0.861
OFF-0167,ELEC,Electrical Engineer,2023-08,50,28,56.0,0.5,1,2.5,3,0.491,0.861
OFF-0167,ELEC,Electrical Engineer,2023-09,78,57,73.1,0.5,2,3.3,2,0.56,0.861
OFF-0167,ELEC,Electrical Engineer,2023-10,46,30,65.2,0.6,2,5.5,2,0.518,0.861
OFF-0167,ELEC,Electrical Engineer,2023-11,34,24,70.6,1.1,0,2.7,2,0.535,0.861
OFF-0167,ELEC,Electrical Engineer,2023-12,34,24,70.6,0.8,0,1.6,0,0.485,0.861
OFF-0167,ELEC,Electrical Engineer,2024-01,43,34,79.1,0.5,2,5.5,0,0.453,0.861
OFF-0167,ELEC,Electrical Engineer,2024-02,44,33,75.0,0.5,2,5.3,1,0.459,0.861
OFF-0167,ELEC,Electrical Engineer,2024-03,37,29,78.4,0.8,1,2.9,0,0.489,0.861
OFF-0167,ELEC,Electrical Engineer,2024-04,38,21,55.3,0.8,1,4.9,0,0.494,0.861
OFF-0167,ELEC,Electrical Engineer,2024-05,42,29,69.0,0.5,1,4.7,1,0.444,0.861
OFF-0167,ELEC,Electrical Engineer,2024-06,65,37,56.9,0.5,3,4.8,0,0.567,0.861
OFF-0167,ELEC,Electrical Engineer,2024-07,73,53,72.6,0.5,2,3.1,1,0.559,0.861
OFF-0167,ELEC,Electrical Engineer,2024-08,67,44,65.7,0.5,1,2.9,1,0.559,0.861
OFF-0167,ELEC,Electrical Engineer,2024-09,59,38,64.4,0.5,3,5.1,2,0.559,0.861
OFF-0167,ELEC,Electrical Engineer,2024-10,39,31,79.5,0.5,1,4.8,0,0.424,0.861
OFF-0167,ELEC,Electrical Engineer,2024-11,39,23,59.0,0.5,1,3.4,1,0.42,0.861
OFF-0167,ELEC,Electrical Engineer,2024-12,46,34,73.9,0.6,2,4.6,3,0.495,0.861
OFF-0168,ELEC,Junior Engineer,2022-01,37,29,78.4,0.5,0,2.0,2,0.403,0.887
OFF-0168,ELEC,Junior Engineer,2022-02,40,32,80.0,0.7,0,2.4,1,0.482,0.887
OFF-0168,ELEC,Junior Engineer,2022-03,31,23,74.2,0.8,1,3.5,1,0.446,0.887
OFF-0168,ELEC,Junior Engineer,2022-04,40,27,67.5,0.9,1,2.7,2,0.548,0.887
OFF-0168,ELEC,Junior Engineer,2022-05,36,28,77.8,0.6,1,3.6,1,0.433,0.887
OFF-0168,ELEC,Junior Engineer,2022-06,45,37,82.2,0.8,1,4.3,0,0.557,0.887
OFF-0168,ELEC,Junior Engineer,2022-07,65,50,76.9,0.5,0,1.3,2,0.554,0.887
OFF-0168,ELEC,Junior Engineer,2022-08,55,34,61.8,0.9,1,2.4,1,0.655,0.887
OFF-0168,ELEC,Junior Engineer,2022-09,43,27,62.8,0.6,1,4.3,4,0.467,0.887
OFF-0168,ELEC,Junior Engineer,2022-10,41,27,65.9,0.8,1,2.6,1,0.517,0.887
OFF-0168,ELEC,Junior Engineer,2022-11,44,36,81.8,1.0,0,1.7,2,0.592,0.887
OFF-0168,ELEC,Junior Engineer,2022-12,32,22,68.8,0.5,1,3.4,2,0.374,0.887
OFF-0168,ELEC,Junior Engineer,2023-01,32,25,78.1,0.6,1,3.3,0,0.403,0.887
OFF-0168,ELEC,Junior Engineer,2023-02,38,29,76.3,0.5,1,3.1,2,0.419,0.887
OFF-0168,ELEC,Junior Engineer,2023-03,34,28,82.4,0.6,0,1.2,3,0.425,0.887
OFF-0168,ELEC,Junior Engineer,2023-04,43,29,67.4,0.9,1,3.9,0,0.564,0.887
OFF-0168,ELEC,Junior Engineer,2023-05,41,23,56.1,0.5,1,3.9,1,0.435,0.887
OFF-0168,ELEC,Junior Engineer,2023-06,64,46,71.9,0.5,2,4.1,0,0.562,0.887
OFF-0168,ELEC,Junior Engineer,2023-07,45,28,62.2,0.7,0,1.7,0,0.51,0.887
OFF-0168,ELEC,Junior Engineer,2023-08,56,46,82.1,0.6,1,2.9,0,0.553,0.887
OFF-0168,ELEC,Junior Engineer,2023-09,57,33,57.9,0.5,0,1.6,2,0.535,0.887
OFF-0168,ELEC,Junior Engineer,2023-10,42,26,61.9,0.7,0,1.5,2,0.504,0.887
OFF-0168,ELEC,Junior Engineer,2023-11,40,24,60.0,0.6,0,1.8,1,0.437,0.887
OFF-0168,ELEC,Junior Engineer,2023-12,30,20,66.7,0.5,0,2.5,2,0.357,0.887
OFF-0168,ELEC,Junior Engineer,2024-01,31,20,64.5,0.6,1,3.3,2,0.392,0.887
OFF-0168,ELEC,Junior Engineer,2024-02,44,33,75.0,1.0,1,2.5,0,0.601,0.887
OFF-0168,ELEC,Junior Engineer,2024-03,32,23,71.9,0.7,0,1.8,1,0.415,0.887
OFF-0168,ELEC,Junior Engineer,2024-04,35,29,82.9,0.5,0,2.8,0,0.392,0.887
OFF-0168,ELEC,Junior Engineer,2024-05,43,25,58.1,1.0,1,3.9,2,0.587,0.887
OFF-0168,ELEC,Junior Engineer,2024-06,62,37,59.7,0.5,2,4.1,1,0.562,0.887
OFF-0168,ELEC,Junior Engineer,2024-07,71,54,76.1,0.5,2,3.8,1,0.561,0.887
OFF-0168,ELEC,Junior Engineer,2024-08,65,43,66.2,1.0,0,1.4,2,0.704,0.887
OFF-0168,ELEC,Junior Engineer,2024-09,62,49,79.0,0.6,1,2.3,0,0.597,0.887
OFF-0168,ELEC,Junior Engineer,2024-10,39,30,76.9,0.5,1,2.9,0,0.419,0.887
OFF-0168,ELEC,Junior Engineer,2024-11,38,25,65.8,0.5,1,3.6,1,0.414,0.887
OFF-0168,ELEC,Junior Engineer,2024-12,31,19,61.3,0.5,1,4.3,3,0.375,0.887
OFF-0169,ELEC,Junior Engineer,2022-01,35,19,54.3,0.8,2,6.8,3,0.494,0.759
OFF-0169,ELEC,Junior Engineer,2022-02,33,17,51.5,0.5,3,9.4,0,0.398,0.759
OFF-0169,ELEC,Junior Engineer,2022-03,30,21,70.0,0.6,2,7.7,1,0.414,0.759
OFF-0169,ELEC,Junior Engineer,2022-04,32,22,68.8,0.5,3,9.4,2,0.392,0.759
OFF-0169,ELEC,Junior Engineer,2022-05,32,21,65.6,0.5,1,5.8,1,0.381,0.759
OFF-0169,ELEC,Junior Engineer,2022-06,41,23,56.1,0.6,1,3.6,0,0.47,0.759
OFF-0169,ELEC,Junior Engineer,2022-07,55,33,60.0,0.5,3,7.2,2,0.538,0.759
OFF-0169,ELEC,Junior Engineer,2022-08,53,35,66.0,0.5,3,7.4,1,0.526,0.759
OFF-0169,ELEC,Junior Engineer,2022-09,48,26,54.2,1.0,3,7.6,0,0.643,0.759
OFF-0169,ELEC,Junior Engineer,2022-10,37,26,70.3,0.5,1,3.9,1,0.408,0.759
OFF-0169,ELEC,Junior Engineer,2022-11,39,21,53.8,0.5,2,7.3,2,0.432,0.759
OFF-0169,ELEC,Junior Engineer,2022-12,39,21,53.8,0.8,2,7.4,2,0.51,0.759
OFF-0169,ELEC,Junior Engineer,2023-01,33,19,57.6,0.9,2,6.3,3,0.502,0.759
OFF-0169,ELEC,Junior Engineer,2023-02,41,24,58.5,0.7,3,8.9,1,0.504,0.759
OFF-0169,ELEC,Junior Engineer,2023-03,30,14,46.7,0.6,2,7.8,2,0.403,0.759
OFF-0169,ELEC,Junior Engineer,2023-04,37,24,64.9,0.7,1,3.2,2,0.452,0.759
OFF-0169,ELEC,Junior Engineer,2023-05,33,21,63.6,0.6,2,8.5,1,0.43,0.759
OFF-0169,ELEC,Junior Engineer,2023-06,42,24,57.1,1.0,3,8.0,3,0.589,0.759
OFF-0169,ELEC,Junior Engineer,2023-07,51,33,64.7,0.9,4,9.0,0,0.627,0.759
OFF-0169,ELEC,Junior Engineer,2023-08,61,43,70.5,0.6,4,6.6,2,0.592,0.759
OFF-0169,ELEC,Junior Engineer,2023-09,63,43,68.3,0.7,5,8.5,2,0.629,0.759
OFF-0169,ELEC,Junior Engineer,2023-10,41,28,68.3,0.6,1,3.9,1,0.477,0.759
OFF-0169,ELEC,Junior Engineer,2023-11,32,17,53.1,0.5,1,5.5,4,0.38,0.759
OFF-0169,ELEC,Junior Engineer,2023-12,36,21,58.3,0.9,1,4.6,3,0.531,0.759
OFF-0169,ELEC,Junior Engineer,2024-01,41,28,68.3,0.6,3,8.7,1,0.487,0.759
OFF-0169,ELEC,Junior Engineer,2024-02,29,17,58.6,0.7,0,2.7,2,0.403,0.759
OFF-0169,ELEC,Junior Engineer,2024-03,37,21,56.8,0.8,1,3.6,2,0.495,0.759
OFF-0169,ELEC,Junior Engineer,2024-04,30,21,70.0,0.6,2,8.3,2,0.408,0.759
OFF-0169,ELEC,Junior Engineer,2024-05,35,18,51.4,0.5,1,4.8,3,0.413,0.759
OFF-0169,ELEC,Junior Engineer,2024-06,64,41,64.1,0.8,4,7.1,2,0.655,0.759
OFF-0169,ELEC,Junior Engineer,2024-07,72,46,63.9,0.5,2,3.9,1,0.562,0.759
OFF-0169,ELEC,Junior Engineer,2024-08,47,33,70.2,0.8,1,3.5,3,0.576,0.759
OFF-0169,ELEC,Junior Engineer,2024-09,65,41,63.1,1.0,4,6.6,0,0.719,0.759
OFF-0169,ELEC,Junior Engineer,2024-10,29,17,58.6,0.5,1,3.7,1,0.354,0.759
OFF-0169,ELEC,Junior Engineer,2024-11,31,18,58.1,0.7,1,5.7,1,0.419,0.759
OFF-0169,ELEC,Junior Engineer,2024-12,39,22,56.4,0.5,3,9.4,4,0.438,0.759
OFF-0170,ELEC,Junior Engineer,2022-01,29,24,82.8,0.7,0,0.0,4,0.397,1.233
OFF-0170,ELEC,Junior Engineer,2022-02,29,28,96.6,0.5,0,0.0,0,0.343,1.233
OFF-0170,ELEC,Junior Engineer,2022-03,28,27,96.4,0.5,0,0.0,0,0.337,1.233
OFF-0170,ELEC,Junior Engineer,2022-04,29,28,96.6,0.6,0,0.0,2,0.388,1.233
OFF-0170,ELEC,Junior Engineer,2022-05,31,27,87.1,0.5,0,0.0,2,0.357,1.233
OFF-0170,ELEC,Junior Engineer,2022-06,41,36,87.8,0.6,0,0.0,2,0.45,1.233
OFF-0170,ELEC,Junior Engineer,2022-07,40,37,92.5,0.5,0,0.0,0,0.417,1.233
OFF-0170,ELEC,Junior Engineer,2022-08,47,46,97.9,0.9,0,0.0,1,0.594,1.233
OFF-0170,ELEC,Junior Engineer,2022-09,43,42,97.7,0.5,0,0.0,3,0.437,1.233
OFF-0170,ELEC,Junior Engineer,2022-10,24,23,95.8,0.5,0,0.0,1,0.31,1.233
OFF-0170,ELEC,Junior Engineer,2022-11,30,29,96.7,0.5,0,0.0,2,0.35,1.233
OFF-0170,ELEC,Junior Engineer,2022-12,27,24,88.9,0.5,0,0.0,2,0.33,1.233
OFF-0170,ELEC,Junior Engineer,2023-01,27,26,96.3,0.7,0,0.0,1,0.383,1.233
OFF-0170,ELEC,Junior Engineer,2023-02,25,24,96.0,0.5,0,0.0,2,0.317,1.233
OFF-0170,ELEC,Junior Engineer,2023-03,28,22,78.6,0.5,0,0.0,2,0.337,1.233
OFF-0170,ELEC,Junior Engineer,2023-04,24,23,95.8,0.5,0,0.0,2,0.31,1.233
OFF-0170,ELEC,Junior Engineer,2023-05,27,26,96.3,0.5,0,0.0,0,0.33,1.233
OFF-0170,ELEC,Junior Engineer,2023-06,51,48,94.1,0.5,0,0.0,0,0.49,1.233
OFF-0170,ELEC,Junior Engineer,2023-07,46,44,95.7,0.6,0,0.0,0,0.475,1.233
OFF-0170,ELEC,Junior Engineer,2023-08,44,40,90.9,0.5,0,0.0,3,0.443,1.233
OFF-0170,ELEC,Junior Engineer,2023-09,45,44,97.8,0.6,0,0.0,4,0.488,1.233
OFF-0170,ELEC,Junior Engineer,2023-10,24,21,87.5,0.5,0,0.0,0,0.31,1.233
OFF-0170,ELEC,Junior Engineer,2023-11,30,28,93.3,0.5,0,0.0,0,0.35,1.233
OFF-0170,ELEC,Junior Engineer,2023-12,26,25,96.2,0.5,0,0.0,2,0.326,1.233
OFF-0170,ELEC,Junior Engineer,2024-01,30,26,86.7,0.6,0,0.0,3,0.374,1.233
OFF-0170,ELEC,Junior Engineer,2024-02,33,27,81.8,0.5,0,0.0,1,0.37,1.233
OFF-0170,ELEC,Junior Engineer,2024-03,33,28,84.8,0.5,0,0.0,1,0.37,1.233
OFF-0170,ELEC,Junior Engineer,2024-04,31,25,80.6,0.5,0,0.0,3,0.362,1.233
OFF-0170,ELEC,Junior Engineer,2024-05,26,25,96.2,0.5,0,0.0,2,0.323,1.233
OFF-0170,ELEC,Junior Engineer,2024-06,34,33,97.1,0.6,0,0.0,0,0.399,1.233
OFF-0170,ELEC,Junior Engineer,2024-07,36,33,91.7,0.7,0,0.0,2,0.436,1.233
OFF-0170,ELEC,Junior Engineer,2024-08,42,41,97.6,0.5,0,0.0,0,0.43,1.233
OFF-0170,ELEC,Junior Engineer,2024-09,45,44,97.8,0.5,0,0.0,0,0.45,1.233
OFF-0170,ELEC,Junior Engineer,2024-10,29,28,96.6,0.6,0,0.0,1,0.382,1.233
OFF-0170,ELEC,Junior Engineer,2024-11,32,28,87.5,0.7,0,0.0,3,0.432,1.233
OFF-0170,ELEC,Junior Engineer,2024-12,33,26,78.8,0.9,0,0.0,1,0.492,1.233
OFF-0171,ELEC,Executive Engineer,2022-01,28,20,71.4,0.5,0,0.0,0,0.337,1.067
OFF-0171,ELEC,Executive Engineer,2022-02,33,28,84.8,0.5,0,0.0,1,0.373,1.067
OFF-0171,ELEC,Executive Engineer,2022-03,40,28,70.0,0.5,0,0.0,1,0.417,1.067
OFF-0171,ELEC,Executive Engineer,2022-04,35,32,91.4,0.6,0,0.0,1,0.427,1.067
OFF-0171,ELEC,Executive Engineer,2022-05,30,29,96.7,0.5,0,0.0,1,0.35,1.067
OFF-0171,ELEC,Executive Engineer,2022-06,61,50,82.0,0.5,0,0.0,1,0.55,1.067
OFF-0171,ELEC,Executive Engineer,2022-07,56,46,82.1,0.6,0,0.0,0,0.561,1.067
OFF-0171,ELEC,Executive Engineer,2022-08,58,56,96.6,0.5,0,0.0,0,0.537,1.067
OFF-0171,ELEC,Executive Engineer,2022-09,58,44,75.9,0.5,0,0.0,1,0.537,1.067
OFF-0171,ELEC,Executive Engineer,2022-10,34,23,67.6,0.6,0,0.0,1,0.4,1.067
OFF-0171,ELEC,Executive Engineer,2022-11,40,38,95.0,0.5,0,0.0,0,0.417,1.067
OFF-0171,ELEC,Executive Engineer,2022-12,40,37,92.5,0.5,0,0.0,2,0.417,1.067
OFF-0171,ELEC,Executive Engineer,2023-01,33,30,90.9,0.5,0,0.0,2,0.37,1.067
OFF-0171,ELEC,Executive Engineer,2023-02,34,26,76.5,0.5,0,0.0,3,0.377,1.067
OFF-0171,ELEC,Executive Engineer,2023-03,30,29,96.7,0.5,0,0.0,2,0.35,1.067
OFF-0171,ELEC,Executive Engineer,2023-04,40,34,85.0,0.5,0,0.0,0,0.417,1.067
OFF-0171,ELEC,Executive Engineer,2023-05,39,38,97.4,0.7,0,0.0,2,0.472,1.067
OFF-0171,ELEC,Executive Engineer,2023-06,54,52,96.3,0.8,0,0.0,2,0.612,1.067
OFF-0171,ELEC,Executive Engineer,2023-07,57,44,77.2,0.5,0,0.0,2,0.53,1.067
OFF-0171,ELEC,Executive Engineer,2023-08,65,58,89.2,0.5,0,0.0,0,0.55,1.067
OFF-0171,ELEC,Executive Engineer,2023-09,47,35,74.5,0.5,0,0.0,0,0.463,1.067
OFF-0171,ELEC,Executive Engineer,2023-10,33,23,69.7,0.5,0,0.0,3,0.37,1.067
OFF-0171,ELEC,Executive Engineer,2023-11,33,26,78.8,1.0,0,0.0,0,0.52,1.067
OFF-0171,ELEC,Executive Engineer,2023-12,35,28,80.0,0.5,0,0.0,2,0.383,1.067
OFF-0171,ELEC,Executive Engineer,2024-01,32,23,71.9,1.0,0,0.0,1,0.504,1.067
OFF-0171,ELEC,Executive Engineer,2024-02,31,24,77.4,0.5,0,0.0,3,0.359,1.067
OFF-0171,ELEC,Executive Engineer,2024-03,28,24,85.7,0.5,0,0.0,1,0.337,1.067
OFF-0171,ELEC,Executive Engineer,2024-04,36,25,69.4,0.5,0,0.0,4,0.395,1.067
OFF-0171,ELEC,Executive Engineer,2024-05,35,30,85.7,0.6,0,0.0,1,0.409,1.067
OFF-0171,ELEC,Executive Engineer,2024-06,64,62,96.9,0.6,0,0.0,1,0.587,1.067
OFF-0171,ELEC,Executive Engineer,2024-07,61,54,88.5,0.5,0,0.0,1,0.55,1.067
OFF-0171,ELEC,Executive Engineer,2024-08,58,56,96.6,0.5,0,0.0,1,0.537,1.067
OFF-0171,ELEC,Executive Engineer,2024-09,57,50,87.7,0.5,0,0.0,2,0.53,1.067
OFF-0171,ELEC,Executive Engineer,2024-10,33,27,81.8,0.5,0,0.0,1,0.37,1.067
OFF-0171,ELEC,Executive Engineer,2024-11,33,26,78.8,0.5,0,0.0,3,0.384,1.067
OFF-0171,ELEC,Executive Engineer,2024-12,32,31,96.9,0.5,0,0.0,4,0.363,1.067
OFF-0172,ELEC,Junior Engineer,2022-01,35,26,74.3,0.5,0,1.4,2,0.387,0.911
OFF-0172,ELEC,Junior Engineer,2022-02,36,26,72.2,0.5,0,2.5,0,0.399,0.911
OFF-0172,ELEC,Junior Engineer,2022-03,32,25,78.1,0.5,0,1.1,0,0.367,0.911
OFF-0172,ELEC,Junior Engineer,2022-04,41,25,61.0,0.9,0,1.6,2,0.538,0.911
OFF-0172,ELEC,Junior Engineer,2022-05,43,33,76.7,0.6,0,2.3,1,0.47,0.911
OFF-0172,ELEC,Junior Engineer,2022-06,66,44,66.7,0.8,1,2.1,3,0.639,0.911
OFF-0172,ELEC,Junior Engineer,2022-07,49,41,83.7,0.8,1,2.5,3,0.578,0.911
OFF-0172,ELEC,Junior Engineer,2022-08,70,54,77.1,0.5,1,2.4,0,0.565,0.911
OFF-0172,ELEC,Junior Engineer,2022-09,70,59,84.3,0.5,2,3.3,2,0.56,0.911
OFF-0172,ELEC,Junior Engineer,2022-10,46,27,58.7,0.7,0,1.2,0,0.523,0.911
OFF-0172,ELEC,Junior Engineer,2022-11,34,22,64.7,0.5,1,3.4,1,0.387,0.911
OFF-0172,ELEC,Junior Engineer,2022-12,43,34,79.1,0.5,0,1.6,1,0.442,0.911
OFF-0172,ELEC,Junior Engineer,2023-01,34,29,85.3,0.6,0,2.2,2,0.4,0.911
OFF-0172,ELEC,Junior Engineer,2023-02,33,24,72.7,0.6,0,3.0,1,0.41,0.911
OFF-0172,ELEC,Junior Engineer,2023-03,40,30,75.0,0.5,0,1.0,0,0.42,0.911
OFF-0172,ELEC,Junior Engineer,2023-04,38,24,63.2,0.5,0,2.6,0,0.42,0.911
OFF-0172,ELEC,Junior Engineer,2023-05,39,26,66.7,0.5,1,2.6,1,0.418,0.911
OFF-0172,ELEC,Junior Engineer,2023-06,47,39,83.0,0.7,1,3.2,1,0.522,0.911
OFF-0172,ELEC,Junior Engineer,2023-07,62,43,69.4,0.5,1,2.1,0,0.556,0.911
OFF-0172,ELEC,Junior Engineer,2023-08,50,42,84.0,0.9,1,3.3,1,0.606,0.911
OFF-0172,ELEC,Junior Engineer,2023-09,63,52,82.5,1.1,0,1.5,1,0.705,0.911
OFF-0172,ELEC,Junior Engineer,2023-10,42,35,83.3,0.5,1,3.1,1,0.439,0.911
OFF-0172,ELEC,Junior Engineer,2023-11,39,26,66.7,0.9,0,2.2,0,0.539,0.911
OFF-0172,ELEC,Junior Engineer,2023-12,46,27,58.7,0.5,1,2.5,1,0.464,0.911
OFF-0172,ELEC,Junior Engineer,2024-01,44,29,65.9,0.6,1,2.8,1,0.492,0.911
OFF-0172,ELEC,Junior Engineer,2024-02,34,25,73.5,0.5,0,1.9,3,0.382,0.911
OFF-0172,ELEC,Junior Engineer,2024-03,34,20,58.8,0.5,1,3.1,1,0.386,0.911
OFF-0172,ELEC,Junior Engineer,2024-04,43,34,79.1,1.0,0,1.2,1,0.59,0.911
OFF-0172,ELEC,Junior Engineer,2024-05,42,27,64.3,0.5,1,2.8,1,0.438,0.911
OFF-0172,ELEC,Junior Engineer,2024-06,69,41,59.4,0.5,1,2.4,1,0.557,0.911
OFF-0172,ELEC,Junior Engineer,2024-07,75,62,82.7,0.7,1,1.8,3,0.622,0.911
OFF-0172,ELEC,Junior Engineer,2024-08,60,37,61.7,0.5,0,1.4,0,0.554,0.911
OFF-0172,ELEC,Junior Engineer,2024-09,76,54,71.1,1.0,0,1.0,1,0.701,0.911
OFF-0172,ELEC,Junior Engineer,2024-10,38,31,81.6,0.8,0,1.9,0,0.494,0.911
OFF-0172,ELEC,Junior Engineer,2024-11,35,24,68.6,0.5,0,2.8,3,0.392,0.911
OFF-0172,ELEC,Junior Engineer,2024-12,32,23,71.9,0.5,0,2.8,2,0.372,0.911
OFF-0173,ELEC,Executive Engineer,2022-01,24,17,70.8,0.5,0,2.2,2,0.317,0.922
OFF-0173,ELEC,Executive Engineer,2022-02,25,19,76.0,0.5,0,2.5,0,0.324,0.922
OFF-0173,ELEC,Executive Engineer,2022-03,25,21,84.0,0.6,0,2.9,3,0.363,0.922
OFF-0173,ELEC,Executive Engineer,2022-04,26,15,57.7,0.7,0,1.6,0,0.38,0.922
OFF-0173,ELEC,Executive Engineer,2022-05,33,23,69.7,0.6,0,2.2,2,0.402,0.922
OFF-0173,ELEC,Executive Engineer,2022-06,38,31,81.6,0.6,0,1.5,1,0.432,0.922
OFF-0173,ELEC,Executive Engineer,2022-07,48,31,64.6,0.6,0,0.8,1,0.502,0.922
OFF-0173,ELEC,Executive Engineer,2022-08,37,27,73.0,0.5,1,3.0,2,0.406,0.922
OFF-0173,ELEC,Executive Engineer,2022-09,58,41,70.7,0.6,0,1.6,2,0.578,0.922
OFF-0173,ELEC,Executive Engineer,2022-10,27,21,77.8,0.5,0,2.6,2,0.347,0.922
OFF-0173,ELEC,Executive Engineer,2022-11,32,23,71.9,0.5,0,2.7,2,0.371,0.922
OFF-0173,ELEC,Executive Engineer,2022-12,26,21,80.8,0.5,0,2.6,0,0.331,0.922
OFF-0173,ELEC,Executive Engineer,2023-01,26,17,65.4,0.5,0,2.1,0,0.33,0.922
OFF-0173,ELEC,Executive Engineer,2023-02,26,15,57.7,0.8,0,2.5,4,0.42,0.922
OFF-0173,ELEC,Executive Engineer,2023-03,24,15,62.5,0.5,0,1.6,0,0.315,0.922
OFF-0173,ELEC,Executive Engineer,2023-04,24,15,62.5,0.5,0,1.4,1,0.314,0.922
OFF-0173,ELEC,Executive Engineer,2023-05,32,19,59.4,0.5,0,2.7,2,0.385,0.922
OFF-0173,ELEC,Executive Engineer,2023-06,34,21,61.8,0.5,0,2.5,0,0.384,0.922
OFF-0173,ELEC,Executive Engineer,2023-07,44,32,72.7,0.6,0,1.0,1,0.462,0.922
OFF-0173,ELEC,Executive Engineer,2023-08,51,35,68.6,0.5,1,2.1,1,0.496,0.922
OFF-0173,ELEC,Executive Engineer,2023-09,55,36,65.5,0.5,1,2.4,0,0.524,0.922
OFF-0173,ELEC,Executive Engineer,2023-10,27,22,81.5,1.0,0,1.2,2,0.481,0.922
OFF-0173,ELEC,Executive Engineer,2023-11,26,17,65.4,0.5,0,1.2,1,0.332,0.922
OFF-0173,ELEC,Executive Engineer,2023-12,26,22,84.6,0.7,0,1.1,0,0.375,0.922
OFF-0173,ELEC,Executive Engineer,2024-01,32,24,75.0,0.5,0,1.2,0,0.367,0.922
OFF-0173,ELEC,Executive Engineer,2024-02,29,18,62.1,0.9,0,2.1,1,0.468,0.922
OFF-0173,ELEC,Executive Engineer,2024-03,31,23,74.2,0.5,0,2.5,2,0.364,0.922
OFF-0173,ELEC,Executive Engineer,2024-04,27,19,70.4,0.8,0,1.0,0,0.413,0.922
OFF-0173,ELEC,Executive Engineer,2024-05,33,26,78.8,0.5,0,1.1,0,0.38,0.922
OFF-0173,ELEC,Executive Engineer,2024-06,35,26,74.3,0.5,0,1.0,3,0.386,0.922
OFF-0173,ELEC,Executive Engineer,2024-07,40,30,75.0,0.5,1,2.7,0,0.425,0.922
OFF-0173,ELEC,Executive Engineer,2024-08,60,38,63.3,0.5,0,1.6,0,0.555,0.922
OFF-0173,ELEC,Executive Engineer,2024-09,53,32,60.4,0.5,1,2.5,1,0.511,0.922
OFF-0173,ELEC,Executive Engineer,2024-10,28,20,71.4,0.5,0,3.0,1,0.346,0.922
OFF-0173,ELEC,Executive Engineer,2024-11,24,14,58.3,0.6,0,1.9,4,0.359,0.922
OFF-0173,ELEC,Executive Engineer,2024-12,26,21,80.8,0.6,0,2.6,2,0.346,0.922
OFF-0174,ELEC,Executive Engineer,2022-01,36,35,97.2,0.6,0,0.0,3,0.411,1.199
OFF-0174,ELEC,Executive Engineer,2022-02,48,43,89.6,0.5,0,0.0,2,0.47,1.199
OFF-0174,ELEC,Executive Engineer,2022-03,53,42,79.2,0.5,0,0.0,0,0.503,1.199
OFF-0174,ELEC,Executive Engineer,2022-04,37,36,97.3,0.6,0,0.0,1,0.438,1.199
OFF-0174,ELEC,Executive Engineer,2022-05,42,41,97.6,0.5,0,0.0,1,0.43,1.199
OFF-0174,ELEC,Executive Engineer,2022-06,61,53,86.9,0.6,0,0.0,3,0.571,1.199
OFF-0174,ELEC,Executive Engineer,2022-07,82,80,97.6,0.5,0,0.0,1,0.55,1.199
OFF-0174,ELEC,Executive Engineer,2022-08,74,65,87.8,0.5,0,0.0,4,0.55,1.199
OFF-0174,ELEC,Executive Engineer,2022-09,53,44,83.0,0.5,0,0.0,0,0.503,1.199
OFF-0174,ELEC,Executive Engineer,2022-10,45,35,77.8,0.6,0,0.0,2,0.477,1.199
OFF-0174,ELEC,Executive Engineer,2022-11,42,41,97.6,0.5,0,0.0,3,0.43,1.199
OFF-0174,ELEC,Executive Engineer,2022-12,49,40,81.6,0.5,0,0.0,4,0.477,1.199
OFF-0174,ELEC,Executive Engineer,2023-01,38,36,94.7,0.5,0,0.0,0,0.403,1.199
OFF-0174,ELEC,Executive Engineer,2023-02,38,32,84.2,0.6,0,0.0,1,0.445,1.199
OFF-0174,ELEC,Executive Engineer,2023-03,46,40,87.0,0.6,0,0.0,0,0.479,1.199
OFF-0174,ELEC,Executive Engineer,2023-04,46,43,93.5,0.9,0,0.0,0,0.562,1.199
OFF-0174,ELEC,Executive Engineer,2023-05,46,39,84.8,0.5,0,0.0,1,0.457,1.199
OFF-0174,ELEC,Executive Engineer,2023-06,85,76,89.4,0.5,0,0.0,0,0.551,1.199
OFF-0174,ELEC,Executive Engineer,2023-07,72,63,87.5,0.5,0,0.0,0,0.553,1.199
OFF-0174,ELEC,Executive Engineer,2023-08,61,57,93.4,0.5,0,0.0,1,0.55,1.199
OFF-0174,ELEC,Executive Engineer,2023-09,56,54,96.4,0.5,0,0.0,1,0.523,1.199
OFF-0174,ELEC,Executive Engineer,2023-10,50,41,82.0,0.6,0,0.0,1,0.509,1.199
OFF-0174,ELEC,Executive Engineer,2023-11,46,42,91.3,0.5,0,0.0,2,0.457,1.199
OFF-0174,ELEC,Executive Engineer,2023-12,38,37,97.4,0.5,0,0.0,1,0.403,1.199
OFF-0174,ELEC,Executive Engineer,2024-01,38,37,97.4,0.5,0,0.0,0,0.403,1.199
OFF-0174,ELEC,Executive Engineer,2024-02,53,51,96.2,0.5,0,0.0,2,0.503,1.199
OFF-0174,ELEC,Executive Engineer,2024-03,51,47,92.2,0.6,0,0.0,3,0.506,1.199
OFF-0174,ELEC,Executive Engineer,2024-04,41,40,97.6,0.5,0,0.0,4,0.423,1.199
OFF-0174,ELEC,Executive Engineer,2024-05,51,44,86.3,0.5,0,0.0,0,0.49,1.199
OFF-0174,ELEC,Executive Engineer,2024-06,82,80,97.6,0.5,0,0.0,1,0.55,1.199
OFF-0174,ELEC,Executive Engineer,2024-07,73,71,97.3,0.5,0,0.0,1,0.563,1.199
OFF-0174,ELEC,Executive Engineer,2024-08,61,56,91.8,0.5,0,0.0,1,0.55,1.199
OFF-0174,ELEC,Executive Engineer,2024-09,67,60,89.6,0.5,0,0.0,2,0.55,1.199
OFF-0174,ELEC,Executive Engineer,2024-10,52,49,94.2,0.6,0,0.0,1,0.512,1.199
OFF-0174,ELEC,Executive Engineer,2024-11,48,47,97.9,0.5,0,0.0,0,0.47,1.199
OFF-0174,ELEC,Executive Engineer,2024-12,36,28,77.8,0.5,0,0.0,0,0.392,1.199
OFF-0175,PARKS,Supervisor,2022-01,31,30,96.8,3.2,0,0.0,4,0.366,1.052
OFF-0175,PARKS,Supervisor,2022-02,22,15,68.2,3.5,0,0.0,0,0.322,1.052
OFF-0175,PARKS,Supervisor,2022-03,28,26,92.9,2.2,0,0.0,1,0.294,1.052
OFF-0175,PARKS,Supervisor,2022-04,28,25,89.3,5.7,0,0.0,0,0.47,1.052
OFF-0175,PARKS,Supervisor,2022-05,31,26,83.9,2.0,0,0.0,0,0.309,1.052
OFF-0175,PARKS,Supervisor,2022-06,44,37,84.1,5.6,0,0.0,0,0.571,1.052
OFF-0175,PARKS,Supervisor,2022-07,49,44,89.8,0.5,0,0.0,1,0.352,1.052
OFF-0175,PARKS,Supervisor,2022-08,32,29,90.6,3.5,0,0.0,2,0.387,1.052
OFF-0175,PARKS,Supervisor,2022-09,33,29,87.9,1.7,0,0.0,1,0.307,1.052
OFF-0175,PARKS,Supervisor,2022-10,24,17,70.8,0.5,0,0.0,1,0.185,1.052
OFF-0175,PARKS,Supervisor,2022-11,33,26,78.8,1.8,0,0.0,3,0.31,1.052
OFF-0175,PARKS,Supervisor,2022-12,23,19,82.6,1.9,0,0.0,0,0.249,1.052
OFF-0175,PARKS,Supervisor,2023-01,28,24,85.7,2.5,0,0.0,0,0.313,1.052
OFF-0175,PARKS,Supervisor,2023-02,32,24,75.0,3.3,0,0.0,0,0.38,1.052
OFF-0175,PARKS,Supervisor,2023-03,30,22,73.3,3.8,0,0.0,2,0.389,1.052
OFF-0175,PARKS,Supervisor,2023-04,28,27,96.4,4.7,0,0.0,2,0.42,1.052
OFF-0175,PARKS,Supervisor,2023-05,30,26,86.7,1.1,0,0.0,2,0.254,1.052
OFF-0175,PARKS,Supervisor,2023-06,32,23,71.9,2.9,0,0.0,2,0.359,1.052
OFF-0175,PARKS,Supervisor,2023-07,53,46,86.8,2.7,0,0.0,1,0.49,1.052
OFF-0175,PARKS,Supervisor,2023-08,46,40,87.0,0.6,0,0.0,2,0.339,1.052
OFF-0175,PARKS,Supervisor,2023-09,39,28,71.8,3.2,0,0.0,1,0.421,1.052
OFF-0175,PARKS,Supervisor,2023-10,32,29,90.6,3.7,0,0.0,0,0.401,1.052
OFF-0175,PARKS,Supervisor,2023-11,28,20,71.4,5.8,0,0.0,1,0.477,1.052
OFF-0175,PARKS,Supervisor,2023-12,30,23,76.7,3.7,0,0.0,0,0.387,1.052
OFF-0175,PARKS,Supervisor,2024-01,22,18,81.8,2.7,0,0.0,3,0.281,1.052
OFF-0175,PARKS,Supervisor,2024-02,28,24,85.7,1.4,0,0.0,1,0.257,1.052
OFF-0175,PARKS,Supervisor,2024-03,23,17,73.9,5.0,0,0.0,0,0.405,1.052
OFF-0175,PARKS,Supervisor,2024-04,31,26,83.9,2.6,0,0.0,1,0.339,1.052
OFF-0175,PARKS,Supervisor,2024-05,29,24,82.8,2.9,0,0.0,1,0.336,1.052
OFF-0175,PARKS,Supervisor,2024-06,49,38,77.6,4.5,0,0.0,1,0.552,1.052
OFF-0175,PARKS,Supervisor,2024-07,54,49,90.7,4.1,0,0.0,3,0.567,1.052
OFF-0175,PARKS,Supervisor,2024-08,43,40,93.0,5.5,0,0.0,2,0.56,1.052
OFF-0175,PARKS,Supervisor,2024-09,39,28,71.8,3.0,0,0.0,2,0.411,1.052
OFF-0175,PARKS,Supervisor,2024-10,24,16,66.7,0.8,0,0.0,1,0.2,1.052
OFF-0175,PARKS,Supervisor,2024-11,32,30,93.8,1.1,0,0.0,0,0.268,1.052
OFF-0175,PARKS,Supervisor,2024-12,24,16,66.7,0.9,0,0.0,0,0.203,1.052
OFF-0176,PARKS,Supervisor,2022-01,37,24,64.9,5.7,2,7.6,1,0.552,0.735
OFF-0176,PARKS,Supervisor,2022-02,28,17,60.7,2.3,2,9.5,2,0.33,0.735
OFF-0176,PARKS,Supervisor,2022-03,33,18,54.5,3.7,1,5.8,1,0.422,0.735
OFF-0176,PARKS,Supervisor,2022-04,37,24,64.9,5.5,2,7.5,1,0.546,0.735
OFF-0176,PARKS,Supervisor,2022-05,30,18,60.0,3.5,2,8.1,0,0.399,0.735
OFF-0176,PARKS,Supervisor,2022-06,54,31,57.4,5.5,1,2.9,2,0.643,0.735
OFF-0176,PARKS,Supervisor,2022-07,38,21,55.3,4.1,1,2.7,1,0.467,0.735
OFF-0176,PARKS,Supervisor,2022-08,65,36,55.4,7.0,4,7.0,0,0.721,0.735
OFF-0176,PARKS,Supervisor,2022-09,64,35,54.7,3.3,4,7.2,1,0.589,0.735
OFF-0176,PARKS,Supervisor,2022-10,40,23,57.5,3.2,3,7.5,0,0.448,0.735
OFF-0176,PARKS,Supervisor,2022-11,37,20,54.1,6.3,1,4.6,0,0.561,0.735
OFF-0176,PARKS,Supervisor,2022-12,37,22,59.5,2.6,2,7.0,2,0.396,0.735
OFF-0176,PARKS,Supervisor,2023-01,28,14,50.0,2.8,0,3.3,0,0.336,0.735
OFF-0176,PARKS,Supervisor,2023-02,34,18,52.9,4.5,1,5.7,2,0.468,0.735
OFF-0176,PARKS,Supervisor,2023-03,38,25,65.8,4.8,1,5.0,0,0.509,0.735
OFF-0176,PARKS,Supervisor,2023-04,40,19,47.5,7.7,3,9.7,2,0.596,0.735
OFF-0176,PARKS,Supervisor,2023-05,40,25,62.5,4.2,3,8.8,0,0.504,0.735
OFF-0176,PARKS,Supervisor,2023-06,50,28,56.0,2.7,3,7.4,1,0.493,0.735
OFF-0176,PARKS,Supervisor,2023-07,56,33,58.9,5.8,2,4.5,1,0.679,0.735
OFF-0176,PARKS,Supervisor,2023-08,52,26,50.0,3.1,3,7.3,1,0.523,0.735
OFF-0176,PARKS,Supervisor,2023-09,66,33,50.0,5.0,3,5.9,1,0.67,0.735
OFF-0176,PARKS,Supervisor,2023-10,36,19,52.8,3.1,1,5.3,3,0.413,0.735
OFF-0176,PARKS,Supervisor,2023-11,34,21,61.8,6.3,2,7.1,3,0.548,0.735
OFF-0176,PARKS,Supervisor,2023-12,36,19,52.8,4.0,1,3.1,0,0.448,0.735
OFF-0176,PARKS,Supervisor,2024-01,32,16,50.0,3.0,2,6.4,4,0.385,0.735
OFF-0176,PARKS,Supervisor,2024-02,38,19,50.0,4.8,2,6.1,3,0.512,0.735
OFF-0176,PARKS,Supervisor,2024-03,38,25,65.8,3.0,1,3.5,1,0.414,0.735
OFF-0176,PARKS,Supervisor,2024-04,40,25,62.5,1.9,2,6.8,3,0.384,0.735
OFF-0176,PARKS,Supervisor,2024-05,39,20,51.3,3.3,3,7.7,1,0.446,0.735
OFF-0176,PARKS,Supervisor,2024-06,41,22,53.7,4.8,1,4.0,1,0.524,0.735
OFF-0176,PARKS,Supervisor,2024-07,63,32,50.8,6.8,1,3.2,0,0.71,0.735
OFF-0176,PARKS,Supervisor,2024-08,59,40,67.8,4.4,1,2.7,3,0.619,0.735
OFF-0176,PARKS,Supervisor,2024-09,61,32,52.5,5.6,4,6.7,1,0.699,0.735
OFF-0176,PARKS,Supervisor,2024-10,32,19,59.4,2.3,0,3.0,2,0.336,0.735
OFF-0176,PARKS,Supervisor,2024-11,39,20,51.3,2.7,2,6.0,0,0.412,0.735
OFF-0176,PARKS,Supervisor,2024-12,33,17,51.5,5.4,2,6.3,2,0.507,0.735
OFF-0177,PARKS,Supervisor,2022-01,20,19,95.0,1.9,0,0.0,3,0.23,1.082
OFF-0177,PARKS,Supervisor,2022-02,24,23,95.8,4.2,0,0.0,2,0.372,1.082
OFF-0177,PARKS,Supervisor,2022-03,25,22,88.0,1.4,0,0.0,1,0.238,1.082
OFF-0177,PARKS,Supervisor,2022-04,23,21,91.3,3.3,0,0.0,2,0.316,1.082
OFF-0177,PARKS,Supervisor,2022-05,27,23,85.2,4.0,0,0.0,1,0.379,1.082
OFF-0177,PARKS,Supervisor,2022-06,32,27,84.4,2.9,0,0.0,1,0.356,1.082
OFF-0177,PARKS,Supervisor,2022-07,35,28,80.0,4.6,0,0.0,0,0.461,1.082
OFF-0177,PARKS,Supervisor,2022-08,43,42,97.7,4.5,0,0.0,0,0.513,1.082
OFF-0177,PARKS,Supervisor,2022-09,35,28,80.0,0.9,0,0.0,2,0.278,1.082
OFF-0177,PARKS,Supervisor,2022-10,25,22,88.0,1.8,0,0.0,0,0.258,1.082
OFF-0177,PARKS,Supervisor,2022-11,26,25,96.2,0.5,0,0.0,0,0.198,1.082
OFF-0177,PARKS,Supervisor,2022-12,21,18,85.7,4.3,0,0.0,0,0.356,1.082
OFF-0177,PARKS,Supervisor,2023-01,21,17,81.0,0.5,0,0.0,1,0.165,1.082
OFF-0177,PARKS,Supervisor,2023-02,20,15,75.0,3.3,0,0.0,0,0.296,1.082
OFF-0177,PARKS,Supervisor,2023-03,22,19,86.4,0.5,0,0.0,2,0.172,1.082
OFF-0177,PARKS,Supervisor,2023-04,20,19,95.0,3.1,0,0.0,3,0.289,1.082
OFF-0177,PARKS,Supervisor,2023-05,26,19,73.1,2.0,0,0.0,1,0.274,1.082
OFF-0177,PARKS,Supervisor,2023-06,40,32,80.0,2.9,0,0.0,1,0.413,1.082
OFF-0177,PARKS,Supervisor,2023-07,33,26,78.8,3.8,0,0.0,4,0.408,1.082
OFF-0177,PARKS,Supervisor,2023-08,32,25,78.1,0.5,0,0.0,3,0.238,1.082
OFF-0177,PARKS,Supervisor,2023-09,27,24,88.9,0.5,0,0.0,1,0.205,1.082
OFF-0177,PARKS,Supervisor,2023-10,20,14,70.0,5.0,0,0.0,1,0.383,1.082
OFF-0177,PARKS,Supervisor,2023-11,18,14,77.8,2.9,0,0.0,0,0.263,1.082
OFF-0177,PARKS,Supervisor,2023-12,25,24,96.0,0.5,0,0.0,0,0.192,1.082
OFF-0177,PARKS,Supervisor,2024-01,20,15,75.0,5.2,0,0.0,1,0.391,1.082
OFF-0177,PARKS,Supervisor,2024-02,22,20,90.9,1.7,0,0.0,1,0.234,1.082
OFF-0177,PARKS,Supervisor,2024-03,19,18,94.7,2.8,0,0.0,4,0.265,1.082
OFF-0177,PARKS,Supervisor,2024-04,22,16,72.7,4.1,0,0.0,1,0.353,1.082
OFF-0177,PARKS,Supervisor,2024-05,22,20,90.9,0.5,0,0.0,1,0.172,1.082
OFF-0177,PARKS,Supervisor,2024-06,40,35,87.5,2.5,0,0.0,0,0.391,1.082
OFF-0177,PARKS,Supervisor,2024-07,40,32,80.0,3.1,0,0.0,1,0.423,1.082
OFF-0177,PARKS,Supervisor,2024-08,42,30,71.4,2.4,0,0.0,1,0.402,1.082
OFF-0177,PARKS,Supervisor,2024-09,37,31,83.8,3.7,0,0.0,4,0.432,1.082
OFF-0177,PARKS,Supervisor,2024-10,26,19,73.1,0.5,0,0.0,0,0.198,1.082
OFF-0177,PARKS,Supervisor,2024-11,23,18,78.3,5.9,0,0.0,1,0.447,1.082
OFF-0177,PARKS,Supervisor,2024-12,23,21,91.3,3.2,0,0.0,0,0.312,1.082
OFF-0178,PARKS,Horticulture Officer,2022-01,32,19,59.4,4.1,1,4.0,0,0.431,0.842
OFF-0178,PARKS,Horticulture Officer,2022-02,27,15,55.6,0.5,1,5.9,4,0.225,0.842
OFF-0178,PARKS,Horticulture Officer,2022-03,34,18,52.9,3.5,0,1.7,1,0.406,0.842
OFF-0178,PARKS,Horticulture Officer,2022-04,33,18,54.5,3.6,0,2.8,1,0.407,0.842
OFF-0178,PARKS,Horticulture Officer,2022-05,31,20,64.5,0.9,1,4.1,2,0.265,0.842
OFF-0178,PARKS,Horticulture Officer,2022-06,58,40,69.0,6.0,3,6.0,0,0.703,0.842
OFF-0178,PARKS,Horticulture Officer,2022-07,46,34,73.9,3.3,1,3.7,0,0.482,0.842
OFF-0178,PARKS,Horticulture Officer,2022-08,51,29,56.9,2.7,2,4.9,1,0.492,0.842
OFF-0178,PARKS,Horticulture Officer,2022-09,37,23,62.2,4.9,2,6.1,2,0.509,0.842
OFF-0178,PARKS,Horticulture Officer,2022-10,37,22,59.5,4.9,0,2.5,1,0.501,0.842
OFF-0178,PARKS,Horticulture Officer,2022-11,26,18,69.2,3.9,1,5.2,0,0.383,0.842
OFF-0178,PARKS,Horticulture Officer,2022-12,29,16,55.2,4.6,0,1.8,0,0.431,0.842
OFF-0178,PARKS,Horticulture Officer,2023-01,31,20,64.5,4.0,1,6.0,0,0.425,0.842
OFF-0178,PARKS,Horticulture Officer,2023-02,31,23,74.2,5.7,1,4.8,1,0.508,0.842
OFF-0178,PARKS,Horticulture Officer,2023-03,29,17,58.6,4.5,1,4.1,2,0.43,0.842
OFF-0178,PARKS,Horticulture Officer,2023-04,35,23,65.7,3.5,1,4.8,1,0.42,0.842
OFF-0178,PARKS,Horticulture Officer,2023-05,36,24,66.7,3.7,0,2.3,3,0.434,0.842
OFF-0178,PARKS,Horticulture Officer,2023-06,44,29,65.9,4.5,1,4.3,3,0.53,0.842
OFF-0178,PARKS,Horticulture Officer,2023-07,45,28,62.2,5.9,2,5.2,0,0.611,0.842
OFF-0178,PARKS,Horticulture Officer,2023-08,45,32,71.1,1.8,1,3.9,0,0.403,0.842
OFF-0178,PARKS,Horticulture Officer,2023-09,62,46,74.2,2.8,3,5.7,1,0.559,0.842
OFF-0178,PARKS,Horticulture Officer,2023-10,34,21,61.8,0.6,1,5.3,1,0.274,0.842
OFF-0178,PARKS,Horticulture Officer,2023-11,27,16,59.3,3.6,0,2.8,1,0.368,0.842
OFF-0178,PARKS,Horticulture Officer,2023-12,36,24,66.7,3.6,1,5.4,4,0.434,0.842
OFF-0178,PARKS,Horticulture Officer,2024-01,37,25,67.6,5.3,2,5.5,1,0.528,0.842
OFF-0178,PARKS,Horticulture Officer,2024-02,26,17,65.4,1.2,0,2.0,4,0.239,0.842
OFF-0178,PARKS,Horticulture Officer,2024-03,26,19,73.1,1.6,1,4.8,0,0.268,0.842
OFF-0178,PARKS,Horticulture Officer,2024-04,27,15,55.6,3.0,1,4.8,0,0.343,0.842
OFF-0178,PARKS,Horticulture Officer,2024-05,36,25,69.4,3.9,1,4.3,3,0.447,0.842
OFF-0178,PARKS,Horticulture Officer,2024-06,49,35,71.4,2.1,1,2.2,2,0.44,0.842
OFF-0178,PARKS,Horticulture Officer,2024-07,52,39,75.0,3.3,3,5.9,2,0.53,0.842
OFF-0178,PARKS,Horticulture Officer,2024-08,48,35,72.9,5.3,1,2.7,1,0.595,0.842
OFF-0178,PARKS,Horticulture Officer,2024-09,50,35,70.0,3.6,1,3.1,0,0.521,0.842
OFF-0178,PARKS,Horticulture Officer,2024-10,33,20,60.6,3.1,1,3.8,1,0.388,0.842
OFF-0178,PARKS,Horticulture Officer,2024-11,28,20,71.4,6.4,1,6.3,3,0.506,0.842
OFF-0178,PARKS,Horticulture Officer,2024-12,34,26,76.5,2.9,1,4.3,0,0.383,0.842
OFF-0179,PARKS,Assistant Engineer,2022-01,40,33,82.5,3.9,0,0.0,1,0.461,1.165
OFF-0179,PARKS,Assistant Engineer,2022-02,28,26,92.9,4.1,0,0.0,1,0.393,1.165
OFF-0179,PARKS,Assistant Engineer,2022-03,39,38,97.4,2.0,0,0.0,2,0.362,1.165
OFF-0179,PARKS,Assistant Engineer,2022-04,29,26,89.7,2.0,0,0.0,0,0.293,1.165
OFF-0179,PARKS,Assistant Engineer,2022-05,34,31,91.2,1.2,0,0.0,1,0.289,1.165
OFF-0179,PARKS,Assistant Engineer,2022-06,56,54,96.4,5.1,0,0.0,1,0.626,1.165
OFF-0179,PARKS,Assistant Engineer,2022-07,52,45,86.5,1.5,0,0.0,1,0.424,1.165
OFF-0179,PARKS,Assistant Engineer,2022-08,54,52,96.3,1.7,0,0.0,0,0.444,1.165
OFF-0179,PARKS,Assistant Engineer,2022-09,40,35,87.5,0.6,0,0.0,0,0.296,1.165
OFF-0179,PARKS,Assistant Engineer,2022-10,36,35,97.2,1.8,0,0.0,1,0.331,1.165
OFF-0179,PARKS,Assistant Engineer,2022-11,32,24,75.0,1.6,0,0.0,1,0.295,1.165
OFF-0179,PARKS,Assistant Engineer,2022-12,37,28,75.7,0.5,0,0.0,0,0.272,1.165
OFF-0179,PARKS,Assistant Engineer,2023-01,31,29,93.5,1.5,0,0.0,1,0.282,1.165
OFF-0179,PARKS,Assistant Engineer,2023-02,36,27,75.0,2.9,0,0.0,0,0.383,1.165
OFF-0179,PARKS,Assistant Engineer,2023-03,35,34,97.1,2.4,0,0.0,0,0.354,1.165
OFF-0179,PARKS,Assistant Engineer,2023-04,35,34,97.1,3.5,0,0.0,2,0.408,1.165
OFF-0179,PARKS,Assistant Engineer,2023-05,28,27,96.4,1.8,0,0.0,0,0.277,1.165
OFF-0179,PARKS,Assistant Engineer,2023-06,67,65,97.0,2.9,0,0.0,1,0.545,1.165
OFF-0179,PARKS,Assistant Engineer,2023-07,58,55,94.8,0.5,0,0.0,2,0.412,1.165
OFF-0179,PARKS,Assistant Engineer,2023-08,53,49,92.5,4.6,0,0.0,2,0.582,1.165
OFF-0179,PARKS,Assistant Engineer,2023-09,55,43,78.2,4.7,0,0.0,0,0.601,1.165
OFF-0179,PARKS,Assistant Engineer,2023-10,30,29,96.7,2.1,0,0.0,0,0.307,1.165
OFF-0179,PARKS,Assistant Engineer,2023-11,32,25,78.1,3.1,0,0.0,1,0.37,1.165
OFF-0179,PARKS,Assistant Engineer,2023-12,33,32,97.0,1.7,0,0.0,0,0.305,1.165
OFF-0179,PARKS,Assistant Engineer,2024-01,39,38,97.4,2.5,0,0.0,1,0.385,1.165
OFF-0179,PARKS,Assistant Engineer,2024-02,39,31,79.5,2.9,0,0.0,0,0.403,1.165
OFF-0179,PARKS,Assistant Engineer,2024-03,28,21,75.0,2.2,0,0.0,4,0.299,1.165
OFF-0179,PARKS,Assistant Engineer,2024-04,37,36,97.3,4.3,0,0.0,1,0.46,1.165
OFF-0179,PARKS,Assistant Engineer,2024-05,29,28,96.6,1.4,0,0.0,2,0.262,1.165
OFF-0179,PARKS,Assistant Engineer,2024-06,65,63,96.9,3.2,0,0.0,2,0.56,1.165
OFF-0179,PARKS,Assistant Engineer,2024-07,54,49,90.7,0.9,0,0.0,0,0.405,1.165
OFF-0179,PARKS,Assistant Engineer,2024-08,51,44,86.3,4.2,0,0.0,1,0.55,1.165
OFF-0179,PARKS,Assistant Engineer,2024-09,59,46,78.0,2.8,0,0.0,0,0.533,1.165
OFF-0179,PARKS,Assistant Engineer,2024-10,32,29,90.6,2.5,0,0.0,4,0.337,1.165
OFF-0179,PARKS,Assistant Engineer,2024-11,37,28,75.7,2.6,0,0.0,0,0.379,1.165
OFF-0179,PARKS,Assistant Engineer,2024-12,30,28,93.3,4.0,0,0.0,1,0.402,1.165
OFF-0180,PARKS,Horticulture Officer,2022-01,22,15,68.2,4.8,0,0.0,1,0.389,1.002
OFF-0180,PARKS,Horticulture Officer,2022-02,21,15,71.4,1.7,0,0.0,4,0.225,1.002
OFF-0180,PARKS,Horticulture Officer,2022-03,21,19,90.5,3.4,0,0.0,1,0.309,1.002
OFF-0180,PARKS,Horticulture Officer,2022-04,19,13,68.4,3.7,0,0.0,2,0.314,1.002
OFF-0180,PARKS,Horticulture Officer,2022-05,17,13,76.5,3.9,0,0.0,3,0.308,1.002
OFF-0180,PARKS,Horticulture Officer,2022-06,30,26,86.7,1.6,0,0.0,1,0.279,1.002
OFF-0180,PARKS,Horticulture Officer,2022-07,37,27,73.0,2.9,0,0.0,1,0.394,1.002
OFF-0180,PARKS,Horticulture Officer,2022-08,33,26,78.8,5.3,0,0.0,0,0.486,1.002
OFF-0180,PARKS,Horticulture Officer,2022-09,31,20,64.5,4.9,0,0.0,0,0.453,1.002
OFF-0180,PARKS,Horticulture Officer,2022-10,23,15,65.2,2.6,0,0.0,4,0.284,1.002
OFF-0180,PARKS,Horticulture Officer,2022-11,23,21,91.3,2.2,0,0.0,4,0.261,1.002
OFF-0180,PARKS,Horticulture Officer,2022-12,19,13,68.4,1.0,0,0.0,1,0.179,1.002
OFF-0180,PARKS,Horticulture Officer,2023-01,22,19,86.4,3.0,0,0.0,1,0.296,1.002
OFF-0180,PARKS,Horticulture Officer,2023-02,16,12,75.0,3.9,0,0.0,3,0.302,1.002
OFF-0180,PARKS,Horticulture Officer,2023-03,16,11,68.8,1.6,0,0.0,0,0.184,1.002
OFF-0180,PARKS,Horticulture Officer,2023-04,16,14,87.5,0.8,0,0.0,3,0.145,1.002
OFF-0180,PARKS,Horticulture Officer,2023-05,16,13,81.2,6.7,0,0.0,0,0.407,1.002
OFF-0180,PARKS,Horticulture Officer,2023-06,24,20,83.3,2.6,0,0.0,2,0.292,1.002
OFF-0180,PARKS,Horticulture Officer,2023-07,38,35,92.1,2.2,0,0.0,1,0.362,1.002
OFF-0180,PARKS,Horticulture Officer,2023-08,37,25,67.6,3.0,0,0.0,1,0.398,1.002
OFF-0180,PARKS,Horticulture Officer,2023-09,40,32,80.0,2.3,0,0.0,0,0.382,1.002
OFF-0180,PARKS,Horticulture Officer,2023-10,22,14,63.6,4.2,0,0.0,0,0.356,1.002
OFF-0180,PARKS,Horticulture Officer,2023-11,18,11,61.1,2.2,0,0.0,0,0.228,1.002
OFF-0180,PARKS,Horticulture Officer,2023-12,23,15,65.2,4.5,0,0.0,2,0.377,1.002
OFF-0180,PARKS,Horticulture Officer,2024-01,16,14,87.5,1.7,0,0.0,0,0.19,1.002
OFF-0180,PARKS,Horticulture Officer,2024-02,19,16,84.2,3.8,0,0.0,0,0.318,1.002
OFF-0180,PARKS,Horticulture Officer,2024-03,22,20,90.9,1.5,0,0.0,1,0.219,1.002
OFF-0180,PARKS,Horticulture Officer,2024-04,21,16,76.2,4.6,0,0.0,2,0.37,1.002
OFF-0180,PARKS,Horticulture Officer,2024-05,18,12,66.7,5.1,0,0.0,1,0.374,1.002
OFF-0180,PARKS,Horticulture Officer,2024-06,32,29,90.6,5.0,0,0.0,1,0.463,1.002
OFF-0180,PARKS,Horticulture Officer,2024-07,30,25,83.3,3.3,0,0.0,1,0.363,1.002
OFF-0180,PARKS,Horticulture Officer,2024-08,42,28,66.7,3.1,0,0.0,2,0.437,1.002
OFF-0180,PARKS,Horticulture Officer,2024-09,34,24,70.6,2.0,0,0.0,0,0.327,1.002
OFF-0180,PARKS,Horticulture Officer,2024-10,19,14,73.7,6.1,0,0.0,0,0.427,1.002
OFF-0180,PARKS,Horticulture Officer,2024-11,20,16,80.0,3.6,0,0.0,1,0.312,1.002
OFF-0180,PARKS,Horticulture Officer,2024-12,21,19,90.5,2.4,0,0.0,2,0.261,1.002
OFF-0181,PARKS,Supervisor,2022-01,25,21,84.0,0.5,0,3.5,1,0.202,0.907
OFF-0181,PARKS,Supervisor,2022-02,23,16,69.6,4.6,0,1.4,3,0.385,0.907
OFF-0181,PARKS,Supervisor,2022-03,30,20,66.7,5.4,0,1.5,0,0.473,0.907
OFF-0181,PARKS,Supervisor,2022-04,29,17,58.6,5.0,0,2.6,1,0.45,0.907
OFF-0181,PARKS,Supervisor,2022-05,32,23,71.9,1.9,0,1.0,0,0.313,0.907
OFF-0181,PARKS,Supervisor,2022-06,41,34,82.9,5.2,1,3.2,2,0.541,0.907
OFF-0181,PARKS,Supervisor,2022-07,51,34,66.7,0.7,1,2.0,2,0.383,0.907
OFF-0181,PARKS,Supervisor,2022-08,39,30,76.9,4.2,0,2.0,2,0.476,0.907
OFF-0181,PARKS,Supervisor,2022-09,47,37,78.7,4.1,0,1.4,1,0.521,0.907
OFF-0181,PARKS,Supervisor,2022-10,24,20,83.3,3.5,0,2.5,0,0.343,0.907
OFF-0181,PARKS,Supervisor,2022-11,27,21,77.8,6.1,0,3.6,1,0.491,0.907
OFF-0181,PARKS,Supervisor,2022-12,26,21,80.8,2.6,0,3.6,3,0.314,0.907
OFF-0181,PARKS,Supervisor,2023-01,24,16,66.7,4.3,0,3.4,4,0.383,0.907
OFF-0181,PARKS,Supervisor,2023-02,24,14,58.3,1.4,0,2.9,2,0.238,0.907
OFF-0181,PARKS,Supervisor,2023-03,31,26,83.9,5.9,0,2.0,1,0.509,0.907
OFF-0181,PARKS,Supervisor,2023-04,22,18,81.8,0.5,0,1.6,0,0.177,0.907
OFF-0181,PARKS,Supervisor,2023-05,22,15,68.2,3.0,0,1.4,0,0.303,0.907
OFF-0181,PARKS,Supervisor,2023-06,51,38,74.5,1.2,1,3.6,3,0.409,0.907
OFF-0181,PARKS,Supervisor,2023-07,40,25,62.5,0.9,1,3.2,3,0.32,0.907
OFF-0181,PARKS,Supervisor,2023-08,53,43,81.1,5.1,1,3.7,0,0.618,0.907
OFF-0181,PARKS,Supervisor,2023-09,38,26,68.4,5.5,0,1.7,0,0.533,0.907
OFF-0181,PARKS,Supervisor,2023-10,31,24,77.4,1.0,0,2.9,1,0.263,0.907
OFF-0181,PARKS,Supervisor,2023-11,25,15,60.0,3.6,0,1.7,1,0.352,0.907
OFF-0181,PARKS,Supervisor,2023-12,29,22,75.9,2.7,0,1.0,0,0.333,0.907
OFF-0181,PARKS,Supervisor,2024-01,27,16,59.3,4.5,0,2.8,2,0.413,0.907
OFF-0181,PARKS,Supervisor,2024-02,22,16,72.7,2.1,0,2.4,2,0.259,0.907
OFF-0181,PARKS,Supervisor,2024-03,28,16,57.1,3.7,0,2.4,0,0.38,0.907
OFF-0181,PARKS,Supervisor,2024-04,23,17,73.9,5.8,0,2.2,2,0.449,0.907
OFF-0181,PARKS,Supervisor,2024-05,24,17,70.8,1.7,0,3.3,0,0.254,0.907
OFF-0181,PARKS,Supervisor,2024-06,51,32,62.7,2.2,0,1.7,2,0.453,0.907
OFF-0181,PARKS,Supervisor,2024-07,48,38,79.2,4.3,1,3.0,3,0.542,0.907
OFF-0181,PARKS,Supervisor,2024-08,46,27,58.7,1.5,1,3.6,3,0.393,0.907
OFF-0181,PARKS,Supervisor,2024-09,36,23,63.9,4.4,0,1.1,1,0.462,0.907
OFF-0181,PARKS,Supervisor,2024-10,31,18,58.1,3.2,1,3.3,0,0.379,0.907
OFF-0181,PARKS,Supervisor,2024-11,24,17,70.8,2.2,0,2.2,0,0.278,0.907
OFF-0181,PARKS,Supervisor,2024-12,29,17,58.6,1.5,0,2.1,3,0.277,0.907
OFF-0182,PARKS,Horticulture Officer,2022-01,26,23,88.5,3.0,0,0.0,4,0.323,1.105
OFF-0182,PARKS,Horticulture Officer,2022-02,19,17,89.5,0.5,0,0.0,2,0.152,1.105
OFF-0182,PARKS,Horticulture Officer,2022-03,21,20,95.2,4.3,0,0.0,1,0.356,1.105
OFF-0182,PARKS,Horticulture Officer,2022-04,23,17,73.9,3.4,0,0.0,3,0.325,1.105
OFF-0182,PARKS,Horticulture Officer,2022-05,20,16,80.0,1.0,0,0.0,3,0.182,1.105
OFF-0182,PARKS,Horticulture Officer,2022-06,41,32,78.0,1.3,0,0.0,1,0.34,1.105
OFF-0182,PARKS,Horticulture Officer,2022-07,29,21,72.4,2.5,0,0.0,0,0.318,1.105
OFF-0182,PARKS,Horticulture Officer,2022-08,42,37,88.1,2.3,0,0.0,4,0.393,1.105
OFF-0182,PARKS,Horticulture Officer,2022-09,33,31,93.9,0.6,0,0.0,2,0.252,1.105
OFF-0182,PARKS,Horticulture Officer,2022-10,24,19,79.2,3.4,0,0.0,0,0.328,1.105
OFF-0182,PARKS,Horticulture Officer,2022-11,25,23,92.0,0.5,0,0.0,3,0.193,1.105
OFF-0182,PARKS,Horticulture Officer,2022-12,21,15,71.4,3.4,0,0.0,1,0.308,1.105
OFF-0182,PARKS,Horticulture Officer,2023-01,24,23,95.8,0.9,0,0.0,2,0.206,1.105
OFF-0182,PARKS,Horticulture Officer,2023-02,27,23,85.2,3.8,0,0.0,1,0.372,1.105
OFF-0182,PARKS,Horticulture Officer,2023-03,19,17,89.5,1.0,0,0.0,1,0.177,1.105
OFF-0182,PARKS,Horticulture Officer,2023-04,21,20,95.2,2.7,0,0.0,0,0.273,1.105
OFF-0182,PARKS,Horticulture Officer,2023-05,22,17,77.3,2.2,0,0.0,1,0.258,1.105
OFF-0182,PARKS,Horticulture Officer,2023-06,29,28,96.6,3.1,0,0.0,1,0.348,1.105
OFF-0182,PARKS,Horticulture Officer,2023-07,39,37,94.9,3.4,0,0.0,3,0.432,1.105
OFF-0182,PARKS,Horticulture Officer,2023-08,36,33,91.7,1.9,0,0.0,2,0.333,1.105
OFF-0182,PARKS,Horticulture Officer,2023-09,29,23,79.3,3.0,0,0.0,3,0.341,1.105
OFF-0182,PARKS,Horticulture Officer,2023-10,19,17,89.5,2.0,0,0.0,1,0.228,1.105
OFF-0182,PARKS,Horticulture Officer,2023-11,25,24,96.0,1.5,0,0.0,0,0.243,1.105
OFF-0182,PARKS,Horticulture Officer,2023-12,22,17,77.3,4.4,0,0.0,3,0.366,1.105
OFF-0182,PARKS,Horticulture Officer,2024-01,25,23,92.0,3.6,0,0.0,1,0.344,1.105
OFF-0182,PARKS,Horticulture Officer,2024-02,26,25,96.2,1.6,0,0.0,0,0.251,1.105
OFF-0182,PARKS,Horticulture Officer,2024-03,24,23,95.8,4.4,0,0.0,3,0.379,1.105
OFF-0182,PARKS,Horticulture Officer,2024-04,23,21,91.3,3.2,0,0.0,1,0.314,1.105
OFF-0182,PARKS,Horticulture Officer,2024-05,25,22,88.0,2.8,0,0.0,0,0.308,1.105
OFF-0182,PARKS,Horticulture Officer,2024-06,35,29,82.9,1.5,0,0.0,1,0.309,1.105
OFF-0182,PARKS,Horticulture Officer,2024-07,24,20,83.3,0.5,0,0.0,0,0.185,1.105
OFF-0182,PARKS,Horticulture Officer,2024-08,30,26,86.7,2.4,0,0.0,1,0.319,1.105
OFF-0182,PARKS,Horticulture Officer,2024-09,34,28,82.4,4.7,0,0.0,0,0.46,1.105
OFF-0182,PARKS,Horticulture Officer,2024-10,26,19,73.1,4.3,0,0.0,3,0.39,1.105
OFF-0182,PARKS,Horticulture Officer,2024-11,25,24,96.0,3.0,0,0.0,1,0.318,1.105
OFF-0182,PARKS,Horticulture Officer,2024-12,19,16,84.2,1.6,0,0.0,1,0.208,1.105
OFF-0183,PARKS,Assistant Engineer,2022-01,23,16,69.6,2.7,0,0.0,0,0.288,1.059
OFF-0183,PARKS,Assistant Engineer,2022-02,26,21,80.8,5.2,0,0.0,0,0.434,1.059
OFF-0183,PARKS,Assistant Engineer,2022-03,22,19,86.4,4.6,0,0.0,2,0.375,1.059
OFF-0183,PARKS,Assistant Engineer,2022-04,22,20,90.9,1.5,0,0.0,2,0.223,1.059
OFF-0183,PARKS,Assistant Engineer,2022-05,21,15,71.4,0.9,0,0.0,1,0.186,1.059
OFF-0183,PARKS,Assistant Engineer,2022-06,44,40,90.9,3.4,0,0.0,1,0.463,1.059
OFF-0183,PARKS,Assistant Engineer,2022-07,44,42,95.5,4.0,0,0.0,2,0.493,1.059
OFF-0183,PARKS,Assistant Engineer,2022-08,33,32,97.0,2.3,0,0.0,0,0.337,1.059
OFF-0183,PARKS,Assistant Engineer,2022-09,37,32,86.5,4.4,0,0.0,1,0.466,1.059
OFF-0183,PARKS,Assistant Engineer,2022-10,28,22,78.6,5.8,0,0.0,3,0.477,1.059
OFF-0183,PARKS,Assistant Engineer,2022-11,25,22,88.0,0.5,0,0.0,2,0.192,1.059
OFF-0183,PARKS,Assistant Engineer,2022-12,26,21,80.8,3.2,0,0.0,1,0.332,1.059
OFF-0183,PARKS,Assistant Engineer,2023-01,23,17,73.9,4.7,0,0.0,2,0.389,1.059
OFF-0183,PARKS,Assistant Engineer,2023-02,24,16,66.7,6.4,0,0.0,1,0.46,1.059
OFF-0183,PARKS,Assistant Engineer,2023-03,28,25,89.3,4.3,0,0.0,3,0.404,1.059
OFF-0183,PARKS,Assistant Engineer,2023-04,25,21,84.0,1.5,0,0.0,1,0.241,1.059
OFF-0183,PARKS,Assistant Engineer,2023-05,26,23,88.5,4.7,0,0.0,2,0.41,1.059
OFF-0183,PARKS,Assistant Engineer,2023-06,43,33,76.7,4.2,0,0.0,0,0.496,1.059
OFF-0183,PARKS,Assistant Engineer,2023-07,38,31,81.6,1.8,0,0.0,2,0.344,1.059
OFF-0183,PARKS,Assistant Engineer,2023-08,30,28,93.3,0.5,0,0.0,3,0.225,1.059
OFF-0183,PARKS,Assistant Engineer,2023-09,36,26,72.2,1.9,0,0.0,3,0.334,1.059
OFF-0183,PARKS,Assistant Engineer,2023-10,23,20,87.0,0.8,0,0.0,3,0.192,1.059
OFF-0183,PARKS,Assistant Engineer,2023-11,27,24,88.9,3.4,0,0.0,3,0.349,1.059
OFF-0183,PARKS,Assistant Engineer,2023-12,25,24,96.0,3.6,0,0.0,3,0.349,1.059
OFF-0183,PARKS,Assistant Engineer,2024-01,28,24,85.7,3.7,0,0.0,1,0.371,1.059
OFF-0183,PARKS,Assistant Engineer,2024-02,28,19,67.9,2.8,0,0.0,1,0.327,1.059
OFF-0183,PARKS,Assistant Engineer,2024-03,25,23,92.0,2.9,0,0.0,1,0.314,1.059
OFF-0183,PARKS,Assistant Engineer,2024-04,21,20,95.2,2.1,0,0.0,2,0.244,1.059
OFF-0183,PARKS,Assistant Engineer,2024-05,30,22,73.3,5.0,0,0.0,3,0.448,1.059
OFF-0183,PARKS,Assistant Engineer,2024-06,45,35,77.8,3.7,0,0.0,0,0.484,1.059
OFF-0183,PARKS,Assistant Engineer,2024-07,40,33,82.5,0.5,0,0.0,2,0.292,1.059
OFF-0183,PARKS,Assistant Engineer,2024-08,37,32,86.5,2.4,0,0.0,2,0.366,1.059
OFF-0183,PARKS,Assistant Engineer,2024-09,44,32,72.7,3.4,0,0.0,1,0.464,1.059
OFF-0183,PARKS,Assistant Engineer,2024-10,27,25,92.6,1.8,0,0.0,1,0.269,1.059
OFF-0183,PARKS,Assistant Engineer,2024-11,30,22,73.3,4.5,0,0.0,1,0.426,1.059
OFF-0183,PARKS,Assistant Engineer,2024-12,24,17,70.8,2.2,0,0.0,1,0.272,1.059
OFF-0184,PARKS,Horticulture Officer,2022-01,41,26,63.4,3.9,0,1.5,4,0.472,0.929
OFF-0184,PARKS,Horticulture Officer,2022-02,42,28,66.7,4.2,1,2.7,2,0.499,0.929
OFF-0184,PARKS,Horticulture Officer,2022-03,40,24,60.0,1.9,0,1.0,2,0.363,0.929
OFF-0184,PARKS,Horticulture Officer,2022-04,36,27,75.0,3.6,0,1.0,0,0.421,0.929
OFF-0184,PARKS,Horticulture Officer,2022-05,37,30,81.1,2.4,0,2.5,2,0.376,0.929
OFF-0184,PARKS,Horticulture Officer,2022-06,48,29,60.4,3.7,0,1.9,0,0.511,0.929
OFF-0184,PARKS,Horticulture Officer,2022-07,51,31,60.8,5.4,1,2.5,1,0.62,0.929
OFF-0184,PARKS,Horticulture Officer,2022-08,59,41,69.5,1.2,1,2.7,3,0.46,0.929
OFF-0184,PARKS,Horticulture Officer,2022-09,72,58,80.6,2.7,0,0.9,1,0.54,0.929
OFF-0184,PARKS,Horticulture Officer,2022-10,34,20,58.8,4.1,0,1.2,1,0.436,0.929
OFF-0184,PARKS,Horticulture Officer,2022-11,30,25,83.3,4.0,0,2.1,1,0.406,0.929
OFF-0184,PARKS,Horticulture Officer,2022-12,39,32,82.1,4.2,0,2.3,0,0.476,0.929
OFF-0184,PARKS,Horticulture Officer,2023-01,40,33,82.5,2.1,0,2.2,2,0.379,0.929
OFF-0184,PARKS,Horticulture Officer,2023-02,45,38,84.4,3.9,1,2.4,0,0.5,0.929
OFF-0184,PARKS,Horticulture Officer,2023-03,41,25,61.0,3.2,0,2.3,1,0.439,0.929
OFF-0184,PARKS,Horticulture Officer,2023-04,41,29,70.7,4.2,0,0.8,1,0.485,0.929
OFF-0184,PARKS,Horticulture Officer,2023-05,31,19,61.3,2.9,0,1.4,3,0.356,0.929
OFF-0184,PARKS,Horticulture Officer,2023-06,61,53,86.9,2.3,1,2.6,2,0.525,0.929
OFF-0184,PARKS,Horticulture Officer,2023-07,43,31,72.1,2.7,1,2.4,1,0.431,0.929
OFF-0184,PARKS,Horticulture Officer,2023-08,66,44,66.7,1.8,1,1.9,2,0.494,0.929
OFF-0184,PARKS,Horticulture Officer,2023-09,59,48,81.4,5.3,0,0.7,1,0.66,0.929
OFF-0184,PARKS,Horticulture Officer,2023-10,34,29,85.3,2.9,0,2.4,2,0.381,0.929
OFF-0184,PARKS,Horticulture Officer,2023-11,32,24,75.0,2.8,0,1.1,3,0.358,0.929
OFF-0184,PARKS,Horticulture Officer,2023-12,44,38,86.4,4.0,0,2.1,1,0.502,0.929
OFF-0184,PARKS,Horticulture Officer,2024-01,34,25,73.5,1.0,0,2.3,0,0.282,0.929
OFF-0184,PARKS,Horticulture Officer,2024-02,38,25,65.8,1.5,0,1.6,1,0.333,0.929
OFF-0184,PARKS,Horticulture Officer,2024-03,44,35,79.5,4.6,0,1.2,1,0.524,0.929
OFF-0184,PARKS,Horticulture Officer,2024-04,41,34,82.9,4.0,0,1.0,3,0.474,0.929
OFF-0184,PARKS,Horticulture Officer,2024-05,39,32,82.1,3.8,1,2.7,1,0.46,0.929
OFF-0184,PARKS,Horticulture Officer,2024-06,52,34,65.4,5.8,0,1.8,3,0.641,0.929
OFF-0184,PARKS,Horticulture Officer,2024-07,47,34,72.3,2.6,0,1.7,0,0.449,0.929
OFF-0184,PARKS,Horticulture Officer,2024-08,50,37,74.0,4.5,0,1.3,1,0.56,0.929
OFF-0184,PARKS,Horticulture Officer,2024-09,64,47,73.4,3.8,1,2.1,0,0.594,0.929
OFF-0184,PARKS,Horticulture Officer,2024-10,42,27,64.3,1.4,0,1.7,1,0.354,0.929
OFF-0184,PARKS,Horticulture Officer,2024-11,38,32,84.2,5.0,1,2.8,0,0.51,0.929
OFF-0184,PARKS,Horticulture Officer,2024-12,38,23,60.5,3.5,1,2.8,2,0.435,0.929
OFF-0185,PARKS,Horticulture Officer,2022-01,47,45,95.7,2.9,0,0.0,0,0.459,1.256
OFF-0185,PARKS,Horticulture Officer,2022-02,47,46,97.9,1.0,0,0.0,0,0.366,1.256
OFF-0185,PARKS,Horticulture Officer,2022-03,38,36,94.7,0.5,0,0.0,0,0.278,1.256
OFF-0185,PARKS,Horticulture Officer,2022-04,39,35,89.7,2.9,0,0.0,1,0.405,1.256
OFF-0185,PARKS,Horticulture Officer,2022-05,41,40,97.6,1.7,0,0.0,1,0.36,1.256
OFF-0185,PARKS,Horticulture Officer,2022-06,50,49,98.0,4.5,0,0.0,0,0.561,1.256
OFF-0185,PARKS,Horticulture Officer,2022-07,62,60,96.8,0.7,0,0.0,1,0.433,1.256
OFF-0185,PARKS,Horticulture Officer,2022-08,63,52,82.5,4.6,0,0.0,2,0.628,1.256
OFF-0185,PARKS,Horticulture Officer,2022-09,53,47,88.7,3.0,0,0.0,0,0.502,1.256
OFF-0185,PARKS,Horticulture Officer,2022-10,40,39,97.5,3.8,0,0.0,0,0.457,1.256
OFF-0185,PARKS,Horticulture Officer,2022-11,35,28,80.0,1.4,0,0.0,2,0.306,1.256
OFF-0185,PARKS,Horticulture Officer,2022-12,41,34,82.9,1.4,0,0.0,0,0.343,1.256
OFF-0185,PARKS,Horticulture Officer,2023-01,39,38,97.4,2.7,0,0.0,1,0.397,1.256
OFF-0185,PARKS,Horticulture Officer,2023-02,43,37,86.0,3.1,0,0.0,3,0.444,1.256
OFF-0185,PARKS,Horticulture Officer,2023-03,44,43,97.7,3.3,0,0.0,2,0.456,1.256
OFF-0185,PARKS,Horticulture Officer,2023-04,48,47,97.9,3.9,0,0.0,2,0.517,1.256
OFF-0185,PARKS,Horticulture Officer,2023-05,33,32,97.0,1.6,0,0.0,2,0.299,1.256
OFF-0185,PARKS,Horticulture Officer,2023-06,71,67,94.4,4.8,0,0.0,1,0.638,1.256
OFF-0185,PARKS,Horticulture Officer,2023-07,58,54,93.1,3.8,0,0.0,3,0.575,1.256
OFF-0185,PARKS,Horticulture Officer,2023-08,67,61,91.0,2.5,0,0.0,2,0.524,1.256
OFF-0185,PARKS,Horticulture Officer,2023-09,64,59,92.2,3.3,0,0.0,1,0.564,1.256
OFF-0185,PARKS,Horticulture Officer,2023-10,44,43,97.7,4.7,0,0.0,1,0.528,1.256
OFF-0185,PARKS,Horticulture Officer,2023-11,42,38,90.5,1.2,0,0.0,1,0.338,1.256
OFF-0185,PARKS,Horticulture Officer,2023-12,43,42,97.7,4.1,0,0.0,0,0.494,1.256
OFF-0185,PARKS,Horticulture Officer,2024-01,43,42,97.7,0.6,0,0.0,2,0.317,1.256
OFF-0185,PARKS,Horticulture Officer,2024-02,45,36,80.0,3.1,0,0.0,1,0.456,1.256
OFF-0185,PARKS,Horticulture Officer,2024-03,35,34,97.1,1.1,0,0.0,0,0.288,1.256
OFF-0185,PARKS,Horticulture Officer,2024-04,41,40,97.6,2.1,0,0.0,0,0.38,1.256
OFF-0185,PARKS,Horticulture Officer,2024-05,36,35,97.2,2.9,0,0.0,1,0.386,1.256
OFF-0185,PARKS,Horticulture Officer,2024-06,75,73,97.3,3.3,0,0.0,1,0.563,1.256
OFF-0185,PARKS,Horticulture Officer,2024-07,68,56,82.4,5.4,0,0.0,2,0.672,1.256
OFF-0185,PARKS,Horticulture Officer,2024-08,86,83,96.5,3.1,0,0.0,1,0.557,1.256
OFF-0185,PARKS,Horticulture Officer,2024-09,66,64,97.0,0.5,0,0.0,2,0.425,1.256
OFF-0185,PARKS,Horticulture Officer,2024-10,34,30,88.2,1.2,0,0.0,0,0.286,1.256
OFF-0185,PARKS,Horticulture Officer,2024-11,38,33,86.8,1.4,0,0.0,0,0.323,1.256
OFF-0185,PARKS,Horticulture Officer,2024-12,37,36,97.3,2.2,0,0.0,2,0.355,1.256
OFF-0186,PARKS,Supervisor,2022-01,36,34,94.4,3.2,0,0.0,1,0.399,1.102
OFF-0186,PARKS,Supervisor,2022-02,38,37,97.4,3.9,0,0.0,3,0.451,1.102
OFF-0186,PARKS,Supervisor,2022-03,32,31,96.9,1.6,0,0.0,1,0.294,1.102
OFF-0186,PARKS,Supervisor,2022-04,44,32,72.7,2.6,0,0.0,2,0.425,1.102
OFF-0186,PARKS,Supervisor,2022-05,42,41,97.6,3.8,0,0.0,2,0.468,1.102
OFF-0186,PARKS,Supervisor,2022-06,61,54,88.5,2.1,0,0.0,0,0.506,1.102
OFF-0186,PARKS,Supervisor,2022-07,55,42,76.4,0.5,0,0.0,1,0.392,1.102
OFF-0186,PARKS,Supervisor,2022-08,75,68,90.7,2.8,0,0.0,0,0.54,1.102
OFF-0186,PARKS,Supervisor,2022-09,61,48,78.7,4.5,0,0.0,2,0.623,1.102
OFF-0186,PARKS,Supervisor,2022-10,38,30,78.9,1.5,0,0.0,0,0.328,1.102
OFF-0186,PARKS,Supervisor,2022-11,46,37,80.4,3.0,0,0.0,1,0.457,1.102
OFF-0186,PARKS,Supervisor,2022-12,36,33,91.7,3.1,0,0.0,0,0.394,1.102
OFF-0186,PARKS,Supervisor,2023-01,41,34,82.9,3.2,0,0.0,1,0.435,1.102
OFF-0186,PARKS,Supervisor,2023-02,32,30,93.8,3.0,0,0.0,1,0.361,1.102
OFF-0186,PARKS,Supervisor,2023-03,41,40,97.6,3.1,0,0.0,2,0.429,1.102
OFF-0186,PARKS,Supervisor,2023-04,38,35,92.1,2.3,0,0.0,2,0.368,1.102
OFF-0186,PARKS,Supervisor,2023-05,35,25,71.4,4.6,0,0.0,1,0.464,1.102
OFF-0186,PARKS,Supervisor,2023-06,75,70,93.3,5.7,0,0.0,1,0.684,1.102
OFF-0186,PARKS,Supervisor,2023-07,64,54,84.4,2.6,0,0.0,1,0.532,1.102
OFF-0186,PARKS,Supervisor,2023-08,50,42,84.0,5.6,0,0.0,2,0.612,1.102
OFF-0186,PARKS,Supervisor,2023-09,83,69,83.1,0.6,0,0.0,1,0.43,1.102
OFF-0186,PARKS,Supervisor,2023-10,33,32,97.0,5.8,0,0.0,0,0.511,1.102
OFF-0186,PARKS,Supervisor,2023-11,38,35,92.1,1.8,0,0.0,1,0.345,1.102
OFF-0186,PARKS,Supervisor,2023-12,36,34,94.4,3.0,0,0.0,1,0.392,1.102
OFF-0186,PARKS,Supervisor,2024-01,40,29,72.5,2.3,0,0.0,1,0.38,1.102
OFF-0186,PARKS,Supervisor,2024-02,46,38,82.6,3.5,0,0.0,1,0.48,1.102
OFF-0186,PARKS,Supervisor,2024-03,42,35,83.3,1.3,0,0.0,1,0.344,1.102
OFF-0186,PARKS,Supervisor,2024-04,39,34,87.2,3.6,0,0.0,4,0.441,1.102
OFF-0186,PARKS,Supervisor,2024-05,35,34,97.1,5.8,0,0.0,4,0.522,1.102
OFF-0186,PARKS,Supervisor,2024-06,58,48,82.8,2.4,0,0.0,0,0.505,1.102
OFF-0186,PARKS,Supervisor,2024-07,71,62,87.3,3.5,0,0.0,3,0.575,1.102
OFF-0186,PARKS,Supervisor,2024-08,52,49,94.2,3.4,0,0.0,2,0.518,1.102
OFF-0186,PARKS,Supervisor,2024-09,55,47,85.5,1.5,0,0.0,2,0.44,1.102
OFF-0186,PARKS,Supervisor,2024-10,47,40,85.1,3.2,0,0.0,2,0.476,1.102
OFF-0186,PARKS,Supervisor,2024-11,41,40,97.6,2.5,0,0.0,2,0.399,1.102
OFF-0186,PARKS,Supervisor,2024-12,44,38,86.4,2.2,0,0.0,1,0.403,1.102
OFF-0187,PARKS,Assistant Engineer,2022-01,12,11,91.7,2.3,0,0.0,0,0.193,1.238
OFF-0187,PARKS,Assistant Engineer,2022-02,16,15,93.8,0.5,0,0.0,2,0.132,1.238
OFF-0187,PARKS,Assistant Engineer,2022-03,17,16,94.1,4.8,0,0.0,1,0.352,1.238
OFF-0187,PARKS,Assistant Engineer,2022-04,17,16,94.1,3.0,0,0.0,2,0.265,1.238
OFF-0187,PARKS,Assistant Engineer,2022-05,13,12,92.3,5.1,0,0.0,3,0.344,1.238
OFF-0187,PARKS,Assistant Engineer,2022-06,21,20,95.2,2.2,0,0.0,0,0.252,1.238
OFF-0187,PARKS,Assistant Engineer,2022-07,24,21,87.5,1.7,0,0.0,1,0.244,1.238
OFF-0187,PARKS,Assistant Engineer,2022-08,29,28,96.6,4.9,0,0.0,0,0.438,1.238
OFF-0187,PARKS,Assistant Engineer,2022-09,21,20,95.2,4.3,0,0.0,1,0.356,1.238
OFF-0187,PARKS,Assistant Engineer,2022-10,12,11,91.7,1.4,0,0.0,2,0.148,1.238
OFF-0187,PARKS,Assistant Engineer,2022-11,12,9,75.0,1.0,0,0.0,0,0.13,1.238
OFF-0187,PARKS,Assistant Engineer,2022-12,16,15,93.8,3.1,0,0.0,2,0.261,1.238
OFF-0187,PARKS,Assistant Engineer,2023-01,14,13,92.9,2.7,0,0.0,2,0.227,1.238
OFF-0187,PARKS,Assistant Engineer,2023-02,14,13,92.9,4.3,0,0.0,2,0.31,1.238
OFF-0187,PARKS,Assistant Engineer,2023-03,15,14,93.3,3.2,0,0.0,1,0.259,1.238
OFF-0187,PARKS,Assistant Engineer,2023-04,16,15,93.8,2.3,0,0.0,2,0.223,1.238
OFF-0187,PARKS,Assistant Engineer,2023-05,15,14,93.3,2.3,0,0.0,2,0.217,1.238
OFF-0187,PARKS,Assistant Engineer,2023-06,26,22,84.6,1.0,0,0.0,3,0.223,1.238
OFF-0187,PARKS,Assistant Engineer,2023-07,21,17,81.0,2.9,0,0.0,0,0.283,1.238
OFF-0187,PARKS,Assistant Engineer,2023-08,19,18,94.7,2.9,0,0.0,1,0.27,1.238
OFF-0187,PARKS,Assistant Engineer,2023-09,23,19,82.6,4.0,0,0.0,0,0.351,1.238
OFF-0187,PARKS,Assistant Engineer,2023-10,15,14,93.3,0.7,0,0.0,0,0.134,1.238
OFF-0187,PARKS,Assistant Engineer,2023-11,14,13,92.9,4.1,0,0.0,1,0.297,1.238
OFF-0187,PARKS,Assistant Engineer,2023-12,15,14,93.3,1.0,0,0.0,0,0.152,1.238
OFF-0187,PARKS,Assistant Engineer,2024-01,17,14,82.4,3.4,0,0.0,2,0.282,1.238
OFF-0187,PARKS,Assistant Engineer,2024-02,17,15,88.2,2.0,0,0.0,0,0.215,1.238
OFF-0187,PARKS,Assistant Engineer,2024-03,16,14,87.5,3.2,0,0.0,1,0.265,1.238
OFF-0187,PARKS,Assistant Engineer,2024-04,16,15,93.8,3.1,0,0.0,2,0.264,1.238
OFF-0187,PARKS,Assistant Engineer,2024-05,14,12,85.7,2.7,0,0.0,0,0.231,1.238
OFF-0187,PARKS,Assistant Engineer,2024-06,22,21,95.5,3.5,0,0.0,2,0.322,1.238
OFF-0187,PARKS,Assistant Engineer,2024-07,21,19,90.5,0.5,0,0.0,3,0.165,1.238
OFF-0187,PARKS,Assistant Engineer,2024-08,25,24,96.0,2.3,0,0.0,4,0.283,1.238
OFF-0187,PARKS,Assistant Engineer,2024-09,23,20,87.0,3.0,0,0.0,1,0.304,1.238
OFF-0187,PARKS,Assistant Engineer,2024-10,14,13,92.9,4.1,0,0.0,0,0.298,1.238
OFF-0187,PARKS,Assistant Engineer,2024-11,12,10,83.3,0.6,0,0.0,3,0.108,1.238
OFF-0187,PARKS,Assistant Engineer,2024-12,13,12,92.3,2.3,0,0.0,1,0.201,1.238
OFF-0188,PARKS,Horticulture Officer,2022-01,31,16,51.6,2.1,2,7.6,2,0.336,0.781
OFF-0188,PARKS,Horticulture Officer,2022-02,25,15,60.0,1.1,1,6.2,0,0.24,0.781
OFF-0188,PARKS,Horticulture Officer,2022-03,27,15,55.6,2.2,0,3.4,0,0.302,0.781
OFF-0188,PARKS,Horticulture Officer,2022-04,23,14,60.9,2.9,1,8.3,1,0.324,0.781
OFF-0188,PARKS,Horticulture Officer,2022-05,27,13,48.1,1.7,1,5.8,0,0.28,0.781
OFF-0188,PARKS,Horticulture Officer,2022-06,40,29,72.5,3.2,1,3.2,1,0.436,0.781
OFF-0188,PARKS,Horticulture Officer,2022-07,52,32,61.5,5.6,1,3.3,1,0.636,0.781
OFF-0188,PARKS,Horticulture Officer,2022-08,43,28,65.1,3.7,1,4.0,1,0.484,0.781
OFF-0188,PARKS,Horticulture Officer,2022-09,38,23,60.5,2.8,0,2.4,0,0.399,0.781
OFF-0188,PARKS,Horticulture Officer,2022-10,26,16,61.5,2.9,0,3.0,3,0.326,0.781
OFF-0188,PARKS,Horticulture Officer,2022-11,34,21,61.8,4.1,1,4.4,1,0.444,0.781
OFF-0188,PARKS,Horticulture Officer,2022-12,23,13,56.5,4.3,0,4.2,1,0.378,0.781
OFF-0188,PARKS,Horticulture Officer,2023-01,29,16,55.2,3.7,1,5.0,1,0.395,0.781
OFF-0188,PARKS,Horticulture Officer,2023-02,25,17,68.0,3.1,1,5.0,0,0.336,0.781
OFF-0188,PARKS,Horticulture Officer,2023-03,24,15,62.5,2.0,1,7.9,1,0.284,0.781
OFF-0188,PARKS,Horticulture Officer,2023-04,26,18,69.2,5.0,1,4.4,3,0.435,0.781
OFF-0188,PARKS,Horticulture Officer,2023-05,34,20,58.8,0.5,1,5.9,1,0.269,0.781
OFF-0188,PARKS,Horticulture Officer,2023-06,44,31,70.5,4.7,3,7.9,1,0.55,0.781
OFF-0188,PARKS,Horticulture Officer,2023-07,60,40,66.7,5.8,3,5.2,1,0.706,0.781
OFF-0188,PARKS,Horticulture Officer,2023-08,39,20,51.3,1.8,1,5.0,1,0.365,0.781
OFF-0188,PARKS,Horticulture Officer,2023-09,36,25,69.4,1.7,1,5.2,2,0.342,0.781
OFF-0188,PARKS,Horticulture Officer,2023-10,25,15,60.0,3.4,1,5.6,1,0.354,0.781
OFF-0188,PARKS,Horticulture Officer,2023-11,32,19,59.4,3.5,1,4.0,0,0.4,0.781
OFF-0188,PARKS,Horticulture Officer,2023-12,24,14,58.3,5.1,0,2.4,0,0.423,0.781
OFF-0188,PARKS,Horticulture Officer,2024-01,25,18,72.0,4.1,1,5.8,1,0.391,0.781
OFF-0188,PARKS,Horticulture Officer,2024-02,28,15,53.6,4.3,1,4.5,1,0.416,0.781
OFF-0188,PARKS,Horticulture Officer,2024-03,23,16,69.6,3.5,0,2.4,1,0.334,0.781
OFF-0188,PARKS,Horticulture Officer,2024-04,24,14,58.3,2.0,2,8.5,1,0.284,0.781
OFF-0188,PARKS,Horticulture Officer,2024-05,26,16,61.5,2.3,1,3.9,2,0.302,0.781
OFF-0188,PARKS,Horticulture Officer,2024-06,37,27,73.0,3.2,1,3.5,2,0.415,0.781
OFF-0188,PARKS,Horticulture Officer,2024-07,39,23,59.0,2.3,1,3.4,3,0.386,0.781
OFF-0188,PARKS,Horticulture Officer,2024-08,42,22,52.4,2.9,1,3.7,0,0.435,0.781
OFF-0188,PARKS,Horticulture Officer,2024-09,49,27,55.1,3.1,3,7.3,1,0.501,0.781
OFF-0188,PARKS,Horticulture Officer,2024-10,33,17,51.5,2.4,0,2.9,0,0.347,0.781
OFF-0188,PARKS,Horticulture Officer,2024-11,34,25,73.5,4.3,2,7.3,1,0.464,0.781
OFF-0188,PARKS,Horticulture Officer,2024-12,31,21,67.7,0.5,1,3.5,1,0.242,0.781
OFF-0189,PARKS,Assistant Engineer,2022-01,23,22,95.7,3.4,0,0.0,0,0.325,1.15
OFF-0189,PARKS,Assistant Engineer,2022-02,29,28,96.6,1.5,0,0.0,3,0.271,1.15
OFF-0189,PARKS,Assistant Engineer,2022-03,29,27,93.1,0.5,0,0.0,2,0.218,1.15
OFF-0189,PARKS,Assistant Engineer,2022-04,24,23,95.8,4.8,0,0.0,2,0.399,1.15
OFF-0189,PARKS,Assistant Engineer,2022-05,34,33,97.1,2.7,0,0.0,0,0.364,1.15
OFF-0189,PARKS,Assistant Engineer,2022-06,52,50,96.2,3.7,0,0.0,1,0.533,1.15
OFF-0189,PARKS,Assistant Engineer,2022-07,41,31,75.6,2.0,0,0.0,2,0.372,1.15
OFF-0189,PARKS,Assistant Engineer,2022-08,44,40,90.9,4.6,0,0.0,0,0.524,1.15
OFF-0189,PARKS,Assistant Engineer,2022-09,39,36,92.3,2.0,0,0.0,3,0.36,1.15
OFF-0189,PARKS,Assistant Engineer,2022-10,28,27,96.4,3.4,0,0.0,1,0.356,1.15
OFF-0189,PARKS,Assistant Engineer,2022-11,32,31,96.9,0.7,0,0.0,2,0.248,1.15
OFF-0189,PARKS,Assistant Engineer,2022-12,25,24,96.0,2.9,0,0.0,1,0.31,1.15
OFF-0189,PARKS,Assistant Engineer,2023-01,31,28,90.3,3.9,0,0.0,3,0.402,1.15
OFF-0189,PARKS,Assistant Engineer,2023-02,28,23,82.1,3.0,0,0.0,1,0.338,1.15
OFF-0189,PARKS,Assistant Engineer,2023-03,32,28,87.5,4.5,0,0.0,1,0.44,1.15
OFF-0189,PARKS,Assistant Engineer,2023-04,30,29,96.7,3.1,0,0.0,1,0.356,1.15
OFF-0189,PARKS,Assistant Engineer,2023-05,34,27,79.4,2.5,0,0.0,1,0.351,1.15
OFF-0189,PARKS,Assistant Engineer,2023-06,52,50,96.2,3.4,0,0.0,1,0.517,1.15
OFF-0189,PARKS,Assistant Engineer,2023-07,40,39,97.5,2.0,0,0.0,3,0.368,1.15
OFF-0189,PARKS,Assistant Engineer,2023-08,36,31,86.1,2.7,0,0.0,0,0.373,1.15
OFF-0189,PARKS,Assistant Engineer,2023-09,42,33,78.6,2.8,0,0.0,1,0.42,1.15
OFF-0189,PARKS,Assistant Engineer,2023-10,28,24,85.7,0.6,0,0.0,1,0.219,1.15
OFF-0189,PARKS,Assistant Engineer,2023-11,34,25,73.5,4.3,0,0.0,1,0.441,1.15
OFF-0189,PARKS,Assistant Engineer,2023-12,27,24,88.9,2.8,0,0.0,1,0.32,1.15
OFF-0189,PARKS,Assistant Engineer,2024-01,31,28,90.3,3.4,0,0.0,0,0.376,1.15
OFF-0189,PARKS,Assistant Engineer,2024-02,27,26,96.3,2.8,0,0.0,1,0.32,1.15
OFF-0189,PARKS,Assistant Engineer,2024-03,34,32,94.1,0.6,0,0.0,1,0.256,1.15
OFF-0189,PARKS,Assistant Engineer,2024-04,30,25,83.3,0.7,0,0.0,2,0.236,1.15
OFF-0189,PARKS,Assistant Engineer,2024-05,34,33,97.1,3.1,0,0.0,1,0.383,1.15
OFF-0189,PARKS,Assistant Engineer,2024-06,43,33,76.7,1.6,0,0.0,0,0.364,1.15
OFF-0189,PARKS,Assistant Engineer,2024-07,51,40,78.4,2.2,0,0.0,0,0.451,1.15
OFF-0189,PARKS,Assistant Engineer,2024-08,40,35,87.5,2.6,0,0.0,1,0.397,1.15
OFF-0189,PARKS,Assistant Engineer,2024-09,41,36,87.8,4.3,0,0.0,1,0.489,1.15
OFF-0189,PARKS,Assistant Engineer,2024-10,26,25,96.2,1.9,0,0.0,2,0.269,1.15
OFF-0189,PARKS,Assistant Engineer,2024-11,28,26,92.9,4.1,0,0.0,1,0.391,1.15
OFF-0189,PARKS,Assistant Engineer,2024-12,33,28,84.8,5.4,0,0.0,0,0.492,1.15
OFF-0190,PARKS,Supervisor,2022-01,19,13,68.4,2.7,0,0.0,2,0.264,1.065
OFF-0190,PARKS,Supervisor,2022-02,21,14,66.7,1.6,0,0.0,0,0.222,1.065
OFF-0190,PARKS,Supervisor,2022-03,21,16,76.2,4.2,0,0.0,4,0.349,1.065
OFF-0190,PARKS,Supervisor,2022-04,24,22,91.7,3.7,0,0.0,1,0.347,1.065
OFF-0190,PARKS,Supervisor,2022-05,23,16,69.6,2.6,0,0.0,1,0.285,1.065
OFF-0190,PARKS,Supervisor,2022-06,35,34,97.1,0.7,0,0.0,0,0.27,1.065
OFF-0190,PARKS,Supervisor,2022-07,24,18,75.0,1.0,0,0.0,4,0.21,1.065
OFF-0190,PARKS,Supervisor,2022-08,32,27,84.4,1.8,0,0.0,1,0.301,1.065
OFF-0190,PARKS,Supervisor,2022-09,28,26,92.9,4.2,0,0.0,1,0.399,1.065
OFF-0190,PARKS,Supervisor,2022-10,19,18,94.7,0.8,0,0.0,2,0.167,1.065
OFF-0190,PARKS,Supervisor,2022-11,24,23,95.8,1.6,0,0.0,2,0.238,1.065
OFF-0190,PARKS,Supervisor,2022-12,19,15,78.9,2.5,0,0.0,0,0.253,1.065
OFF-0190,PARKS,Supervisor,2023-01,17,15,88.2,3.4,0,0.0,0,0.283,1.065
OFF-0190,PARKS,Supervisor,2023-02,22,20,90.9,4.3,0,0.0,2,0.361,1.065
OFF-0190,PARKS,Supervisor,2023-03,19,13,68.4,2.1,0,0.0,2,0.231,1.065
OFF-0190,PARKS,Supervisor,2023-04,22,19,86.4,0.5,0,0.0,2,0.172,1.065
OFF-0190,PARKS,Supervisor,2023-05,17,12,70.6,4.7,0,0.0,2,0.347,1.065
OFF-0190,PARKS,Supervisor,2023-06,29,24,82.8,3.3,0,0.0,0,0.36,1.065
OFF-0190,PARKS,Supervisor,2023-07,28,21,75.0,0.5,0,0.0,1,0.212,1.065
OFF-0190,PARKS,Supervisor,2023-08,26,18,69.2,1.2,0,0.0,4,0.235,1.065
OFF-0190,PARKS,Supervisor,2023-09,39,29,74.4,2.8,0,0.0,1,0.398,1.065
OFF-0190,PARKS,Supervisor,2023-10,21,15,71.4,3.5,0,0.0,1,0.315,1.065
OFF-0190,PARKS,Supervisor,2023-11,17,14,82.4,2.0,0,0.0,2,0.214,1.065
OFF-0190,PARKS,Supervisor,2023-12,23,21,91.3,2.2,0,0.0,0,0.261,1.065
OFF-0190,PARKS,Supervisor,2024-01,23,20,87.0,3.5,0,0.0,3,0.328,1.065
OFF-0190,PARKS,Supervisor,2024-02,20,18,90.0,1.8,0,0.0,2,0.222,1.065
OFF-0190,PARKS,Supervisor,2024-03,25,21,84.0,4.4,0,0.0,0,0.388,1.065
OFF-0190,PARKS,Supervisor,2024-04,23,21,91.3,4.0,0,0.0,0,0.355,1.065
OFF-0190,PARKS,Supervisor,2024-05,22,18,81.8,2.9,0,0.0,2,0.293,1.065
OFF-0190,PARKS,Supervisor,2024-06,36,29,80.6,1.9,0,0.0,1,0.333,1.065
OFF-0190,PARKS,Supervisor,2024-07,31,29,93.5,3.3,0,0.0,1,0.371,1.065
OFF-0190,PARKS,Supervisor,2024-08,24,21,87.5,3.9,0,0.0,3,0.354,1.065
OFF-0190,PARKS,Supervisor,2024-09,37,36,97.3,3.9,0,0.0,0,0.44,1.065
OFF-0190,PARKS,Supervisor,2024-10,23,17,73.9,1.4,0,0.0,0,0.225,1.065
OFF-0190,PARKS,Supervisor,2024-11,20,14,70.0,3.2,0,0.0,3,0.295,1.065
OFF-0190,PARKS,Supervisor,2024-12,24,19,79.2,1.8,0,0.0,0,0.25,1.065
OFF-0191,PARKS,Horticulture Officer,2022-01,21,11,52.4,3.1,0,3.7,0,0.305,0.842
OFF-0191,PARKS,Horticulture Officer,2022-02,28,17,60.7,2.8,0,2.5,1,0.333,0.842
OFF-0191,PARKS,Horticulture Officer,2022-03,22,13,59.1,4.6,1,5.3,1,0.393,0.842
OFF-0191,PARKS,Horticulture Officer,2022-04,29,21,72.4,1.3,0,3.2,2,0.269,0.842
OFF-0191,PARKS,Horticulture Officer,2022-05,30,17,56.7,3.6,1,4.8,0,0.396,0.842
OFF-0191,PARKS,Horticulture Officer,2022-06,39,29,74.4,3.9,1,2.9,0,0.466,0.842
OFF-0191,PARKS,Horticulture Officer,2022-07,51,39,76.5,5.3,2,4.0,1,0.616,0.842
OFF-0191,PARKS,Horticulture Officer,2022-08,34,26,76.5,4.2,1,4.6,0,0.453,0.842
OFF-0191,PARKS,Horticulture Officer,2022-09,31,20,64.5,1.8,0,2.8,1,0.307,0.842
OFF-0191,PARKS,Horticulture Officer,2022-10,25,13,52.0,1.1,1,6.1,2,0.237,0.842
OFF-0191,PARKS,Horticulture Officer,2022-11,28,17,60.7,2.5,0,2.4,1,0.321,0.842
OFF-0191,PARKS,Horticulture Officer,2022-12,25,15,60.0,2.9,1,5.3,2,0.329,0.842
OFF-0191,PARKS,Horticulture Officer,2023-01,24,16,66.7,2.5,1,4.9,2,0.299,0.842
OFF-0191,PARKS,Horticulture Officer,2023-02,27,19,70.4,4.0,1,3.7,0,0.391,0.842
OFF-0191,PARKS,Horticulture Officer,2023-03,23,14,60.9,4.6,1,4.9,3,0.398,0.842
OFF-0191,PARKS,Horticulture Officer,2023-04,30,18,60.0,4.6,1,5.1,3,0.445,0.842
OFF-0191,PARKS,Horticulture Officer,2023-05,30,19,63.3,4.6,0,2.6,2,0.44,0.842
OFF-0191,PARKS,Horticulture Officer,2023-06,45,25,55.6,5.3,1,3.3,0,0.573,0.842
OFF-0191,PARKS,Horticulture Officer,2023-07,36,26,72.2,4.6,1,5.0,2,0.485,0.842
OFF-0191,PARKS,Horticulture Officer,2023-08,42,30,71.4,2.9,2,4.9,2,0.44,0.842
OFF-0191,PARKS,Horticulture Officer,2023-09,48,36,75.0,0.5,2,6.1,2,0.363,0.842
OFF-0191,PARKS,Horticulture Officer,2023-10,22,17,77.3,4.4,0,4.0,1,0.379,0.842
OFF-0191,PARKS,Horticulture Officer,2023-11,23,14,60.9,3.4,1,5.9,1,0.343,0.842
OFF-0191,PARKS,Horticulture Officer,2023-12,26,14,53.8,4.1,1,6.0,1,0.395,0.842
OFF-0191,PARKS,Horticulture Officer,2024-01,30,17,56.7,4.6,1,6.2,3,0.449,0.842
OFF-0191,PARKS,Horticulture Officer,2024-02,22,17,77.3,0.6,0,2.4,2,0.183,0.842
OFF-0191,PARKS,Horticulture Officer,2024-03,24,16,66.7,2.0,0,2.3,0,0.268,0.842
OFF-0191,PARKS,Horticulture Officer,2024-04,31,20,64.5,2.0,0,2.4,2,0.312,0.842
OFF-0191,PARKS,Horticulture Officer,2024-05,31,18,58.1,5.3,0,3.0,1,0.479,0.842
OFF-0191,PARKS,Horticulture Officer,2024-06,52,29,55.8,5.4,3,6.0,0,0.636,0.842
OFF-0191,PARKS,Horticulture Officer,2024-07,35,19,54.3,2.8,0,2.6,1,0.38,0.842
OFF-0191,PARKS,Horticulture Officer,2024-08,50,34,68.0,0.5,2,5.0,1,0.373,0.842
OFF-0191,PARKS,Horticulture Officer,2024-09,41,30,73.2,4.7,0,2.0,2,0.516,0.842
OFF-0191,PARKS,Horticulture Officer,2024-10,29,20,69.0,3.9,1,6.1,2,0.408,0.842
OFF-0191,PARKS,Horticulture Officer,2024-11,22,16,72.7,2.2,0,4.2,0,0.271,0.842
OFF-0191,PARKS,Horticulture Officer,2024-12,23,14,60.9,2.0,0,1.6,1,0.261,0.842
OFF-0192,PARKS,Assistant Engineer,2022-01,25,17,68.0,3.7,0,1.5,2,0.355,0.918
OFF-0192,PARKS,Assistant Engineer,2022-02,28,18,64.3,4.2,0,1.3,0,0.4,0.918
OFF-0192,PARKS,Assistant Engineer,2022-03,33,22,66.7,5.2,0,2.4,0,0.487,0.918
OFF-0192,PARKS,Assistant Engineer,2022-04,31,21,67.7,2.3,0,2.9,1,0.329,0.918
OFF-0192,PARKS,Assistant Engineer,2022-05,24,17,70.8,4.4,0,3.2,0,0.389,0.918
OFF-0192,PARKS,Assistant Engineer,2022-06,40,29,72.5,7.1,1,2.7,1,0.575,0.918
OFF-0192,PARKS,Assistant Engineer,2022-07,50,35,70.0,2.4,1,2.5,2,0.461,0.918
OFF-0192,PARKS,Assistant Engineer,2022-08,43,32,74.4,5.7,0,2.1,1,0.579,0.918
OFF-0192,PARKS,Assistant Engineer,2022-09,32,27,84.4,0.9,1,3.2,2,0.27,0.918
OFF-0192,PARKS,Assistant Engineer,2022-10,28,19,67.9,4.4,0,1.9,0,0.413,0.918
OFF-0192,PARKS,Assistant Engineer,2022-11,26,17,65.4,5.3,0,1.2,4,0.441,0.918
OFF-0192,PARKS,Assistant Engineer,2022-12,32,20,62.5,5.6,0,1.1,0,0.497,0.918
OFF-0192,PARKS,Assistant Engineer,2023-01,27,19,70.4,5.8,0,1.4,0,0.476,0.918
OFF-0192,PARKS,Assistant Engineer,2023-02,29,22,75.9,1.1,0,1.4,1,0.251,0.918
OFF-0192,PARKS,Assistant Engineer,2023-03,32,26,81.2,2.1,0,2.2,0,0.325,0.918
OFF-0192,PARKS,Assistant Engineer,2023-04,31,22,71.0,2.1,0,3.2,3,0.322,0.918
OFF-0192,PARKS,Assistant Engineer,2023-05,33,24,72.7,2.4,0,1.9,0,0.345,0.918
OFF-0192,PARKS,Assistant Engineer,2023-06,47,35,74.5,6.1,1,2.3,2,0.62,0.918
OFF-0192,PARKS,Assistant Engineer,2023-07,43,27,62.8,3.2,1,3.3,1,0.456,0.918
OFF-0192,PARKS,Assistant Engineer,2023-08,37,30,81.1,2.4,0,2.1,0,0.374,0.918
OFF-0192,PARKS,Assistant Engineer,2023-09,55,43,78.2,4.6,0,1.3,0,0.601,0.918
OFF-0192,PARKS,Assistant Engineer,2023-10,25,16,64.0,3.6,0,3.1,3,0.357,0.918
OFF-0192,PARKS,Assistant Engineer,2023-11,25,15,60.0,3.1,0,2.4,1,0.326,0.918
OFF-0192,PARKS,Assistant Engineer,2023-12,28,19,67.9,2.2,0,1.8,0,0.303,0.918
OFF-0192,PARKS,Assistant Engineer,2024-01,32,22,68.8,2.0,1,3.2,0,0.325,0.918
OFF-0192,PARKS,Assistant Engineer,2024-02,26,17,65.4,5.4,0,3.1,0,0.454,0.918
OFF-0192,PARKS,Assistant Engineer,2024-03,22,16,72.7,2.5,0,2.9,0,0.28,0.918
OFF-0192,PARKS,Assistant Engineer,2024-04,29,23,79.3,2.8,0,1.4,2,0.337,0.918
OFF-0192,PARKS,Assistant Engineer,2024-05,30,19,63.3,2.1,0,2.4,1,0.312,0.918
OFF-0192,PARKS,Assistant Engineer,2024-06,53,34,64.2,2.5,1,2.6,1,0.484,0.918
OFF-0192,PARKS,Assistant Engineer,2024-07,40,25,62.5,1.8,0,1.4,0,0.36,0.918
OFF-0192,PARKS,Assistant Engineer,2024-08,42,27,64.3,2.6,1,2.6,0,0.42,0.918
OFF-0192,PARKS,Assistant Engineer,2024-09,58,45,77.6,3.1,0,1.1,1,0.547,0.918
OFF-0192,PARKS,Assistant Engineer,2024-10,24,20,83.3,4.2,0,1.1,0,0.373,0.918
OFF-0192,PARKS,Assistant Engineer,2024-11,33,26,78.8,2.0,0,1.8,1,0.325,0.918
OFF-0192,PARKS,Assistant Engineer,2024-12,32,21,65.6,2.5,0,1.5,2,0.344,0.918
OFF-0193,PARKS,Horticulture Officer,2022-01,33,22,66.7,5.5,0,0.8,0,0.495,0.967
OFF-0193,PARKS,Horticulture Officer,2022-02,34,24,70.6,3.5,0,0.6,0,0.404,0.967
OFF-0193,PARKS,Horticulture Officer,2022-03,31,20,64.5,5.7,0,1.2,3,0.497,0.967
OFF-0193,PARKS,Horticulture Officer,2022-04,37,32,86.5,1.6,0,0.4,1,0.328,0.967
OFF-0193,PARKS,Horticulture Officer,2022-05,25,19,76.0,2.0,0,0.7,1,0.267,0.967
OFF-0193,PARKS,Horticulture Officer,2022-06,44,38,86.4,2.3,0,1.0,2,0.413,0.967
OFF-0193,PARKS,Horticulture Officer,2022-07,49,43,87.8,5.4,0,1.0,1,0.598,0.967
OFF-0193,PARKS,Horticulture Officer,2022-08,42,26,61.9,3.2,0,0.5,4,0.441,0.967
OFF-0193,PARKS,Horticulture Officer,2022-09,37,31,83.8,4.0,0,0.4,2,0.45,0.967
OFF-0193,PARKS,Horticulture Officer,2022-10,35,26,74.3,3.0,0,1.2,0,0.386,0.967
OFF-0193,PARKS,Horticulture Officer,2022-11,32,21,65.6,2.7,0,0.7,0,0.351,0.967
OFF-0193,PARKS,Horticulture Officer,2022-12,29,21,72.4,0.7,0,0.9,1,0.229,0.967
OFF-0193,PARKS,Horticulture Officer,2023-01,35,28,80.0,3.1,0,1.2,1,0.391,0.967
OFF-0193,PARKS,Horticulture Officer,2023-02,29,20,69.0,5.9,0,1.0,1,0.493,0.967
OFF-0193,PARKS,Horticulture Officer,2023-03,33,28,84.8,2.9,0,0.6,4,0.369,0.967
OFF-0193,PARKS,Horticulture Officer,2023-04,26,16,61.5,1.4,0,0.9,3,0.247,0.967
OFF-0193,PARKS,Horticulture Officer,2023-05,25,19,76.0,4.2,0,0.6,0,0.38,0.967
OFF-0193,PARKS,Horticulture Officer,2023-06,46,30,65.2,5.0,0,0.8,2,0.562,0.967
OFF-0193,PARKS,Horticulture Officer,2023-07,46,36,78.3,3.8,0,1.1,1,0.502,0.967
OFF-0193,PARKS,Horticulture Officer,2023-08,46,33,71.7,4.8,0,1.3,1,0.549,0.967
OFF-0193,PARKS,Horticulture Officer,2023-09,54,43,79.6,6.0,0,1.3,1,0.661,0.967
OFF-0193,PARKS,Horticulture Officer,2023-10,30,23,76.7,1.7,0,0.7,1,0.286,0.967
OFF-0193,PARKS,Horticulture Officer,2023-11,36,31,86.1,2.6,0,0.9,1,0.374,0.967
OFF-0193,PARKS,Horticulture Officer,2023-12,27,20,74.1,3.7,0,0.4,1,0.364,0.967
OFF-0193,PARKS,Horticulture Officer,2024-01,27,24,88.9,1.9,0,0.8,0,0.275,0.967
OFF-0193,PARKS,Horticulture Officer,2024-02,36,26,72.2,2.5,0,1.0,0,0.369,0.967
OFF-0193,PARKS,Horticulture Officer,2024-03,36,28,77.8,2.6,0,0.7,1,0.374,0.967
OFF-0193,PARKS,Horticulture Officer,2024-04,27,22,81.5,1.8,0,1.2,0,0.273,0.967
OFF-0193,PARKS,Horticulture Officer,2024-05,35,28,80.0,5.1,0,0.6,2,0.492,0.967
OFF-0193,PARKS,Horticulture Officer,2024-06,50,34,68.0,1.6,0,1.0,1,0.415,0.967
OFF-0193,PARKS,Horticulture Officer,2024-07,37,29,78.4,3.2,0,0.7,0,0.409,0.967
OFF-0193,PARKS,Horticulture Officer,2024-08,34,22,64.7,0.5,0,1.1,0,0.255,0.967
OFF-0193,PARKS,Horticulture Officer,2024-09,41,28,68.3,2.3,0,0.5,2,0.392,0.967
OFF-0193,PARKS,Horticulture Officer,2024-10,33,23,69.7,0.7,0,1.2,2,0.258,0.967
OFF-0193,PARKS,Horticulture Officer,2024-11,34,30,88.2,2.0,0,1.1,1,0.332,0.967
OFF-0193,PARKS,Horticulture Officer,2024-12,32,23,71.9,4.4,0,0.8,1,0.438,0.967
OFF-0194,PARKS,Supervisor,2022-01,25,21,84.0,3.8,0,0.0,0,0.355,1.007
OFF-0194,PARKS,Supervisor,2022-02,24,22,91.7,1.3,0,0.0,1,0.224,1.007
OFF-0194,PARKS,Supervisor,2022-03,33,23,69.7,3.4,0,0.0,1,0.389,1.007
OFF-0194,PARKS,Supervisor,2022-04,29,24,82.8,1.5,0,0.0,0,0.267,1.007
OFF-0194,PARKS,Supervisor,2022-05,23,16,69.6,1.3,0,0.0,1,0.22,1.007
OFF-0194,PARKS,Supervisor,2022-06,50,39,78.0,0.9,0,0.0,1,0.377,1.007
OFF-0194,PARKS,Supervisor,2022-07,32,30,93.8,1.0,0,0.0,1,0.264,1.007
OFF-0194,PARKS,Supervisor,2022-08,51,37,72.5,4.5,0,0.0,0,0.565,1.007
OFF-0194,PARKS,Supervisor,2022-09,43,31,72.1,5.0,0,0.0,2,0.535,1.007
OFF-0194,PARKS,Supervisor,2022-10,26,19,73.1,0.7,0,0.0,0,0.21,1.007
OFF-0194,PARKS,Supervisor,2022-11,33,21,63.6,2.7,0,0.0,2,0.354,1.007
OFF-0194,PARKS,Supervisor,2022-12,24,19,79.2,4.3,0,0.0,1,0.376,1.007
OFF-0194,PARKS,Supervisor,2023-01,25,17,68.0,1.9,0,0.0,0,0.264,1.007
OFF-0194,PARKS,Supervisor,2023-02,23,18,78.3,1.6,0,0.0,1,0.234,1.007
OFF-0194,PARKS,Supervisor,2023-03,31,27,87.1,4.4,0,0.0,1,0.427,1.007
OFF-0194,PARKS,Supervisor,2023-04,25,22,88.0,3.4,0,0.0,0,0.335,1.007
OFF-0194,PARKS,Supervisor,2023-05,29,25,86.2,5.2,0,0.0,0,0.451,1.007
OFF-0194,PARKS,Supervisor,2023-06,58,40,69.0,1.9,0,0.0,3,0.484,1.007
OFF-0194,PARKS,Supervisor,2023-07,58,53,91.4,0.5,0,0.0,2,0.412,1.007
OFF-0194,PARKS,Supervisor,2023-08,40,28,70.0,0.5,0,0.0,1,0.292,1.007
OFF-0194,PARKS,Supervisor,2023-09,38,27,71.1,2.8,0,0.0,4,0.392,1.007
OFF-0194,PARKS,Supervisor,2023-10,28,19,67.9,2.6,0,0.0,1,0.318,1.007
OFF-0194,PARKS,Supervisor,2023-11,24,19,79.2,0.5,0,0.0,1,0.185,1.007
OFF-0194,PARKS,Supervisor,2023-12,31,27,87.1,2.3,0,0.0,1,0.323,1.007
OFF-0194,PARKS,Supervisor,2024-01,29,23,79.3,1.3,0,0.0,3,0.256,1.007
OFF-0194,PARKS,Supervisor,2024-02,27,18,66.7,3.8,0,0.0,2,0.371,1.007
OFF-0194,PARKS,Supervisor,2024-03,32,30,93.8,2.6,0,0.0,2,0.344,1.007
OFF-0194,PARKS,Supervisor,2024-04,24,16,66.7,5.9,0,0.0,1,0.457,1.007
OFF-0194,PARKS,Supervisor,2024-05,31,25,80.6,4.6,0,0.0,1,0.436,1.007
OFF-0194,PARKS,Supervisor,2024-06,41,32,78.0,3.0,0,0.0,2,0.425,1.007
OFF-0194,PARKS,Supervisor,2024-07,49,38,77.6,1.3,0,0.0,1,0.393,1.007
OFF-0194,PARKS,Supervisor,2024-08,53,44,83.0,1.5,0,0.0,4,0.427,1.007
OFF-0194,PARKS,Supervisor,2024-09,41,27,65.9,2.6,0,0.0,1,0.403,1.007
OFF-0194,PARKS,Supervisor,2024-10,32,29,90.6,4.5,0,0.0,3,0.438,1.007
OFF-0194,PARKS,Supervisor,2024-11,31,25,80.6,3.1,0,0.0,1,0.359,1.007
OFF-0194,PARKS,Supervisor,2024-12,30,26,86.7,1.5,0,0.0,0,0.275,1.007
OFF-0195,PARKS,Supervisor,2022-01,23,18,78.3,3.8,0,1.5,2,0.348,0.936
OFF-0195,PARKS,Supervisor,2022-02,20,13,65.0,3.6,0,1.9,2,0.319,0.936
OFF-0195,PARKS,Supervisor,2022-03,20,13,65.0,0.6,0,2.0,3,0.168,0.936
OFF-0195,PARKS,Supervisor,2022-04,23,17,73.9,0.5,0,1.4,1,0.183,0.936
OFF-0195,PARKS,Supervisor,2022-05,22,14,63.6,4.6,0,1.6,1,0.381,0.936
OFF-0195,PARKS,Supervisor,2022-06,41,35,85.4,5.3,0,1.6,1,0.543,0.936
OFF-0195,PARKS,Supervisor,2022-07,42,27,64.3,5.2,0,2.2,1,0.547,0.936
OFF-0195,PARKS,Supervisor,2022-08,35,21,60.0,3.8,0,1.9,3,0.427,0.936
OFF-0195,PARKS,Supervisor,2022-09,29,22,75.9,4.4,0,0.9,2,0.415,0.936
OFF-0195,PARKS,Supervisor,2022-10,19,14,73.7,5.0,0,2.0,3,0.384,0.936
OFF-0195,PARKS,Supervisor,2022-11,18,13,72.2,2.0,0,1.5,2,0.226,0.936
OFF-0195,PARKS,Supervisor,2022-12,21,13,61.9,0.5,0,2.3,1,0.172,0.936
OFF-0195,PARKS,Supervisor,2023-01,23,20,87.0,4.5,0,1.3,1,0.38,0.936
OFF-0195,PARKS,Supervisor,2023-02,23,15,65.2,2.4,0,1.1,3,0.277,0.936
OFF-0195,PARKS,Supervisor,2023-03,23,17,73.9,3.6,0,2.2,2,0.34,0.936
OFF-0195,PARKS,Supervisor,2023-04,20,12,60.0,3.7,0,2.1,0,0.323,0.936
OFF-0195,PARKS,Supervisor,2023-05,23,14,60.9,1.8,0,1.2,4,0.246,0.936
OFF-0195,PARKS,Supervisor,2023-06,29,18,62.1,1.6,0,1.7,1,0.277,0.936
OFF-0195,PARKS,Supervisor,2023-07,35,25,71.4,3.6,0,1.9,2,0.417,0.936
OFF-0195,PARKS,Supervisor,2023-08,37,26,70.3,2.0,0,0.7,0,0.351,0.936
OFF-0195,PARKS,Supervisor,2023-09,41,33,80.5,3.3,0,2.0,0,0.442,0.936
OFF-0195,PARKS,Supervisor,2023-10,18,12,66.7,0.9,0,0.6,1,0.168,0.936
OFF-0195,PARKS,Supervisor,2023-11,22,18,81.8,1.0,0,0.7,2,0.2,0.936
OFF-0195,PARKS,Supervisor,2023-12,19,12,63.2,3.2,0,2.4,1,0.295,0.936
OFF-0195,PARKS,Supervisor,2024-01,21,15,71.4,3.1,0,1.1,1,0.299,0.936
OFF-0195,PARKS,Supervisor,2024-02,19,16,84.2,4.3,0,2.1,1,0.348,0.936
OFF-0195,PARKS,Supervisor,2024-03,19,13,68.4,4.0,0,1.1,0,0.33,0.936
OFF-0195,PARKS,Supervisor,2024-04,21,18,85.7,4.9,0,2.3,0,0.392,0.936
OFF-0195,PARKS,Supervisor,2024-05,24,20,83.3,3.7,0,2.1,0,0.353,0.936
OFF-0195,PARKS,Supervisor,2024-06,35,24,68.6,3.8,0,2.4,1,0.431,0.936
OFF-0195,PARKS,Supervisor,2024-07,28,24,85.7,3.9,0,0.7,1,0.383,0.936
OFF-0195,PARKS,Supervisor,2024-08,35,30,85.7,3.1,0,1.3,0,0.391,0.936
OFF-0195,PARKS,Supervisor,2024-09,28,20,71.4,4.6,0,2.1,2,0.424,0.936
OFF-0195,PARKS,Supervisor,2024-10,24,21,87.5,4.7,0,1.3,2,0.4,0.936
OFF-0195,PARKS,Supervisor,2024-11,25,19,76.0,3.9,0,2.4,2,0.371,0.936
OFF-0195,PARKS,Supervisor,2024-12,21,14,66.7,2.9,0,0.8,0,0.285,0.936
OFF-0196,PARKS,Horticulture Officer,2022-01,28,21,75.0,4.0,0,1.1,1,0.389,0.972
OFF-0196,PARKS,Horticulture Officer,2022-02,27,23,85.2,5.6,0,0.6,3,0.463,0.972
OFF-0196,PARKS,Horticulture Officer,2022-03,36,25,69.4,2.2,0,0.4,0,0.354,0.972
OFF-0196,PARKS,Horticulture Officer,2022-04,31,25,80.6,2.1,0,1.0,2,0.317,0.972
OFF-0196,PARKS,Horticulture Officer,2022-05,27,21,77.8,3.4,0,0.7,2,0.351,0.972
OFF-0196,PARKS,Horticulture Officer,2022-06,39,33,84.6,5.5,0,0.7,0,0.536,0.972
OFF-0196,PARKS,Horticulture Officer,2022-07,39,28,71.8,4.0,0,0.7,1,0.463,0.972
OFF-0196,PARKS,Horticulture Officer,2022-08,44,31,70.5,3.7,0,0.7,3,0.479,0.972
OFF-0196,PARKS,Horticulture Officer,2022-09,52,45,86.5,0.5,0,1.0,0,0.375,0.972
OFF-0196,PARKS,Horticulture Officer,2022-10,32,28,87.5,3.7,0,1.0,0,0.402,0.972
OFF-0196,PARKS,Horticulture Officer,2022-11,35,28,80.0,2.0,0,0.8,0,0.336,0.972
OFF-0196,PARKS,Horticulture Officer,2022-12,29,25,86.2,0.5,0,0.5,1,0.22,0.972
OFF-0196,PARKS,Horticulture Officer,2023-01,33,30,90.9,1.5,0,0.4,1,0.299,0.972
OFF-0196,PARKS,Horticulture Officer,2023-02,37,32,86.5,1.4,0,0.5,2,0.317,0.972
OFF-0196,PARKS,Horticulture Officer,2023-03,28,21,75.0,5.6,0,0.7,1,0.467,0.972
OFF-0196,PARKS,Horticulture Officer,2023-04,34,25,73.5,0.5,0,0.5,0,0.253,0.972
OFF-0196,PARKS,Horticulture Officer,2023-05,37,33,89.2,4.2,0,0.6,2,0.459,0.972
OFF-0196,PARKS,Horticulture Officer,2023-06,41,35,85.4,4.5,0,1.0,1,0.5,0.972
OFF-0196,PARKS,Horticulture Officer,2023-07,50,43,86.0,3.5,0,0.5,0,0.511,0.972
OFF-0196,PARKS,Horticulture Officer,2023-08,54,41,75.9,5.1,0,0.6,1,0.619,0.972
OFF-0196,PARKS,Horticulture Officer,2023-09,57,39,68.4,3.2,0,0.3,0,0.541,0.972
OFF-0196,PARKS,Horticulture Officer,2023-10,28,18,64.3,3.0,0,0.5,0,0.336,0.972
OFF-0196,PARKS,Horticulture Officer,2023-11,35,22,62.9,2.9,0,0.4,2,0.378,0.972
OFF-0196,PARKS,Horticulture Officer,2023-12,35,31,88.6,3.6,0,0.4,1,0.416,0.972
OFF-0196,PARKS,Horticulture Officer,2024-01,29,23,79.3,4.9,0,0.5,1,0.439,0.972
OFF-0196,PARKS,Horticulture Officer,2024-02,28,20,71.4,3.1,0,0.5,1,0.345,0.972
OFF-0196,PARKS,Horticulture Officer,2024-03,28,25,89.3,2.3,0,1.0,3,0.304,0.972
OFF-0196,PARKS,Horticulture Officer,2024-04,37,25,67.6,4.6,0,0.9,0,0.482,0.972
OFF-0196,PARKS,Horticulture Officer,2024-05,29,19,65.5,3.4,0,0.9,1,0.366,0.972
OFF-0196,PARKS,Horticulture Officer,2024-06,37,32,86.5,4.1,0,0.7,3,0.456,0.972
OFF-0196,PARKS,Horticulture Officer,2024-07,37,30,81.1,5.2,0,0.9,2,0.511,0.972
OFF-0196,PARKS,Horticulture Officer,2024-08,60,43,71.7,2.3,0,0.8,0,0.517,0.972
OFF-0196,PARKS,Horticulture Officer,2024-09,42,38,90.5,0.8,0,1.0,4,0.324,0.972
OFF-0196,PARKS,Horticulture Officer,2024-10,30,25,83.3,6.3,0,1.1,1,0.503,0.972
OFF-0196,PARKS,Horticulture Officer,2024-11,37,32,86.5,2.8,0,0.5,1,0.386,0.972
OFF-0196,PARKS,Horticulture Officer,2024-12,26,19,73.1,6.9,0,0.4,1,0.475,0.972
OFF-0197,PARKS,Assistant Engineer,2022-01,40,32,80.0,2.2,0,0.8,0,0.381,0.939
OFF-0197,PARKS,Assistant Engineer,2022-02,43,33,76.7,2.7,0,2.2,2,0.426,0.939
OFF-0197,PARKS,Assistant Engineer,2022-03,44,35,79.5,2.6,0,1.4,1,0.428,0.939
OFF-0197,PARKS,Assistant Engineer,2022-04,34,29,85.3,5.3,0,1.0,1,0.496,0.939
OFF-0197,PARKS,Assistant Engineer,2022-05,41,35,85.4,0.5,0,1.0,0,0.301,0.939
OFF-0197,PARKS,Assistant Engineer,2022-06,52,45,86.5,6.3,0,1.4,0,0.651,0.939
OFF-0197,PARKS,Assistant Engineer,2022-07,55,44,80.0,6.7,1,2.2,1,0.673,0.939
OFF-0197,PARKS,Assistant Engineer,2022-08,45,35,77.8,2.3,0,0.7,2,0.419,0.939
OFF-0197,PARKS,Assistant Engineer,2022-09,73,62,84.9,2.2,1,1.8,2,0.514,0.939
OFF-0197,PARKS,Assistant Engineer,2022-10,39,27,69.2,4.8,0,1.8,2,0.504,0.939
OFF-0197,PARKS,Assistant Engineer,2022-11,33,22,66.7,3.2,0,1.1,1,0.383,0.939
OFF-0197,PARKS,Assistant Engineer,2022-12,44,31,70.5,0.5,0,1.0,0,0.321,0.939
OFF-0197,PARKS,Assistant Engineer,2023-01,42,32,76.2,2.9,0,1.0,0,0.431,0.939
OFF-0197,PARKS,Assistant Engineer,2023-02,43,34,79.1,2.7,0,1.9,0,0.428,0.939
OFF-0197,PARKS,Assistant Engineer,2023-03,40,27,67.5,4.7,0,1.5,4,0.505,0.939
OFF-0197,PARKS,Assistant Engineer,2023-04,31,22,71.0,1.9,0,1.6,0,0.304,0.939
OFF-0197,PARKS,Assistant Engineer,2023-05,30,26,86.7,0.5,0,1.9,0,0.231,0.939
OFF-0197,PARKS,Assistant Engineer,2023-06,52,35,67.3,2.8,0,1.8,0,0.492,0.939
OFF-0197,PARKS,Assistant Engineer,2023-07,49,35,71.4,2.0,0,1.8,2,0.434,0.939
OFF-0197,PARKS,Assistant Engineer,2023-08,53,38,71.7,3.9,1,2.1,3,0.556,0.939
OFF-0197,PARKS,Assistant Engineer,2023-09,57,46,80.7,0.5,1,1.8,1,0.41,0.939
OFF-0197,PARKS,Assistant Engineer,2023-10,41,29,70.7,3.0,0,1.1,2,0.427,0.939
OFF-0197,PARKS,Assistant Engineer,2023-11,32,19,59.4,3.5,0,1.4,1,0.392,0.939
OFF-0197,PARKS,Assistant Engineer,2023-12,36,27,75.0,3.8,0,2.1,3,0.436,0.939
OFF-0197,PARKS,Assistant Engineer,2024-01,44,34,77.3,3.5,0,1.6,2,0.473,0.939
OFF-0197,PARKS,Assistant Engineer,2024-02,39,26,66.7,3.5,0,0.8,3,0.438,0.939
OFF-0197,PARKS,Assistant Engineer,2024-03,34,27,79.4,2.4,0,2.0,4,0.352,0.939
OFF-0197,PARKS,Assistant Engineer,2024-04,35,22,62.9,1.3,0,1.0,3,0.301,0.939
OFF-0197,PARKS,Assistant Engineer,2024-05,34,23,67.6,2.8,0,0.9,4,0.369,0.939
OFF-0197,PARKS,Assistant Engineer,2024-06,60,51,85.0,2.1,0,0.9,3,0.507,0.939
OFF-0197,PARKS,Assistant Engineer,2024-07,56,45,80.4,1.0,0,0.9,0,0.426,0.939
OFF-0197,PARKS,Assistant Engineer,2024-08,61,40,65.6,1.5,1,1.8,1,0.482,0.939
OFF-0197,PARKS,Assistant Engineer,2024-09,45,39,86.7,1.8,0,1.2,1,0.393,0.939
OFF-0197,PARKS,Assistant Engineer,2024-10,35,22,62.9,5.4,0,1.1,2,0.509,0.939
OFF-0197,PARKS,Assistant Engineer,2024-11,34,29,85.3,4.1,0,0.9,2,0.435,0.939
OFF-0197,PARKS,Assistant Engineer,2024-12,41,25,61.0,2.1,0,1.4,1,0.383,0.939
OFF-0198,PARKS,Assistant Engineer,2022-01,24,14,58.3,2.0,0,4.0,0,0.274,0.897
OFF-0198,PARKS,Assistant Engineer,2022-02,21,15,71.4,3.3,0,3.6,1,0.314,0.897
OFF-0198,PARKS,Assistant Engineer,2022-03,21,13,61.9,3.6,0,3.8,0,0.334,0.897
OFF-0198,PARKS,Assistant Engineer,2022-04,25,19,76.0,2.3,0,2.9,4,0.292,0.897
OFF-0198,PARKS,Assistant Engineer,2022-05,26,19,73.1,2.5,0,1.6,4,0.302,0.897
OFF-0198,PARKS,Assistant Engineer,2022-06,28,17,60.7,4.7,0,2.6,2,0.432,0.897
OFF-0198,PARKS,Assistant Engineer,2022-07,37,24,64.9,1.5,0,2.7,1,0.33,0.897
OFF-0198,PARKS,Assistant Engineer,2022-08,35,24,68.6,5.5,0,1.2,2,0.51,0.897
OFF-0198,PARKS,Assistant Engineer,2022-09,32,27,84.4,3.3,0,1.2,1,0.383,0.897
OFF-0198,PARKS,Assistant Engineer,2022-10,25,14,56.0,3.0,0,2.2,2,0.322,0.897
OFF-0198,PARKS,Assistant Engineer,2022-11,19,14,73.7,4.0,0,3.5,2,0.337,0.897
OFF-0198,PARKS,Assistant Engineer,2022-12,19,15,78.9,0.7,0,1.9,0,0.166,0.897
OFF-0198,PARKS,Assistant Engineer,2023-01,26,20,76.9,4.2,0,1.9,2,0.391,0.897
OFF-0198,PARKS,Assistant Engineer,2023-02,21,14,66.7,4.2,0,3.8,0,0.363,0.897
OFF-0198,PARKS,Assistant Engineer,2023-03,21,14,66.7,3.4,0,4.0,3,0.323,0.897
OFF-0198,PARKS,Assistant Engineer,2023-04,26,21,80.8,2.6,0,3.7,1,0.314,0.897
OFF-0198,PARKS,Assistant Engineer,2023-05,27,18,66.7,7.1,0,3.0,0,0.489,0.897
OFF-0198,PARKS,Assistant Engineer,2023-06,37,29,78.4,3.1,0,2.0,0,0.407,0.897
OFF-0198,PARKS,Assistant Engineer,2023-07,38,24,63.2,0.5,0,2.2,0,0.285,0.897
OFF-0198,PARKS,Assistant Engineer,2023-08,34,25,73.5,2.6,0,1.7,2,0.36,0.897
OFF-0198,PARKS,Assistant Engineer,2023-09,47,36,76.6,4.2,1,2.2,1,0.531,0.897
OFF-0198,PARKS,Assistant Engineer,2023-10,19,13,68.4,2.7,0,1.9,3,0.267,0.897
OFF-0198,PARKS,Assistant Engineer,2023-11,26,16,61.5,3.9,0,3.7,0,0.379,0.897
OFF-0198,PARKS,Assistant Engineer,2023-12,27,16,59.3,0.8,0,2.4,1,0.23,0.897
OFF-0198,PARKS,Assistant Engineer,2024-01,21,15,71.4,2.4,0,1.7,2,0.264,0.897
OFF-0198,PARKS,Assistant Engineer,2024-02,24,15,62.5,0.9,0,2.1,1,0.213,0.897
OFF-0198,PARKS,Assistant Engineer,2024-03,21,13,61.9,2.9,0,2.6,0,0.291,0.897
OFF-0198,PARKS,Assistant Engineer,2024-04,27,22,81.5,5.1,0,1.4,1,0.437,0.897
OFF-0198,PARKS,Assistant Engineer,2024-05,19,13,68.4,4.1,0,2.1,0,0.34,0.897
OFF-0198,PARKS,Assistant Engineer,2024-06,37,21,56.8,3.7,0,1.4,2,0.437,0.897
OFF-0198,PARKS,Assistant Engineer,2024-07,45,27,60.0,5.5,0,1.6,0,0.579,0.897
OFF-0198,PARKS,Assistant Engineer,2024-08,32,26,81.2,4.6,1,3.7,3,0.456,0.897
OFF-0198,PARKS,Assistant Engineer,2024-09,31,21,67.7,4.1,0,1.8,1,0.418,0.897
OFF-0198,PARKS,Assistant Engineer,2024-10,27,17,63.0,1.8,0,1.9,1,0.276,0.897
OFF-0198,PARKS,Assistant Engineer,2024-11,26,21,80.8,5.2,0,1.4,0,0.438,0.897
OFF-0198,PARKS,Assistant Engineer,2024-12,23,16,69.6,3.3,0,2.2,1,0.324,0.897
OFF-0199,PARKS,Supervisor,2022-01,19,18,94.7,3.5,0,0.0,2,0.304,1.257
OFF-0199,PARKS,Supervisor,2022-02,20,17,85.0,3.2,0,0.0,0,0.293,1.257
OFF-0199,PARKS,Supervisor,2022-03,19,17,89.5,1.5,0,0.0,0,0.203,1.257
OFF-0199,PARKS,Supervisor,2022-04,21,20,95.2,1.0,0,0.0,1,0.191,1.257
OFF-0199,PARKS,Supervisor,2022-05,20,17,85.0,1.6,0,0.0,0,0.213,1.257
OFF-0199,PARKS,Supervisor,2022-06,39,38,97.4,3.2,0,0.0,2,0.422,1.257
OFF-0199,PARKS,Supervisor,2022-07,32,31,96.9,2.1,0,0.0,1,0.316,1.257
OFF-0199,PARKS,Supervisor,2022-08,29,26,89.7,3.3,0,0.0,1,0.358,1.257
OFF-0199,PARKS,Supervisor,2022-09,40,39,97.5,3.0,0,0.0,0,0.415,1.257
OFF-0199,PARKS,Supervisor,2022-10,21,20,95.2,3.8,0,0.0,2,0.328,1.257
OFF-0199,PARKS,Supervisor,2022-11,23,22,95.7,4.0,0,0.0,0,0.351,1.257
OFF-0199,PARKS,Supervisor,2022-12,23,22,95.7,1.0,0,0.0,0,0.203,1.257
OFF-0199,PARKS,Supervisor,2023-01,21,17,81.0,3.1,0,0.0,2,0.296,1.257
OFF-0199,PARKS,Supervisor,2023-02,18,15,83.3,1.6,0,0.0,2,0.2,1.257
OFF-0199,PARKS,Supervisor,2023-03,17,16,94.1,0.5,0,0.0,1,0.138,1.257
OFF-0199,PARKS,Supervisor,2023-04,21,20,95.2,1.7,0,0.0,0,0.224,1.257
OFF-0199,PARKS,Supervisor,2023-05,20,19,95.0,1.1,0,0.0,0,0.187,1.257
OFF-0199,PARKS,Supervisor,2023-06,39,38,97.4,2.7,0,0.0,0,0.394,1.257
OFF-0199,PARKS,Supervisor,2023-07,29,28,96.6,3.6,0,0.0,0,0.372,1.257
OFF-0199,PARKS,Supervisor,2023-08,39,38,97.4,0.5,0,0.0,1,0.285,1.257
OFF-0199,PARKS,Supervisor,2023-09,33,28,84.8,1.8,0,0.0,0,0.308,1.257
OFF-0199,PARKS,Supervisor,2023-10,19,16,84.2,1.0,0,0.0,1,0.178,1.257
OFF-0199,PARKS,Supervisor,2023-11,22,21,95.5,2.8,0,0.0,3,0.289,1.257
OFF-0199,PARKS,Supervisor,2023-12,20,17,85.0,2.7,0,0.0,2,0.27,1.257
OFF-0199,PARKS,Supervisor,2024-01,17,16,94.1,2.3,0,0.0,3,0.227,1.257
OFF-0199,PARKS,Supervisor,2024-02,21,19,90.5,3.7,0,0.0,4,0.323,1.257
OFF-0199,PARKS,Supervisor,2024-03,18,17,94.4,2.6,0,0.0,0,0.25,1.257
OFF-0199,PARKS,Supervisor,2024-04,16,15,93.8,3.9,0,0.0,1,0.301,1.257
OFF-0199,PARKS,Supervisor,2024-05,17,14,82.4,4.7,0,0.0,1,0.35,1.257
OFF-0199,PARKS,Supervisor,2024-06,30,29,96.7,3.5,0,0.0,0,0.375,1.257
OFF-0199,PARKS,Supervisor,2024-07,32,27,84.4,3.5,0,0.0,2,0.386,1.257
OFF-0199,PARKS,Supervisor,2024-08,22,21,95.5,2.4,0,0.0,0,0.265,1.257
OFF-0199,PARKS,Supervisor,2024-09,26,25,96.2,0.5,0,0.0,3,0.198,1.257
OFF-0199,PARKS,Supervisor,2024-10,21,17,81.0,3.3,0,0.0,4,0.306,1.257
OFF-0199,PARKS,Supervisor,2024-11,22,20,90.9,4.1,0,0.0,4,0.35,1.257
OFF-0199,PARKS,Supervisor,2024-12,18,17,94.4,1.8,0,0.0,3,0.208,1.257
OFF-0200,BLDG,Town Planner,2022-01,43,35,81.4,4.6,0,0.0,1,0.458,1.081
OFF-0200,BLDG,Town Planner,2022-02,35,30,85.7,4.6,0,0.0,2,0.407,1.081
OFF-0200,BLDG,Town Planner,2022-03,32,26,81.2,4.7,0,0.0,1,0.39,1.081
OFF-0200,BLDG,Town Planner,2022-04,35,33,94.3,6.3,0,0.0,1,0.469,1.081
OFF-0200,BLDG,Town Planner,2022-05,35,34,97.1,2.5,0,0.0,1,0.327,1.081
OFF-0200,BLDG,Town Planner,2022-06,60,47,78.3,6.4,0,0.0,3,0.641,1.081
OFF-0200,BLDG,Town Planner,2022-07,60,43,71.7,5.7,0,0.0,1,0.612,1.081
OFF-0200,BLDG,Town Planner,2022-08,68,47,69.1,5.0,0,0.0,1,0.588,1.081
OFF-0200,BLDG,Town Planner,2022-09,60,45,75.0,3.5,0,0.0,2,0.532,1.081
OFF-0200,BLDG,Town Planner,2022-10,40,38,95.0,6.0,0,0.0,1,0.492,1.081
OFF-0200,BLDG,Town Planner,2022-11,38,34,89.5,2.8,0,0.0,4,0.357,1.081
OFF-0200,BLDG,Town Planner,2022-12,32,31,96.9,1.1,0,0.0,1,0.256,1.081
OFF-0200,BLDG,Town Planner,2023-01,42,34,81.0,3.9,0,0.0,1,0.425,1.081
OFF-0200,BLDG,Town Planner,2023-02,35,34,97.1,7.1,0,0.0,1,0.498,1.081
OFF-0200,BLDG,Town Planner,2023-03,38,34,89.5,5.7,0,0.0,1,0.467,1.081
OFF-0200,BLDG,Town Planner,2023-04,35,28,80.0,4.2,0,0.0,0,0.39,1.081
OFF-0200,BLDG,Town Planner,2023-05,35,30,85.7,1.9,0,0.0,3,0.305,1.081
OFF-0200,BLDG,Town Planner,2023-06,51,49,96.1,0.7,0,0.0,1,0.365,1.081
OFF-0200,BLDG,Town Planner,2023-07,64,55,85.9,6.2,0,0.0,3,0.631,1.081
OFF-0200,BLDG,Town Planner,2023-08,68,52,76.5,3.3,0,0.0,3,0.524,1.081
OFF-0200,BLDG,Town Planner,2023-09,63,56,88.9,0.8,0,0.0,2,0.429,1.081
OFF-0200,BLDG,Town Planner,2023-10,41,40,97.6,4.7,0,0.0,1,0.45,1.081
OFF-0200,BLDG,Town Planner,2023-11,33,27,81.8,1.2,0,0.0,0,0.264,1.081
OFF-0200,BLDG,Town Planner,2023-12,32,24,75.0,5.8,0,0.0,1,0.431,1.081
OFF-0200,BLDG,Town Planner,2024-01,37,26,70.3,4.3,0,0.0,1,0.409,1.081
OFF-0200,BLDG,Town Planner,2024-02,44,41,93.2,6.3,0,0.0,4,0.528,1.081
OFF-0200,BLDG,Town Planner,2024-03,44,32,72.7,4.0,0,0.0,0,0.443,1.081
OFF-0200,BLDG,Town Planner,2024-04,34,26,76.5,4.4,0,0.0,1,0.392,1.081
OFF-0200,BLDG,Town Planner,2024-05,32,31,96.9,3.5,0,0.0,2,0.345,1.081
OFF-0200,BLDG,Town Planner,2024-06,72,68,94.4,3.8,0,0.0,2,0.542,1.081
OFF-0200,BLDG,Town Planner,2024-07,65,51,78.5,5.5,0,0.0,0,0.605,1.081
OFF-0200,BLDG,Town Planner,2024-08,84,74,88.1,7.8,0,0.0,3,0.692,1.081
OFF-0200,BLDG,Town Planner,2024-09,56,54,96.4,2.6,0,0.0,1,0.471,1.081
OFF-0200,BLDG,Town Planner,2024-10,42,39,92.9,4.3,0,0.0,2,0.44,1.081
OFF-0200,BLDG,Town Planner,2024-11,46,45,97.8,6.8,0,0.0,2,0.56,1.081
OFF-0200,BLDG,Town Planner,2024-12,46,34,73.9,1.8,0,0.0,2,0.375,1.081
OFF-0201,BLDG,Town Planner,2022-01,27,26,96.3,0.9,0,0.0,4,0.214,1.072
OFF-0201,BLDG,Town Planner,2022-02,21,17,81.0,4.3,0,0.0,2,0.301,1.072
OFF-0201,BLDG,Town Planner,2022-03,23,22,95.7,2.8,0,0.0,0,0.259,1.072
OFF-0201,BLDG,Town Planner,2022-04,21,16,76.2,0.5,0,0.0,0,0.159,1.072
OFF-0201,BLDG,Town Planner,2022-05,20,18,90.0,4.6,0,0.0,1,0.307,1.072
OFF-0201,BLDG,Town Planner,2022-06,36,35,97.2,4.8,0,0.0,1,0.422,1.072
OFF-0201,BLDG,Town Planner,2022-07,37,27,73.0,1.7,0,0.0,2,0.312,1.072
OFF-0201,BLDG,Town Planner,2022-08,32,27,84.4,9.2,0,0.0,0,0.513,1.072
OFF-0201,BLDG,Town Planner,2022-09,41,40,97.6,2.6,0,0.0,0,0.369,1.072
OFF-0201,BLDG,Town Planner,2022-10,20,16,80.0,2.1,0,0.0,0,0.212,1.072
OFF-0201,BLDG,Town Planner,2022-11,19,17,89.5,2.4,0,0.0,1,0.217,1.072
OFF-0201,BLDG,Town Planner,2022-12,22,19,86.4,4.1,0,0.0,1,0.3,1.072
OFF-0201,BLDG,Town Planner,2023-01,25,17,68.0,2.6,0,0.0,1,0.266,1.072
OFF-0201,BLDG,Town Planner,2023-02,25,22,88.0,0.5,0,0.0,0,0.185,1.072
OFF-0201,BLDG,Town Planner,2023-03,26,24,92.3,8.4,0,0.0,1,0.473,1.072
OFF-0201,BLDG,Town Planner,2023-04,26,25,96.2,2.9,0,0.0,0,0.283,1.072
OFF-0201,BLDG,Town Planner,2023-05,20,14,70.0,5.6,0,0.0,0,0.343,1.072
OFF-0201,BLDG,Town Planner,2023-06,39,35,89.7,9.1,0,0.0,0,0.56,1.072
OFF-0201,BLDG,Town Planner,2023-07,37,27,73.0,2.8,0,0.0,0,0.35,1.072
OFF-0201,BLDG,Town Planner,2023-08,29,21,72.4,3.7,0,0.0,0,0.333,1.072
OFF-0201,BLDG,Town Planner,2023-09,42,30,71.4,2.4,0,0.0,0,0.37,1.072
OFF-0201,BLDG,Town Planner,2023-10,24,22,91.7,5.8,0,0.0,4,0.377,1.072
OFF-0201,BLDG,Town Planner,2023-11,24,22,91.7,2.3,0,0.0,2,0.248,1.072
OFF-0201,BLDG,Town Planner,2023-12,19,17,89.5,2.5,0,0.0,2,0.219,1.072
OFF-0201,BLDG,Town Planner,2024-01,21,20,95.2,4.2,0,0.0,0,0.297,1.072
OFF-0201,BLDG,Town Planner,2024-02,22,16,72.7,4.8,0,0.0,4,0.325,1.072
OFF-0201,BLDG,Town Planner,2024-03,25,21,84.0,3.1,0,0.0,1,0.281,1.072
OFF-0201,BLDG,Town Planner,2024-04,22,19,86.4,2.8,0,0.0,1,0.251,1.072
OFF-0201,BLDG,Town Planner,2024-05,27,26,96.3,1.4,0,0.0,1,0.231,1.072
OFF-0201,BLDG,Town Planner,2024-06,34,28,82.4,5.8,0,0.0,2,0.444,1.072
OFF-0201,BLDG,Town Planner,2024-07,25,21,84.0,2.9,0,0.0,2,0.274,1.072
OFF-0201,BLDG,Town Planner,2024-08,36,34,94.4,3.1,0,0.0,1,0.355,1.072
OFF-0201,BLDG,Town Planner,2024-09,31,23,74.2,7.1,0,0.0,0,0.475,1.072
OFF-0201,BLDG,Town Planner,2024-10,26,18,69.2,5.5,0,0.0,1,0.379,1.072
OFF-0201,BLDG,Town Planner,2024-11,23,18,78.3,1.8,0,0.0,2,0.221,1.072
OFF-0201,BLDG,Town Planner,2024-12,23,22,95.7,0.9,0,0.0,2,0.188,1.072
OFF-0202,BLDG,Building Inspector,2022-01,17,14,82.4,4.1,0,0.0,1,0.268,1.131
OFF-0202,BLDG,Building Inspector,2022-02,14,13,92.9,3.4,0,0.0,2,0.221,1.131
OFF-0202,BLDG,Building Inspector,2022-03,12,11,91.7,4.3,0,0.0,3,0.241,1.131
OFF-0202,BLDG,Building Inspector,2022-04,17,15,88.2,4.0,0,0.0,0,0.264,1.131
OFF-0202,BLDG,Building Inspector,2022-05,17,16,94.1,0.5,0,0.0,0,0.132,1.131
OFF-0202,BLDG,Building Inspector,2022-06,29,26,89.7,3.1,0,0.0,1,0.309,1.131
OFF-0202,BLDG,Building Inspector,2022-07,18,13,72.2,3.3,0,0.0,1,0.243,1.131
OFF-0202,BLDG,Building Inspector,2022-08,20,19,95.0,0.5,0,0.0,1,0.152,1.131
OFF-0202,BLDG,Building Inspector,2022-09,16,12,75.0,0.5,0,0.0,4,0.125,1.131
OFF-0202,BLDG,Building Inspector,2022-10,13,11,84.6,2.8,0,0.0,2,0.193,1.131
OFF-0202,BLDG,Building Inspector,2022-11,14,13,92.9,0.5,0,0.0,2,0.114,1.131
OFF-0202,BLDG,Building Inspector,2022-12,16,15,93.8,0.5,0,0.0,1,0.125,1.131
OFF-0202,BLDG,Building Inspector,2023-01,16,12,75.0,5.9,0,0.0,0,0.328,1.131
OFF-0202,BLDG,Building Inspector,2023-02,14,11,78.6,9.0,0,0.0,1,0.393,1.131
OFF-0202,BLDG,Building Inspector,2023-03,12,11,91.7,2.5,0,0.0,3,0.174,1.131
OFF-0202,BLDG,Building Inspector,2023-04,14,10,71.4,0.5,0,0.0,0,0.112,1.131
OFF-0202,BLDG,Building Inspector,2023-05,16,13,81.2,2.9,0,0.0,2,0.214,1.131
OFF-0202,BLDG,Building Inspector,2023-06,21,20,95.2,3.9,0,0.0,2,0.285,1.131
OFF-0202,BLDG,Building Inspector,2023-07,24,23,95.8,2.7,0,0.0,3,0.261,1.131
OFF-0202,BLDG,Building Inspector,2023-08,17,15,88.2,4.1,0,0.0,2,0.268,1.131
OFF-0202,BLDG,Building Inspector,2023-09,25,24,96.0,5.1,0,0.0,2,0.359,1.131
OFF-0202,BLDG,Building Inspector,2023-10,13,12,92.3,0.5,0,0.0,1,0.105,1.131
OFF-0202,BLDG,Building Inspector,2023-11,14,12,85.7,6.5,0,0.0,1,0.339,1.131
OFF-0202,BLDG,Building Inspector,2023-12,13,12,92.3,3.7,0,0.0,0,0.225,1.131
OFF-0202,BLDG,Building Inspector,2024-01,13,10,76.9,6.5,0,0.0,0,0.332,1.131
OFF-0202,BLDG,Building Inspector,2024-02,12,11,91.7,2.1,0,0.0,1,0.161,1.131
OFF-0202,BLDG,Building Inspector,2024-03,15,14,93.3,1.2,0,0.0,0,0.146,1.131
OFF-0202,BLDG,Building Inspector,2024-04,14,12,85.7,1.0,0,0.0,2,0.131,1.131
OFF-0202,BLDG,Building Inspector,2024-05,14,11,78.6,4.4,0,0.0,2,0.259,1.131
OFF-0202,BLDG,Building Inspector,2024-06,20,19,95.0,1.9,0,0.0,0,0.205,1.131
OFF-0202,BLDG,Building Inspector,2024-07,16,15,93.8,3.6,0,0.0,1,0.242,1.131
OFF-0202,BLDG,Building Inspector,2024-08,25,18,72.0,4.9,0,0.0,2,0.351,1.131
OFF-0202,BLDG,Building Inspector,2024-09,23,19,82.6,6.5,0,0.0,2,0.395,1.131
OFF-0202,BLDG,Building Inspector,2024-10,13,11,84.6,1.5,0,0.0,0,0.143,1.131
OFF-0202,BLDG,Building Inspector,2024-11,17,16,94.1,4.3,0,0.0,1,0.273,1.131
OFF-0202,BLDG,Building Inspector,2024-12,12,11,91.7,1.9,0,0.0,1,0.15,1.131
OFF-0203,BLDG,Town Planner,2022-01,20,16,80.0,4.7,0,0.0,4,0.311,1.149
OFF-0203,BLDG,Town Planner,2022-02,21,20,95.2,2.9,0,0.0,0,0.248,1.149
OFF-0203,BLDG,Town Planner,2022-03,18,14,77.8,3.7,0,0.0,3,0.258,1.149
OFF-0203,BLDG,Town Planner,2022-04,19,18,94.7,3.0,0,0.0,2,0.239,1.149
OFF-0203,BLDG,Town Planner,2022-05,21,20,95.2,2.5,0,0.0,0,0.233,1.149
OFF-0203,BLDG,Town Planner,2022-06,37,36,97.3,0.5,0,0.0,1,0.265,1.149
OFF-0203,BLDG,Town Planner,2022-07,36,35,97.2,2.9,0,0.0,0,0.347,1.149
OFF-0203,BLDG,Town Planner,2022-08,33,29,87.9,3.7,0,0.0,2,0.358,1.149
OFF-0203,BLDG,Town Planner,2022-09,40,39,97.5,4.0,0,0.0,1,0.418,1.149
OFF-0203,BLDG,Town Planner,2022-10,23,21,91.3,3.5,0,0.0,1,0.286,1.149
OFF-0203,BLDG,Town Planner,2022-11,17,16,94.1,7.1,0,0.0,2,0.38,1.149
OFF-0203,BLDG,Town Planner,2022-12,23,18,78.3,5.2,0,0.0,1,0.347,1.149
OFF-0203,BLDG,Town Planner,2023-01,25,20,80.0,5.5,0,0.0,1,0.372,1.149
OFF-0203,BLDG,Town Planner,2023-02,19,18,94.7,2.5,0,0.0,4,0.221,1.149
OFF-0203,BLDG,Town Planner,2023-03,18,14,77.8,5.0,0,0.0,2,0.306,1.149
OFF-0203,BLDG,Town Planner,2023-04,22,21,95.5,4.7,0,0.0,2,0.324,1.149
OFF-0203,BLDG,Town Planner,2023-05,23,21,91.3,4.0,0,0.0,0,0.305,1.149
OFF-0203,BLDG,Town Planner,2023-06,33,26,78.8,6.1,0,0.0,1,0.447,1.149
OFF-0203,BLDG,Town Planner,2023-07,34,33,97.1,3.2,0,0.0,0,0.347,1.149
OFF-0203,BLDG,Town Planner,2023-08,32,26,81.2,5.8,0,0.0,0,0.432,1.149
OFF-0203,BLDG,Town Planner,2023-09,30,26,86.7,3.5,0,0.0,2,0.333,1.149
OFF-0203,BLDG,Town Planner,2023-10,22,21,95.5,0.5,0,0.0,2,0.167,1.149
OFF-0203,BLDG,Town Planner,2023-11,20,17,85.0,4.0,0,0.0,0,0.283,1.149
OFF-0203,BLDG,Town Planner,2023-12,20,19,95.0,5.4,0,0.0,1,0.334,1.149
OFF-0203,BLDG,Town Planner,2024-01,25,23,92.0,3.5,0,0.0,1,0.297,1.149
OFF-0203,BLDG,Town Planner,2024-02,19,15,78.9,2.7,0,0.0,2,0.23,1.149
OFF-0203,BLDG,Town Planner,2024-03,17,16,94.1,2.7,0,0.0,1,0.214,1.149
OFF-0203,BLDG,Town Planner,2024-04,24,23,95.8,3.6,0,0.0,0,0.296,1.149
OFF-0203,BLDG,Town Planner,2024-05,20,19,95.0,4.5,0,0.0,0,0.303,1.149
OFF-0203,BLDG,Town Planner,2024-06,31,24,77.4,2.6,0,0.0,1,0.303,1.149
OFF-0203,BLDG,Town Planner,2024-07,40,34,85.0,3.5,0,0.0,3,0.396,1.149
OFF-0203,BLDG,Town Planner,2024-08,32,31,96.9,1.6,0,0.0,1,0.274,1.149
OFF-0203,BLDG,Town Planner,2024-09,26,21,80.8,3.6,0,0.0,0,0.307,1.149
OFF-0203,BLDG,Town Planner,2024-10,24,20,83.3,0.5,0,0.0,2,0.179,1.149
OFF-0203,BLDG,Town Planner,2024-11,18,17,94.4,0.5,0,0.0,4,0.139,1.149
OFF-0203,BLDG,Town Planner,2024-12,18,17,94.4,0.5,0,0.0,2,0.139,1.149
OFF-0204,BLDG,Assistant Engineer,2022-01,39,34,87.2,6.2,0,0.0,0,0.492,1.04
OFF-0204,BLDG,Assistant Engineer,2022-02,39,36,92.3,5.8,0,0.0,1,0.477,1.04
OFF-0204,BLDG,Assistant Engineer,2022-03,44,34,77.3,3.8,0,0.0,1,0.435,1.04
OFF-0204,BLDG,Assistant Engineer,2022-04,39,34,87.2,3.3,0,0.0,3,0.385,1.04
OFF-0204,BLDG,Assistant Engineer,2022-05,40,29,72.5,5.4,0,0.0,1,0.469,1.04
OFF-0204,BLDG,Assistant Engineer,2022-06,63,53,84.1,6.0,0,0.0,4,0.623,1.04
OFF-0204,BLDG,Assistant Engineer,2022-07,57,49,86.0,1.0,0,0.0,1,0.416,1.04
OFF-0204,BLDG,Assistant Engineer,2022-08,70,63,90.0,4.7,0,0.0,1,0.576,1.04
OFF-0204,BLDG,Assistant Engineer,2022-09,45,35,77.8,3.2,0,0.0,2,0.421,1.04
OFF-0204,BLDG,Assistant Engineer,2022-10,43,41,95.3,3.0,0,0.0,1,0.397,1.04
OFF-0204,BLDG,Assistant Engineer,2022-11,43,36,83.7,1.1,0,0.0,1,0.328,1.04
OFF-0204,BLDG,Assistant Engineer,2022-12,46,36,78.3,2.9,0,0.0,1,0.414,1.04
OFF-0204,BLDG,Assistant Engineer,2023-01,40,36,90.0,3.4,0,0.0,3,0.393,1.04
OFF-0204,BLDG,Assistant Engineer,2023-02,34,32,94.1,3.7,0,0.0,0,0.366,1.04
OFF-0204,BLDG,Assistant Engineer,2023-03,40,34,85.0,4.5,0,0.0,2,0.436,1.04
OFF-0204,BLDG,Assistant Engineer,2023-04,45,39,86.7,5.5,0,0.0,0,0.506,1.04
OFF-0204,BLDG,Assistant Engineer,2023-05,38,27,71.1,3.7,0,0.0,1,0.391,1.04
OFF-0204,BLDG,Assistant Engineer,2023-06,57,50,87.7,5.1,0,0.0,0,0.572,1.04
OFF-0204,BLDG,Assistant Engineer,2023-07,77,68,88.3,2.2,0,0.0,4,0.483,1.04
OFF-0204,BLDG,Assistant Engineer,2023-08,60,56,93.3,2.4,0,0.0,1,0.489,1.04
OFF-0204,BLDG,Assistant Engineer,2023-09,61,50,82.0,7.0,0,0.0,0,0.664,1.04
OFF-0204,BLDG,Assistant Engineer,2023-10,37,28,75.7,0.5,0,0.0,1,0.265,1.04
OFF-0204,BLDG,Assistant Engineer,2023-11,37,31,83.8,6.7,0,0.0,1,0.498,1.04
OFF-0204,BLDG,Assistant Engineer,2023-12,42,30,71.4,4.3,0,0.0,0,0.443,1.04
OFF-0204,BLDG,Assistant Engineer,2024-01,35,25,71.4,4.1,0,0.0,3,0.388,1.04
OFF-0204,BLDG,Assistant Engineer,2024-02,33,25,75.8,6.3,0,0.0,3,0.455,1.04
OFF-0204,BLDG,Assistant Engineer,2024-03,36,28,77.8,4.4,0,0.0,0,0.405,1.04
OFF-0204,BLDG,Assistant Engineer,2024-04,38,31,81.6,1.5,0,0.0,0,0.309,1.04
OFF-0204,BLDG,Assistant Engineer,2024-05,39,34,87.2,2.9,0,0.0,1,0.367,1.04
OFF-0204,BLDG,Assistant Engineer,2024-06,61,58,95.1,1.0,0,0.0,3,0.438,1.04
OFF-0204,BLDG,Assistant Engineer,2024-07,61,44,72.1,1.5,0,0.0,2,0.455,1.04
OFF-0204,BLDG,Assistant Engineer,2024-08,73,54,74.0,5.6,0,0.0,3,0.609,1.04
OFF-0204,BLDG,Assistant Engineer,2024-09,58,48,82.8,3.2,0,0.0,2,0.508,1.04
OFF-0204,BLDG,Assistant Engineer,2024-10,46,40,87.0,7.7,0,0.0,1,0.594,1.04
OFF-0204,BLDG,Assistant Engineer,2024-11,31,23,74.2,3.2,0,0.0,0,0.328,1.04
OFF-0204,BLDG,Assistant Engineer,2024-12,40,33,82.5,3.1,0,0.0,1,0.384,1.04
OFF-0205,BLDG,Town Planner,2022-01,19,17,89.5,5.7,0,0.0,1,0.34,1.189
OFF-0205,BLDG,Town Planner,2022-02,18,14,77.8,3.2,0,0.0,1,0.239,1.189
OFF-0205,BLDG,Town Planner,2022-03,21,19,90.5,3.1,0,0.0,0,0.255,1.189
OFF-0205,BLDG,Town Planner,2022-04,20,19,95.0,5.5,0,0.0,3,0.338,1.189
OFF-0205,BLDG,Town Planner,2022-05,21,17,81.0,2.5,0,0.0,0,0.234,1.189
OFF-0205,BLDG,Town Planner,2022-06,27,24,88.9,4.7,0,0.0,4,0.357,1.189
OFF-0205,BLDG,Town Planner,2022-07,24,20,83.3,6.3,0,0.0,1,0.395,1.189
OFF-0205,BLDG,Town Planner,2022-08,25,23,92.0,0.5,0,0.0,2,0.185,1.189
OFF-0205,BLDG,Town Planner,2022-09,24,23,95.8,5.0,0,0.0,0,0.349,1.189
OFF-0205,BLDG,Town Planner,2022-10,18,17,94.4,5.7,0,0.0,1,0.334,1.189
OFF-0205,BLDG,Town Planner,2022-11,21,19,90.5,4.5,0,0.0,0,0.308,1.189
OFF-0205,BLDG,Town Planner,2022-12,15,14,93.3,3.9,0,0.0,0,0.247,1.189
OFF-0205,BLDG,Town Planner,2023-01,15,13,86.7,4.1,0,0.0,2,0.255,1.189
OFF-0205,BLDG,Town Planner,2023-02,15,14,93.3,1.3,0,0.0,2,0.147,1.189
OFF-0205,BLDG,Town Planner,2023-03,18,14,77.8,7.0,0,0.0,3,0.381,1.189
OFF-0205,BLDG,Town Planner,2023-04,15,14,93.3,0.9,0,0.0,0,0.134,1.189
OFF-0205,BLDG,Town Planner,2023-05,14,13,92.9,2.3,0,0.0,3,0.179,1.189
OFF-0205,BLDG,Town Planner,2023-06,28,27,96.4,0.8,0,0.0,0,0.217,1.189
OFF-0205,BLDG,Town Planner,2023-07,25,24,96.0,2.4,0,0.0,0,0.256,1.189
OFF-0205,BLDG,Town Planner,2023-08,25,24,96.0,0.5,0,0.0,1,0.185,1.189
OFF-0205,BLDG,Town Planner,2023-09,23,22,95.7,4.3,0,0.0,0,0.315,1.189
OFF-0205,BLDG,Town Planner,2023-10,20,17,85.0,2.5,0,0.0,4,0.228,1.189
OFF-0205,BLDG,Town Planner,2023-11,21,18,85.7,0.6,0,0.0,1,0.162,1.189
OFF-0205,BLDG,Town Planner,2023-12,18,16,88.9,3.3,0,0.0,1,0.242,1.189
OFF-0205,BLDG,Town Planner,2024-01,17,13,76.5,3.3,0,0.0,1,0.237,1.189
OFF-0205,BLDG,Town Planner,2024-02,21,20,95.2,2.5,0,0.0,1,0.234,1.189
OFF-0205,BLDG,Town Planner,2024-03,20,16,80.0,4.8,0,0.0,1,0.313,1.189
OFF-0205,BLDG,Town Planner,2024-04,18,14,77.8,5.1,0,0.0,3,0.313,1.189
OFF-0205,BLDG,Town Planner,2024-05,19,18,94.7,8.1,0,0.0,2,0.427,1.189
OFF-0205,BLDG,Town Planner,2024-06,34,26,76.5,3.6,0,0.0,0,0.361,1.189
OFF-0205,BLDG,Town Planner,2024-07,32,28,87.5,2.9,0,0.0,2,0.322,1.189
OFF-0205,BLDG,Town Planner,2024-08,23,20,87.0,5.1,0,0.0,4,0.346,1.189
OFF-0205,BLDG,Town Planner,2024-09,21,18,85.7,1.4,0,0.0,2,0.192,1.189
OFF-0205,BLDG,Town Planner,2024-10,20,19,95.0,1.7,0,0.0,1,0.198,1.189
OFF-0205,BLDG,Town Planner,2024-11,21,19,90.5,2.0,0,0.0,0,0.214,1.189
OFF-0205,BLDG,Town Planner,2024-12,19,18,94.7,3.4,0,0.0,0,0.253,1.189
OFF-0206,BLDG,Assistant Engineer,2022-01,15,8,53.3,7.9,0,4.8,3,0.409,0.829
OFF-0206,BLDG,Assistant Engineer,2022-02,13,9,69.2,5.4,0,2.0,2,0.295,0.829
OFF-0206,BLDG,Assistant Engineer,2022-03,16,9,56.2,3.9,0,6.0,0,0.272,0.829
OFF-0206,BLDG,Assistant Engineer,2022-04,14,8,57.1,5.2,0,6.3,1,0.307,0.829
OFF-0206,BLDG,Assistant Engineer,2022-05,16,10,62.5,0.5,1,6.5,2,0.145,0.829
OFF-0206,BLDG,Assistant Engineer,2022-06,24,18,75.0,5.2,0,3.8,1,0.368,0.829
OFF-0206,BLDG,Assistant Engineer,2022-07,34,24,70.6,4.2,1,3.4,1,0.394,0.829
OFF-0206,BLDG,Assistant Engineer,2022-08,26,15,57.7,4.5,0,3.2,2,0.35,0.829
OFF-0206,BLDG,Assistant Engineer,2022-09,26,19,73.1,5.2,0,3.2,1,0.376,0.829
OFF-0206,BLDG,Assistant Engineer,2022-10,14,9,64.3,6.5,0,4.8,2,0.352,0.829
OFF-0206,BLDG,Assistant Engineer,2022-11,15,10,66.7,6.6,0,4.9,0,0.361,0.829
OFF-0206,BLDG,Assistant Engineer,2022-12,18,11,61.1,5.6,0,2.1,2,0.337,0.829
OFF-0206,BLDG,Assistant Engineer,2023-01,19,12,63.2,2.9,0,2.9,3,0.245,0.829
OFF-0206,BLDG,Assistant Engineer,2023-02,15,9,60.0,6.3,0,2.8,0,0.343,0.829
OFF-0206,BLDG,Assistant Engineer,2023-03,17,12,70.6,4.7,1,6.1,2,0.307,0.829
OFF-0206,BLDG,Assistant Engineer,2023-04,18,12,66.7,2.7,1,6.0,0,0.239,0.829
OFF-0206,BLDG,Assistant Engineer,2023-05,13,7,53.8,5.5,0,3.7,0,0.306,0.829
OFF-0206,BLDG,Assistant Engineer,2023-06,23,12,52.2,4.2,1,6.3,1,0.331,0.829
OFF-0206,BLDG,Assistant Engineer,2023-07,25,15,60.0,3.3,1,4.4,4,0.305,0.829
OFF-0206,BLDG,Assistant Engineer,2023-08,28,21,75.0,1.9,1,5.3,1,0.273,0.829
OFF-0206,BLDG,Assistant Engineer,2023-09,22,12,54.5,6.7,0,2.0,0,0.402,0.829
OFF-0206,BLDG,Assistant Engineer,2023-10,17,13,76.5,1.4,0,4.2,0,0.179,0.829
OFF-0206,BLDG,Assistant Engineer,2023-11,18,13,72.2,5.9,0,2.0,1,0.347,0.829
OFF-0206,BLDG,Assistant Engineer,2023-12,13,9,69.2,5.4,0,4.2,1,0.303,0.829
OFF-0206,BLDG,Assistant Engineer,2024-01,17,10,58.8,5.0,0,4.9,1,0.314,0.829
OFF-0206,BLDG,Assistant Engineer,2024-02,16,9,56.2,3.1,0,5.3,3,0.239,0.829
OFF-0206,BLDG,Assistant Engineer,2024-03,19,14,73.7,5.9,1,6.4,0,0.368,0.829
OFF-0206,BLDG,Assistant Engineer,2024-04,15,11,73.3,2.7,0,3.6,3,0.211,0.829
OFF-0206,BLDG,Assistant Engineer,2024-05,14,9,64.3,3.8,0,2.7,0,0.244,0.829
OFF-0206,BLDG,Assistant Engineer,2024-06,24,15,62.5,5.7,0,1.9,1,0.378,0.829
OFF-0206,BLDG,Assistant Engineer,2024-07,31,22,71.0,4.9,1,6.2,0,0.409,0.829
OFF-0206,BLDG,Assistant Engineer,2024-08,27,16,59.3,0.8,1,6.2,4,0.23,0.829
OFF-0206,BLDG,Assistant Engineer,2024-09,28,21,75.0,6.1,0,2.1,1,0.421,0.829
OFF-0206,BLDG,Assistant Engineer,2024-10,15,8,53.3,5.1,0,2.6,3,0.298,0.829
OFF-0206,BLDG,Assistant Engineer,2024-11,17,10,58.8,5.7,0,4.5,1,0.342,0.829
OFF-0206,BLDG,Assistant Engineer,2024-12,18,11,61.1,4.2,0,4.7,2,0.29,0.829
OFF-0207,BLDG,Building Inspector,2022-01,34,22,64.7,3.3,0,0.0,2,0.351,1.02
OFF-0207,BLDG,Building Inspector,2022-02,27,21,77.8,5.2,0,0.0,2,0.377,1.02
OFF-0207,BLDG,Building Inspector,2022-03,36,27,75.0,1.0,0,0.0,2,0.279,1.02
OFF-0207,BLDG,Building Inspector,2022-04,29,24,82.8,8.2,0,0.0,0,0.493,1.02
OFF-0207,BLDG,Building Inspector,2022-05,29,21,72.4,3.7,0,0.0,1,0.332,1.02
OFF-0207,BLDG,Building Inspector,2022-06,54,36,66.7,0.5,0,0.0,2,0.379,1.02
OFF-0207,BLDG,Building Inspector,2022-07,40,35,87.5,4.0,0,0.0,1,0.415,1.02
OFF-0207,BLDG,Building Inspector,2022-08,64,51,79.7,7.9,0,0.0,2,0.697,1.02
OFF-0207,BLDG,Building Inspector,2022-09,49,41,83.7,4.1,0,0.0,2,0.48,1.02
OFF-0207,BLDG,Building Inspector,2022-10,36,24,66.7,5.0,0,0.0,3,0.429,1.02
OFF-0207,BLDG,Building Inspector,2022-11,30,25,83.3,2.8,0,0.0,0,0.303,1.02
OFF-0207,BLDG,Building Inspector,2022-12,34,31,91.2,3.4,0,0.0,3,0.355,1.02
OFF-0207,BLDG,Building Inspector,2023-01,36,25,69.4,2.9,0,0.0,1,0.349,1.02
OFF-0207,BLDG,Building Inspector,2023-02,28,22,78.6,2.2,0,0.0,3,0.267,1.02
OFF-0207,BLDG,Building Inspector,2023-03,36,24,66.7,3.6,0,0.0,1,0.374,1.02
OFF-0207,BLDG,Building Inspector,2023-04,31,29,93.5,4.4,0,0.0,0,0.371,1.02
OFF-0207,BLDG,Building Inspector,2023-05,37,26,70.3,5.6,0,0.0,0,0.457,1.02
OFF-0207,BLDG,Building Inspector,2023-06,43,39,90.7,2.4,0,0.0,0,0.376,1.02
OFF-0207,BLDG,Building Inspector,2023-07,44,34,77.3,4.3,0,0.0,4,0.455,1.02
OFF-0207,BLDG,Building Inspector,2023-08,49,35,71.4,4.4,0,0.0,0,0.492,1.02
OFF-0207,BLDG,Building Inspector,2023-09,37,28,75.7,4.5,0,0.0,2,0.415,1.02
OFF-0207,BLDG,Building Inspector,2023-10,29,21,72.4,7.2,0,0.0,2,0.463,1.02
OFF-0207,BLDG,Building Inspector,2023-11,30,28,93.3,2.0,0,0.0,2,0.275,1.02
OFF-0207,BLDG,Building Inspector,2023-12,27,21,77.8,3.5,0,0.0,2,0.311,1.02
OFF-0207,BLDG,Building Inspector,2024-01,36,26,72.2,5.8,0,0.0,2,0.458,1.02
OFF-0207,BLDG,Building Inspector,2024-02,38,32,84.2,3.5,0,0.0,1,0.386,1.02
OFF-0207,BLDG,Building Inspector,2024-03,31,24,77.4,3.9,0,0.0,0,0.352,1.02
OFF-0207,BLDG,Building Inspector,2024-04,35,28,80.0,2.6,0,0.0,2,0.331,1.02
OFF-0207,BLDG,Building Inspector,2024-05,33,30,90.9,2.4,0,0.0,2,0.308,1.02
OFF-0207,BLDG,Building Inspector,2024-06,43,32,74.4,6.7,0,0.0,0,0.54,1.02
OFF-0207,BLDG,Building Inspector,2024-07,45,30,66.7,3.1,0,0.0,1,0.418,1.02
OFF-0207,BLDG,Building Inspector,2024-08,47,31,66.0,1.6,0,0.0,3,0.372,1.02
OFF-0207,BLDG,Building Inspector,2024-09,35,33,94.3,3.8,0,0.0,0,0.374,1.02
OFF-0207,BLDG,Building Inspector,2024-10,31,27,87.1,0.5,0,0.0,0,0.225,1.02
OFF-0207,BLDG,Building Inspector,2024-11,31,29,93.5,3.8,0,0.0,1,0.351,1.02
OFF-0207,BLDG,Building Inspector,2024-12,36,26,72.2,5.9,0,0.0,3,0.461,1.02
OFF-0208,BLDG,Town Planner,2022-01,40,36,90.0,4.8,0,0.0,2,0.446,1.125
OFF-0208,BLDG,Town Planner,2022-02,43,33,76.7,2.7,0,0.0,0,0.387,1.125
OFF-0208,BLDG,Town Planner,2022-03,43,32,74.4,4.5,0,0.0,2,0.456,1.125
OFF-0208,BLDG,Town Planner,2022-04,37,35,94.6,4.7,0,0.0,1,0.422,1.125
OFF-0208,BLDG,Town Planner,2022-05,38,31,81.6,0.7,0,0.0,2,0.281,1.125
OFF-0208,BLDG,Town Planner,2022-06,65,63,96.9,0.6,0,0.0,2,0.421,1.125
OFF-0208,BLDG,Town Planner,2022-07,79,64,81.0,3.6,0,0.0,4,0.536,1.125
OFF-0208,BLDG,Town Planner,2022-08,71,64,90.1,4.3,0,0.0,1,0.56,1.125
OFF-0208,BLDG,Town Planner,2022-09,63,48,76.2,1.3,0,0.0,2,0.45,1.125
OFF-0208,BLDG,Town Planner,2022-10,46,45,97.8,7.0,0,0.0,0,0.569,1.125
OFF-0208,BLDG,Town Planner,2022-11,46,45,97.8,1.6,0,0.0,1,0.368,1.125
OFF-0208,BLDG,Town Planner,2022-12,39,31,79.5,3.4,0,0.0,0,0.388,1.125
OFF-0208,BLDG,Town Planner,2023-01,47,42,89.4,2.8,0,0.0,0,0.419,1.125
OFF-0208,BLDG,Town Planner,2023-02,47,40,85.1,5.3,0,0.0,2,0.511,1.125
OFF-0208,BLDG,Town Planner,2023-03,35,26,74.3,3.8,0,0.0,3,0.377,1.125
OFF-0208,BLDG,Town Planner,2023-04,34,31,91.2,4.6,0,0.0,2,0.398,1.125
OFF-0208,BLDG,Town Planner,2023-05,47,46,97.9,2.8,0,0.0,3,0.419,1.125
OFF-0208,BLDG,Town Planner,2023-06,47,42,89.4,0.5,0,0.0,0,0.332,1.125
OFF-0208,BLDG,Town Planner,2023-07,74,72,97.3,7.1,0,0.0,3,0.666,1.125
OFF-0208,BLDG,Town Planner,2023-08,66,63,95.5,2.6,0,0.0,1,0.496,1.125
OFF-0208,BLDG,Town Planner,2023-09,56,49,87.5,0.5,0,0.0,2,0.392,1.125
OFF-0208,BLDG,Town Planner,2023-10,46,44,95.7,0.5,0,0.0,1,0.325,1.125
OFF-0208,BLDG,Town Planner,2023-11,39,36,92.3,3.8,0,0.0,1,0.404,1.125
OFF-0208,BLDG,Town Planner,2023-12,35,31,88.6,7.3,0,0.0,1,0.509,1.125
OFF-0208,BLDG,Town Planner,2024-01,39,35,89.7,2.3,0,0.0,2,0.347,1.125
OFF-0208,BLDG,Town Planner,2024-02,47,42,89.4,2.8,0,0.0,0,0.418,1.125
OFF-0208,BLDG,Town Planner,2024-03,40,34,85.0,4.1,0,0.0,0,0.42,1.125
OFF-0208,BLDG,Town Planner,2024-04,39,38,97.4,2.1,0,0.0,0,0.337,1.125
OFF-0208,BLDG,Town Planner,2024-05,38,30,78.9,2.1,0,0.0,0,0.332,1.125
OFF-0208,BLDG,Town Planner,2024-06,84,78,92.9,3.3,0,0.0,1,0.523,1.125
OFF-0208,BLDG,Town Planner,2024-07,57,42,73.7,2.0,0,0.0,0,0.455,1.125
OFF-0208,BLDG,Town Planner,2024-08,72,70,97.2,3.4,0,0.0,2,0.528,1.125
OFF-0208,BLDG,Town Planner,2024-09,65,50,76.9,4.1,0,0.0,3,0.554,1.125
OFF-0208,BLDG,Town Planner,2024-10,34,27,79.4,1.5,0,0.0,2,0.282,1.125
OFF-0208,BLDG,Town Planner,2024-11,41,34,82.9,5.9,0,0.0,3,0.495,1.125
OFF-0208,BLDG,Town Planner,2024-12,37,33,89.2,2.4,0,0.0,2,0.338,1.125
OFF-0209,BLDG,Building Inspector,2022-01,38,30,78.9,3.8,0,0.0,3,0.396,1.167
OFF-0209,BLDG,Building Inspector,2022-02,41,32,78.0,1.4,0,0.0,2,0.324,1.167
OFF-0209,BLDG,Building Inspector,2022-03,37,35,94.6,2.7,0,0.0,1,0.348,1.167
OFF-0209,BLDG,Building Inspector,2022-04,41,40,97.6,3.1,0,0.0,3,0.388,1.167
OFF-0209,BLDG,Building Inspector,2022-05,29,28,96.6,3.9,0,0.0,1,0.338,1.167
OFF-0209,BLDG,Building Inspector,2022-06,53,51,96.2,1.5,0,0.0,0,0.409,1.167
OFF-0209,BLDG,Building Inspector,2022-07,57,55,96.5,2.1,0,0.0,1,0.46,1.167
OFF-0209,BLDG,Building Inspector,2022-08,54,52,96.3,2.7,0,0.0,1,0.461,1.167
OFF-0209,BLDG,Building Inspector,2022-09,61,59,96.7,0.8,0,0.0,0,0.429,1.167
OFF-0209,BLDG,Building Inspector,2022-10,38,29,76.3,2.4,0,0.0,2,0.343,1.167
OFF-0209,BLDG,Building Inspector,2022-11,39,32,82.1,3.1,0,0.0,3,0.376,1.167
OFF-0209,BLDG,Building Inspector,2022-12,31,30,96.8,2.2,0,0.0,2,0.288,1.167
OFF-0209,BLDG,Building Inspector,2023-01,35,32,91.4,10.6,0,0.0,3,0.533,1.167
OFF-0209,BLDG,Building Inspector,2023-02,33,32,97.0,6.1,0,0.0,2,0.447,1.167
OFF-0209,BLDG,Building Inspector,2023-03,35,27,77.1,6.6,0,0.0,0,0.479,1.167
OFF-0209,BLDG,Building Inspector,2023-04,43,41,95.3,1.1,0,0.0,1,0.327,1.167
OFF-0209,BLDG,Building Inspector,2023-05,36,33,91.7,2.0,0,0.0,4,0.314,1.167
OFF-0209,BLDG,Building Inspector,2023-06,50,49,98.0,4.1,0,0.0,0,0.487,1.167
OFF-0209,BLDG,Building Inspector,2023-07,56,45,80.4,5.1,0,0.0,3,0.564,1.167
OFF-0209,BLDG,Building Inspector,2023-08,49,45,91.8,3.7,0,0.0,0,0.465,1.167
OFF-0209,BLDG,Building Inspector,2023-09,62,53,85.5,3.1,0,0.0,1,0.516,1.167
OFF-0209,BLDG,Building Inspector,2023-10,43,35,81.4,4.2,0,0.0,1,0.442,1.167
OFF-0209,BLDG,Building Inspector,2023-11,43,37,86.0,2.6,0,0.0,1,0.384,1.167
OFF-0209,BLDG,Building Inspector,2023-12,31,29,93.5,2.8,0,0.0,0,0.311,1.167
OFF-0209,BLDG,Building Inspector,2024-01,35,27,77.1,4.4,0,0.0,4,0.398,1.167
OFF-0209,BLDG,Building Inspector,2024-02,44,43,97.7,4.2,0,0.0,3,0.453,1.167
OFF-0209,BLDG,Building Inspector,2024-03,38,32,84.2,0.5,0,0.0,0,0.272,1.167
OFF-0209,BLDG,Building Inspector,2024-04,39,33,84.6,5.5,0,0.0,0,0.466,1.167
OFF-0209,BLDG,Building Inspector,2024-05,42,41,97.6,6.0,0,0.0,0,0.504,1.167
OFF-0209,BLDG,Building Inspector,2024-06,61,59,96.7,2.0,0,0.0,4,0.477,1.167
OFF-0209,BLDG,Building Inspector,2024-07,66,61,92.4,4.6,0,0.0,1,0.574,1.167
OFF-0209,BLDG,Building Inspector,2024-08,58,52,89.7,1.7,0,0.0,3,0.449,1.167
OFF-0209,BLDG,Building Inspector,2024-09,59,54,91.5,3.4,0,0.0,2,0.522,1.167
OFF-0209,BLDG,Building Inspector,2024-10,37,32,86.5,1.5,0,0.0,0,0.304,1.167
OFF-0209,BLDG,Building Inspector,2024-11,33,25,75.8,0.8,0,0.0,0,0.248,1.167
OFF-0209,BLDG,Building Inspector,2024-12,30,29,96.7,1.5,0,0.0,0,0.257,1.167
OFF-0210,BLDG,Building Inspector,2022-01,40,31,77.5,0.5,1,2.7,0,0.293,0.837
OFF-0210,BLDG,Building Inspector,2022-02,41,27,65.9,4.2,2,5.9,1,0.448,0.837
OFF-0210,BLDG,Building Inspector,2022-03,42,24,57.1,3.8,0,1.7,1,0.427,0.837
OFF-0210,BLDG,Building Inspector,2022-04,49,28,57.1,6.3,1,2.3,0,0.571,0.837
OFF-0210,BLDG,Building Inspector,2022-05,44,34,77.3,6.3,1,3.2,1,0.541,0.837
OFF-0210,BLDG,Building Inspector,2022-06,70,48,68.6,5.3,3,4.8,4,0.613,0.837
OFF-0210,BLDG,Building Inspector,2022-07,58,37,63.8,5.0,2,3.5,0,0.586,0.837
OFF-0210,BLDG,Building Inspector,2022-08,68,37,54.4,7.7,2,3.5,1,0.698,0.837
OFF-0210,BLDG,Building Inspector,2022-09,75,57,76.0,3.9,3,5.0,0,0.563,0.837
OFF-0210,BLDG,Building Inspector,2022-10,42,27,64.3,8.4,1,4.3,1,0.593,0.837
OFF-0210,BLDG,Building Inspector,2022-11,33,19,57.6,0.9,2,6.3,2,0.272,0.837
OFF-0210,BLDG,Building Inspector,2022-12,45,27,60.0,4.1,1,3.7,0,0.467,0.837
OFF-0210,BLDG,Building Inspector,2023-01,48,30,62.5,1.3,2,5.8,1,0.385,0.837
OFF-0210,BLDG,Building Inspector,2023-02,39,24,61.5,6.0,0,2.2,3,0.492,0.837
OFF-0210,BLDG,Building Inspector,2023-03,41,22,53.7,6.0,1,2.9,2,0.506,0.837
OFF-0210,BLDG,Building Inspector,2023-04,35,20,57.1,6.6,0,2.1,1,0.487,0.837
OFF-0210,BLDG,Building Inspector,2023-05,37,24,64.9,7.0,2,5.9,3,0.528,0.837
OFF-0210,BLDG,Building Inspector,2023-06,63,46,73.0,2.5,4,6.5,1,0.514,0.837
OFF-0210,BLDG,Building Inspector,2023-07,63,38,60.3,5.5,2,4.6,3,0.621,0.837
OFF-0210,BLDG,Building Inspector,2023-08,70,51,72.9,5.9,3,4.8,3,0.634,0.837
OFF-0210,BLDG,Building Inspector,2023-09,82,54,65.9,2.8,2,3.2,0,0.514,0.837
OFF-0210,BLDG,Building Inspector,2023-10,37,28,75.7,5.9,1,3.7,1,0.479,0.837
OFF-0210,BLDG,Building Inspector,2023-11,50,36,72.0,0.5,1,3.4,0,0.362,0.837
OFF-0210,BLDG,Building Inspector,2023-12,42,30,71.4,3.9,2,6.1,4,0.445,0.837
OFF-0210,BLDG,Building Inspector,2024-01,36,28,77.8,1.8,1,4.2,1,0.319,0.837
OFF-0210,BLDG,Building Inspector,2024-02,38,21,55.3,2.6,1,4.6,3,0.363,0.837
OFF-0210,BLDG,Building Inspector,2024-03,46,25,54.3,4.0,2,6.5,3,0.477,0.837
OFF-0210,BLDG,Building Inspector,2024-04,50,30,60.0,5.1,1,3.5,0,0.537,0.837
OFF-0210,BLDG,Building Inspector,2024-05,48,32,66.7,3.0,1,3.0,3,0.44,0.837
OFF-0210,BLDG,Building Inspector,2024-06,78,45,57.7,5.7,4,5.5,2,0.629,0.837
OFF-0210,BLDG,Building Inspector,2024-07,75,45,60.0,1.8,2,3.1,0,0.476,0.837
OFF-0210,BLDG,Building Inspector,2024-08,54,31,57.4,4.3,2,4.6,1,0.533,0.837
OFF-0210,BLDG,Building Inspector,2024-09,66,40,60.6,5.6,1,2.6,2,0.619,0.837
OFF-0210,BLDG,Building Inspector,2024-10,42,24,57.1,5.0,1,2.5,0,0.476,0.837
OFF-0210,BLDG,Building Inspector,2024-11,36,20,55.6,5.5,0,2.6,2,0.455,0.837
OFF-0210,BLDG,Building Inspector,2024-12,49,27,55.1,4.2,2,4.5,1,0.498,0.837
OFF-0211,BLDG,Building Inspector,2022-01,36,24,66.7,3.8,0,1.6,0,0.388,0.955
OFF-0211,BLDG,Building Inspector,2022-02,48,32,66.7,4.2,0,1.5,0,0.481,0.955
OFF-0211,BLDG,Building Inspector,2022-03,36,31,86.1,1.6,0,1.4,2,0.305,0.955
OFF-0211,BLDG,Building Inspector,2022-04,43,33,76.7,4.4,0,1.0,1,0.454,0.955
OFF-0211,BLDG,Building Inspector,2022-05,40,31,77.5,4.4,0,1.6,2,0.435,0.955
OFF-0211,BLDG,Building Inspector,2022-06,68,51,75.0,5.2,0,1.5,1,0.599,0.955
OFF-0211,BLDG,Building Inspector,2022-07,60,49,81.7,3.2,0,0.6,1,0.521,0.955
OFF-0211,BLDG,Building Inspector,2022-08,82,61,74.4,2.9,1,1.8,0,0.513,0.955
OFF-0211,BLDG,Building Inspector,2022-09,74,61,82.4,4.7,0,0.8,1,0.578,0.955
OFF-0211,BLDG,Building Inspector,2022-10,36,24,66.7,3.4,0,1.7,0,0.374,0.955
OFF-0211,BLDG,Building Inspector,2022-11,48,33,68.8,2.8,0,1.0,0,0.429,0.955
OFF-0211,BLDG,Building Inspector,2022-12,35,23,65.7,3.0,0,1.5,2,0.35,0.955
OFF-0211,BLDG,Building Inspector,2023-01,42,27,64.3,0.5,0,1.6,2,0.303,0.955
OFF-0211,BLDG,Building Inspector,2023-02,43,35,81.4,4.1,0,1.6,2,0.444,0.955
OFF-0211,BLDG,Building Inspector,2023-03,52,41,78.8,3.5,0,0.6,0,0.479,0.955
OFF-0211,BLDG,Building Inspector,2023-04,47,39,83.0,8.4,0,1.2,1,0.617,0.955
OFF-0211,BLDG,Building Inspector,2023-05,44,34,77.3,6.2,0,1.5,1,0.529,0.955
OFF-0211,BLDG,Building Inspector,2023-06,71,55,77.5,5.9,0,0.5,1,0.624,0.955
OFF-0211,BLDG,Building Inspector,2023-07,80,50,62.5,3.3,1,1.4,0,0.528,0.955
OFF-0211,BLDG,Building Inspector,2023-08,60,39,65.0,6.8,0,1.1,2,0.659,0.955
OFF-0211,BLDG,Building Inspector,2023-09,69,46,66.7,4.0,1,1.5,2,0.553,0.955
OFF-0211,BLDG,Building Inspector,2023-10,48,41,85.4,6.2,0,1.7,2,0.558,0.955
OFF-0211,BLDG,Building Inspector,2023-11,46,34,73.9,2.1,0,0.6,0,0.388,0.955
OFF-0211,BLDG,Building Inspector,2023-12,39,31,79.5,5.6,0,1.4,3,0.476,0.955
OFF-0211,BLDG,Building Inspector,2024-01,51,45,88.2,2.2,0,1.1,2,0.425,0.955
OFF-0211,BLDG,Building Inspector,2024-02,47,32,68.1,4.2,0,0.8,4,0.474,0.955
OFF-0211,BLDG,Building Inspector,2024-03,48,39,81.2,5.0,0,1.5,4,0.512,0.955
OFF-0211,BLDG,Building Inspector,2024-04,48,40,83.3,3.4,0,1.7,4,0.452,0.955
OFF-0211,BLDG,Building Inspector,2024-05,50,36,72.0,3.7,0,0.9,3,0.474,0.955
OFF-0211,BLDG,Building Inspector,2024-06,73,46,63.0,6.7,0,0.5,1,0.654,0.955
OFF-0211,BLDG,Building Inspector,2024-07,59,42,71.2,4.6,0,0.8,2,0.566,0.955
OFF-0211,BLDG,Building Inspector,2024-08,67,49,73.1,0.5,0,0.8,1,0.421,0.955
OFF-0211,BLDG,Building Inspector,2024-09,57,37,64.9,6.1,0,1.7,1,0.614,0.955
OFF-0211,BLDG,Building Inspector,2024-10,50,37,74.0,5.3,0,0.6,1,0.533,0.955
OFF-0211,BLDG,Building Inspector,2024-11,36,28,77.8,4.3,0,0.6,0,0.402,0.955
OFF-0211,BLDG,Building Inspector,2024-12,50,43,86.0,4.4,0,0.5,1,0.499,0.955
OFF-0212,BLDG,Assistant Engineer,2022-01,39,30,76.9,2.9,0,0.0,3,0.37,1.07
OFF-0212,BLDG,Assistant Engineer,2022-02,37,34,91.9,7.2,0,0.0,1,0.518,1.07
OFF-0212,BLDG,Assistant Engineer,2022-03,39,31,79.5,5.2,0,0.0,0,0.454,1.07
OFF-0212,BLDG,Assistant Engineer,2022-04,41,32,78.0,0.5,0,0.0,2,0.292,1.07
OFF-0212,BLDG,Assistant Engineer,2022-05,39,28,71.8,4.9,0,0.0,2,0.444,1.07
OFF-0212,BLDG,Assistant Engineer,2022-06,64,45,70.3,6.2,0,0.0,3,0.632,1.07
OFF-0212,BLDG,Assistant Engineer,2022-07,42,41,97.6,5.3,0,0.0,1,0.477,1.07
OFF-0212,BLDG,Assistant Engineer,2022-08,43,31,72.1,6.6,0,0.0,1,0.535,1.07
OFF-0212,BLDG,Assistant Engineer,2022-09,46,40,87.0,5.0,0,0.0,0,0.496,1.07
OFF-0212,BLDG,Assistant Engineer,2022-10,35,26,74.3,6.9,0,0.0,1,0.491,1.07
OFF-0212,BLDG,Assistant Engineer,2022-11,34,24,70.6,2.7,0,0.0,0,0.326,1.07
OFF-0212,BLDG,Assistant Engineer,2022-12,35,34,97.1,0.5,0,0.0,1,0.252,1.07
OFF-0212,BLDG,Assistant Engineer,2023-01,37,36,97.3,3.9,0,0.0,0,0.392,1.07
OFF-0212,BLDG,Assistant Engineer,2023-02,38,26,68.4,8.0,0,0.0,1,0.552,1.07
OFF-0212,BLDG,Assistant Engineer,2023-03,29,20,69.0,6.0,0,0.0,1,0.418,1.07
OFF-0212,BLDG,Assistant Engineer,2023-04,35,34,97.1,2.7,0,0.0,2,0.335,1.07
OFF-0212,BLDG,Assistant Engineer,2023-05,33,27,81.8,6.2,0,0.0,2,0.452,1.07
OFF-0212,BLDG,Assistant Engineer,2023-06,61,50,82.0,7.3,0,0.0,2,0.672,1.07
OFF-0212,BLDG,Assistant Engineer,2023-07,45,42,93.3,1.1,0,0.0,1,0.342,1.07
OFF-0212,BLDG,Assistant Engineer,2023-08,52,50,96.2,7.0,0,0.0,1,0.609,1.07
OFF-0212,BLDG,Assistant Engineer,2023-09,51,41,80.4,0.5,0,0.0,2,0.359,1.07
OFF-0212,BLDG,Assistant Engineer,2023-10,37,28,75.7,4.1,0,0.0,0,0.4,1.07
OFF-0212,BLDG,Assistant Engineer,2023-11,30,22,73.3,4.2,0,0.0,0,0.356,1.07
OFF-0212,BLDG,Assistant Engineer,2023-12,43,37,86.0,2.2,0,0.0,0,0.369,1.07
OFF-0212,BLDG,Assistant Engineer,2024-01,40,37,92.5,3.3,0,0.0,3,0.391,1.07
OFF-0212,BLDG,Assistant Engineer,2024-02,30,22,73.3,4.5,0,0.0,1,0.367,1.07
OFF-0212,BLDG,Assistant Engineer,2024-03,37,31,83.8,2.8,0,0.0,2,0.35,1.07
OFF-0212,BLDG,Assistant Engineer,2024-04,29,28,96.6,5.9,0,0.0,1,0.415,1.07
OFF-0212,BLDG,Assistant Engineer,2024-05,31,27,87.1,1.7,0,0.0,1,0.272,1.07
OFF-0212,BLDG,Assistant Engineer,2024-06,64,61,95.3,2.7,0,0.0,2,0.503,1.07
OFF-0212,BLDG,Assistant Engineer,2024-07,43,36,83.7,4.0,0,0.0,1,0.439,1.07
OFF-0212,BLDG,Assistant Engineer,2024-08,57,50,87.7,3.1,0,0.0,2,0.497,1.07
OFF-0212,BLDG,Assistant Engineer,2024-09,75,66,88.0,2.3,0,0.0,2,0.485,1.07
OFF-0212,BLDG,Assistant Engineer,2024-10,38,32,84.2,5.9,0,0.0,3,0.475,1.07
OFF-0212,BLDG,Assistant Engineer,2024-11,38,37,97.4,5.4,0,0.0,0,0.457,1.07
OFF-0212,BLDG,Assistant Engineer,2024-12,31,22,71.0,0.5,0,0.0,0,0.225,1.07
OFF-0213,BLDG,Building Inspector,2022-01,37,28,75.7,4.5,0,0.2,0,0.417,0.979
OFF-0213,BLDG,Building Inspector,2022-02,32,22,68.8,4.2,0,0.6,1,0.371,0.979
OFF-0213,BLDG,Building Inspector,2022-03,33,22,66.7,1.1,0,0.6,2,0.264,0.979
OFF-0213,BLDG,Building Inspector,2022-04,36,23,63.9,4.0,0,0.7,1,0.391,0.979
OFF-0213,BLDG,Building Inspector,2022-05,33,28,84.8,3.4,0,0.3,4,0.35,0.979
OFF-0213,BLDG,Building Inspector,2022-06,51,40,78.4,5.7,0,0.4,0,0.556,0.979
OFF-0213,BLDG,Building Inspector,2022-07,47,34,72.3,1.0,0,0.4,1,0.352,0.979
OFF-0213,BLDG,Building Inspector,2022-08,44,28,63.6,2.0,0,0.4,1,0.371,0.979
OFF-0213,BLDG,Building Inspector,2022-09,49,41,83.7,0.6,0,0.5,0,0.352,0.979
OFF-0213,BLDG,Building Inspector,2022-10,38,32,84.2,4.7,0,0.4,1,0.431,0.979
OFF-0213,BLDG,Building Inspector,2022-11,33,26,78.8,3.6,0,0.3,2,0.355,0.979
OFF-0213,BLDG,Building Inspector,2022-12,33,26,78.8,3.3,0,0.8,0,0.347,0.979
OFF-0213,BLDG,Building Inspector,2023-01,32,28,87.5,3.7,0,0.6,0,0.353,0.979
OFF-0213,BLDG,Building Inspector,2023-02,29,25,86.2,6.6,0,0.7,0,0.444,0.979
OFF-0213,BLDG,Building Inspector,2023-03,28,22,78.6,5.4,0,0.4,3,0.39,0.979
OFF-0213,BLDG,Building Inspector,2023-04,31,28,90.3,0.5,0,0.7,1,0.227,0.979
OFF-0213,BLDG,Building Inspector,2023-05,36,25,69.4,5.0,0,0.5,0,0.429,0.979
OFF-0213,BLDG,Building Inspector,2023-06,50,42,84.0,4.1,0,0.2,1,0.488,0.979
OFF-0213,BLDG,Building Inspector,2023-07,42,34,81.0,4.7,0,0.6,1,0.457,0.979
OFF-0213,BLDG,Building Inspector,2023-08,59,43,72.9,5.6,0,0.4,1,0.606,0.979
OFF-0213,BLDG,Building Inspector,2023-09,62,45,72.6,5.0,0,0.3,1,0.59,0.979
OFF-0213,BLDG,Building Inspector,2023-10,37,34,91.9,1.2,0,0.7,1,0.295,0.979
OFF-0213,BLDG,Building Inspector,2023-11,35,31,88.6,4.9,0,0.6,1,0.418,0.979
OFF-0213,BLDG,Building Inspector,2023-12,30,27,90.0,3.3,0,0.7,3,0.324,0.979
OFF-0213,BLDG,Building Inspector,2024-01,37,25,67.6,4.3,0,0.5,1,0.408,0.979
OFF-0213,BLDG,Building Inspector,2024-02,38,25,65.8,4.3,0,0.4,0,0.415,0.979
OFF-0213,BLDG,Building Inspector,2024-03,34,21,61.8,2.9,0,0.3,0,0.334,0.979
OFF-0213,BLDG,Building Inspector,2024-04,37,32,86.5,2.0,0,0.3,1,0.323,0.979
OFF-0213,BLDG,Building Inspector,2024-05,32,23,71.9,3.3,0,0.7,1,0.34,0.979
OFF-0213,BLDG,Building Inspector,2024-06,51,39,76.5,6.9,0,0.4,3,0.598,0.979
OFF-0213,BLDG,Building Inspector,2024-07,44,36,81.8,0.9,0,0.5,4,0.328,0.979
OFF-0213,BLDG,Building Inspector,2024-08,55,41,74.5,7.7,0,0.3,1,0.658,0.979
OFF-0213,BLDG,Building Inspector,2024-09,51,38,74.5,4.2,0,0.3,1,0.5,0.979
OFF-0213,BLDG,Building Inspector,2024-10,30,19,63.3,5.8,0,0.7,2,0.418,0.979
OFF-0213,BLDG,Building Inspector,2024-11,33,30,90.9,3.6,0,0.7,1,0.358,0.979
OFF-0213,BLDG,Building Inspector,2024-12,27,22,81.5,3.3,0,0.3,0,0.306,0.979
OFF-0214,BLDG,Assistant Engineer,2022-01,26,25,96.2,4.0,0,0.0,0,0.322,1.236
OFF-0214,BLDG,Assistant Engineer,2022-02,28,25,89.3,0.5,0,0.0,0,0.205,1.236
OFF-0214,BLDG,Assistant Engineer,2022-03,32,31,96.9,4.8,0,0.0,2,0.392,1.236
OFF-0214,BLDG,Assistant Engineer,2022-04,38,37,97.4,4.0,0,0.0,3,0.404,1.236
OFF-0214,BLDG,Assistant Engineer,2022-05,26,25,96.2,3.6,0,0.0,4,0.308,1.236
OFF-0214,BLDG,Assistant Engineer,2022-06,39,38,97.4,3.0,0,0.0,0,0.374,1.236
OFF-0214,BLDG,Assistant Engineer,2022-07,50,46,92.0,0.8,0,0.0,0,0.362,1.236
OFF-0214,BLDG,Assistant Engineer,2022-08,46,45,97.8,4.4,0,0.0,2,0.47,1.236
OFF-0214,BLDG,Assistant Engineer,2022-09,53,51,96.2,1.6,0,0.0,4,0.411,1.236
OFF-0214,BLDG,Assistant Engineer,2022-10,35,30,85.7,3.2,0,0.0,0,0.352,1.236
OFF-0214,BLDG,Assistant Engineer,2022-11,37,36,97.3,1.5,0,0.0,3,0.303,1.236
OFF-0214,BLDG,Assistant Engineer,2022-12,36,35,97.2,6.3,0,0.0,2,0.475,1.236
OFF-0214,BLDG,Assistant Engineer,2023-01,31,30,96.8,1.0,0,0.0,2,0.244,1.236
OFF-0214,BLDG,Assistant Engineer,2023-02,25,24,96.0,3.4,0,0.0,3,0.292,1.236
OFF-0214,BLDG,Assistant Engineer,2023-03,31,30,96.8,8.5,0,0.0,1,0.507,1.236
OFF-0214,BLDG,Assistant Engineer,2023-04,33,29,87.9,2.1,0,0.0,1,0.3,1.236
OFF-0214,BLDG,Assistant Engineer,2023-05,32,25,78.1,0.5,0,0.0,1,0.232,1.236
OFF-0214,BLDG,Assistant Engineer,2023-06,47,46,97.9,7.7,0,0.0,1,0.601,1.236
OFF-0214,BLDG,Assistant Engineer,2023-07,60,56,93.3,1.0,0,0.0,0,0.436,1.236
OFF-0214,BLDG,Assistant Engineer,2023-08,54,52,96.3,3.3,0,0.0,4,0.485,1.236
OFF-0214,BLDG,Assistant Engineer,2023-09,47,45,95.7,2.0,0,0.0,3,0.39,1.236
OFF-0214,BLDG,Assistant Engineer,2023-10,30,29,96.7,6.2,0,0.0,1,0.431,1.236
OFF-0214,BLDG,Assistant Engineer,2023-11,37,36,97.3,2.0,0,0.0,1,0.323,1.236
OFF-0214,BLDG,Assistant Engineer,2023-12,30,27,90.0,5.1,0,0.0,0,0.39,1.236
OFF-0214,BLDG,Assistant Engineer,2024-01,35,34,97.1,0.5,0,0.0,2,0.252,1.236
OFF-0214,BLDG,Assistant Engineer,2024-02,35,34,97.1,3.2,0,0.0,4,0.353,1.236
OFF-0214,BLDG,Assistant Engineer,2024-03,32,29,90.6,2.1,0,0.0,0,0.291,1.236
OFF-0214,BLDG,Assistant Engineer,2024-04,33,30,90.9,2.2,0,0.0,1,0.303,1.236
OFF-0214,BLDG,Assistant Engineer,2024-05,30,29,96.7,3.8,0,0.0,0,0.343,1.236
OFF-0214,BLDG,Assistant Engineer,2024-06,60,58,96.7,1.1,0,0.0,3,0.441,1.236
OFF-0214,BLDG,Assistant Engineer,2024-07,63,53,84.1,1.4,0,0.0,2,0.454,1.236
OFF-0214,BLDG,Assistant Engineer,2024-08,57,55,96.5,4.0,0,0.0,1,0.53,1.236
OFF-0214,BLDG,Assistant Engineer,2024-09,53,51,96.2,5.4,0,0.0,0,0.557,1.236
OFF-0214,BLDG,Assistant Engineer,2024-10,29,23,79.3,1.0,0,0.0,0,0.232,1.236
OFF-0214,BLDG,Assistant Engineer,2024-11,31,30,96.8,2.7,0,0.0,1,0.308,1.236
OFF-0214,BLDG,Assistant Engineer,2024-12,29,28,96.6,0.6,0,0.0,0,0.216,1.236
OFF-0215,BLDG,Building Inspector,2022-01,41,21,51.2,5.3,1,2.6,2,0.478,0.752
OFF-0215,BLDG,Building Inspector,2022-02,43,26,60.5,7.3,1,3.3,1,0.569,0.752
OFF-0215,BLDG,Building Inspector,2022-03,45,32,71.1,4.9,2,5.1,0,0.5,0.752
OFF-0215,BLDG,Building Inspector,2022-04,44,28,63.6,4.3,2,5.3,2,0.471,0.752
OFF-0215,BLDG,Building Inspector,2022-05,45,24,53.3,5.7,1,2.5,1,0.523,0.752
OFF-0215,BLDG,Building Inspector,2022-06,66,39,59.1,4.7,3,5.9,1,0.594,0.752
OFF-0215,BLDG,Building Inspector,2022-07,50,24,48.0,4.5,3,6.6,0,0.522,0.752
OFF-0215,BLDG,Building Inspector,2022-08,54,35,64.8,5.6,1,3.3,0,0.58,0.752
OFF-0215,BLDG,Building Inspector,2022-09,57,34,59.6,5.8,2,4.9,1,0.61,0.752
OFF-0215,BLDG,Building Inspector,2022-10,46,25,54.3,5.2,1,2.8,2,0.509,0.752
OFF-0215,BLDG,Building Inspector,2022-11,43,29,67.4,6.6,2,7.0,0,0.553,0.752
OFF-0215,BLDG,Building Inspector,2022-12,45,27,60.0,5.1,1,4.2,0,0.503,0.752
OFF-0215,BLDG,Building Inspector,2023-01,42,22,52.4,3.8,1,4.4,4,0.438,0.752
OFF-0215,BLDG,Building Inspector,2023-02,39,22,56.4,3.7,3,8.3,0,0.424,0.752
OFF-0215,BLDG,Building Inspector,2023-03,40,26,65.0,4.4,1,4.0,2,0.443,0.752
OFF-0215,BLDG,Building Inspector,2023-04,36,23,63.9,3.5,2,8.0,1,0.395,0.752
OFF-0215,BLDG,Building Inspector,2023-05,41,26,63.4,4.6,3,8.9,0,0.472,0.752
OFF-0215,BLDG,Building Inspector,2023-06,73,37,50.7,5.2,5,7.8,2,0.618,0.752
OFF-0215,BLDG,Building Inspector,2023-07,48,26,54.2,2.2,1,3.3,4,0.413,0.752
OFF-0215,BLDG,Building Inspector,2023-08,59,29,49.2,5.3,2,4.2,4,0.606,0.752
OFF-0215,BLDG,Building Inspector,2023-09,78,38,48.7,8.2,5,7.2,0,0.722,0.752
OFF-0215,BLDG,Building Inspector,2023-10,32,16,50.0,2.6,3,9.7,4,0.34,0.752
OFF-0215,BLDG,Building Inspector,2023-11,46,32,69.6,3.4,2,4.4,2,0.447,0.752
OFF-0215,BLDG,Building Inspector,2023-12,32,20,62.5,4.8,3,9.7,2,0.422,0.752
OFF-0215,BLDG,Building Inspector,2024-01,39,25,64.1,7.0,2,5.6,0,0.538,0.752
OFF-0215,BLDG,Building Inspector,2024-02,47,29,61.7,5.2,3,7.4,3,0.531,0.752
OFF-0215,BLDG,Building Inspector,2024-03,35,22,62.9,4.9,2,8.5,1,0.442,0.752
OFF-0215,BLDG,Building Inspector,2024-04,32,20,62.5,5.4,2,7.2,1,0.436,0.752
OFF-0215,BLDG,Building Inspector,2024-05,45,22,48.9,3.7,1,3.5,1,0.45,0.752
OFF-0215,BLDG,Building Inspector,2024-06,61,31,50.8,2.7,5,8.5,2,0.527,0.752
OFF-0215,BLDG,Building Inspector,2024-07,59,36,61.0,5.9,5,8.9,1,0.641,0.752
OFF-0215,BLDG,Building Inspector,2024-08,51,29,56.9,3.6,1,3.3,0,0.487,0.752
OFF-0215,BLDG,Building Inspector,2024-09,64,40,62.5,7.0,2,3.8,1,0.675,0.752
OFF-0215,BLDG,Building Inspector,2024-10,39,23,59.0,3.4,3,9.6,0,0.416,0.752
OFF-0215,BLDG,Building Inspector,2024-11,45,31,68.9,7.1,2,6.3,2,0.587,0.752
OFF-0215,BLDG,Building Inspector,2024-12,46,24,52.2,6.7,4,9.2,1,0.585,0.752
OFF-0216,BLDG,Building Inspector,2022-01,25,24,96.0,1.2,0,0.0,2,0.213,1.326
OFF-0216,BLDG,Building Inspector,2022-02,24,22,91.7,3.5,0,0.0,0,0.29,1.326
OFF-0216,BLDG,Building Inspector,2022-03,34,33,97.1,2.6,0,0.0,1,0.322,1.326
OFF-0216,BLDG,Building Inspector,2022-04,26,25,96.2,3.9,0,0.0,1,0.319,1.326
OFF-0216,BLDG,Building Inspector,2022-05,29,28,96.6,5.3,0,0.0,2,0.391,1.326
OFF-0216,BLDG,Building Inspector,2022-06,39,38,97.4,4.6,0,0.0,3,0.434,1.326
OFF-0216,BLDG,Building Inspector,2022-07,41,40,97.6,1.4,0,0.0,3,0.324,1.326
OFF-0216,BLDG,Building Inspector,2022-08,51,49,96.1,2.8,0,0.0,0,0.443,1.326
OFF-0216,BLDG,Building Inspector,2022-09,37,36,97.3,0.5,0,0.0,0,0.265,1.326
OFF-0216,BLDG,Building Inspector,2022-10,30,29,96.7,7.4,0,0.0,1,0.477,1.326
OFF-0216,BLDG,Building Inspector,2022-11,26,25,96.2,1.9,0,0.0,3,0.243,1.326
OFF-0216,BLDG,Building Inspector,2022-12,29,28,96.6,1.5,0,0.0,2,0.249,1.326
OFF-0216,BLDG,Building Inspector,2023-01,24,23,95.8,4.4,0,0.0,1,0.327,1.326
OFF-0216,BLDG,Building Inspector,2023-02,26,23,88.5,2.2,0,0.0,3,0.257,1.326
OFF-0216,BLDG,Building Inspector,2023-03,26,25,96.2,5.5,0,0.0,1,0.381,1.326
OFF-0216,BLDG,Building Inspector,2023-04,33,32,97.0,4.4,0,0.0,2,0.384,1.326
OFF-0216,BLDG,Building Inspector,2023-05,28,27,96.4,0.6,0,0.0,2,0.208,1.326
OFF-0216,BLDG,Building Inspector,2023-06,33,32,97.0,2.8,0,0.0,1,0.325,1.326
OFF-0216,BLDG,Building Inspector,2023-07,42,38,90.5,0.5,0,0.0,1,0.299,1.326
OFF-0216,BLDG,Building Inspector,2023-08,60,58,96.7,6.7,0,0.0,3,0.652,1.326
OFF-0216,BLDG,Building Inspector,2023-09,44,40,90.9,2.9,0,0.0,3,0.402,1.326
OFF-0216,BLDG,Building Inspector,2023-10,32,29,90.6,1.7,0,0.0,1,0.279,1.326
OFF-0216,BLDG,Building Inspector,2023-11,33,32,97.0,4.7,0,0.0,3,0.396,1.326
OFF-0216,BLDG,Building Inspector,2023-12,23,22,95.7,0.5,0,0.0,4,0.172,1.326
OFF-0216,BLDG,Building Inspector,2024-01,28,27,96.4,2.7,0,0.0,0,0.289,1.326
OFF-0216,BLDG,Building Inspector,2024-02,31,30,96.8,5.9,0,0.0,3,0.428,1.326
OFF-0216,BLDG,Building Inspector,2024-03,29,28,96.6,4.4,0,0.0,4,0.359,1.326
OFF-0216,BLDG,Building Inspector,2024-04,34,33,97.1,6.4,0,0.0,2,0.465,1.326
OFF-0216,BLDG,Building Inspector,2024-05,24,23,95.8,3.8,0,0.0,1,0.304,1.326
OFF-0216,BLDG,Building Inspector,2024-06,36,35,97.2,5.0,0,0.0,2,0.429,1.326
OFF-0216,BLDG,Building Inspector,2024-07,55,53,96.4,1.9,0,0.0,0,0.436,1.326
OFF-0216,BLDG,Building Inspector,2024-08,44,42,95.5,2.9,0,0.0,3,0.402,1.326
OFF-0216,BLDG,Building Inspector,2024-09,49,48,98.0,0.5,0,0.0,2,0.345,1.326
OFF-0216,BLDG,Building Inspector,2024-10,28,27,96.4,3.1,0,0.0,2,0.305,1.326
OFF-0216,BLDG,Building Inspector,2024-11,33,32,97.0,1.4,0,0.0,2,0.273,1.326
OFF-0216,BLDG,Building Inspector,2024-12,31,30,96.8,5.2,0,0.0,1,0.401,1.326
OFF-0217,BLDG,Assistant Engineer,2022-01,33,31,93.9,4.5,0,0.0,1,0.388,1.069
OFF-0217,BLDG,Assistant Engineer,2022-02,24,16,66.7,3.5,0,0.0,3,0.291,1.069
OFF-0217,BLDG,Assistant Engineer,2022-03,26,23,88.5,2.4,0,0.0,1,0.262,1.069
OFF-0217,BLDG,Assistant Engineer,2022-04,24,17,70.8,3.8,0,0.0,4,0.304,1.069
OFF-0217,BLDG,Assistant Engineer,2022-05,28,21,75.0,5.0,0,0.0,1,0.375,1.069
OFF-0217,BLDG,Assistant Engineer,2022-06,36,31,86.1,4.2,0,0.0,1,0.399,1.069
OFF-0217,BLDG,Assistant Engineer,2022-07,36,25,69.4,2.2,0,0.0,1,0.321,1.069
OFF-0217,BLDG,Assistant Engineer,2022-08,57,50,87.7,1.7,0,0.0,3,0.445,1.069
OFF-0217,BLDG,Assistant Engineer,2022-09,41,40,97.6,4.6,0,0.0,1,0.445,1.069
OFF-0217,BLDG,Assistant Engineer,2022-10,34,27,79.4,1.2,0,0.0,0,0.27,1.069
OFF-0217,BLDG,Assistant Engineer,2022-11,25,22,88.0,4.5,0,0.0,1,0.336,1.069
OFF-0217,BLDG,Assistant Engineer,2022-12,30,29,96.7,0.6,0,0.0,0,0.224,1.069
OFF-0217,BLDG,Assistant Engineer,2023-01,30,23,76.7,6.4,0,0.0,2,0.44,1.069
OFF-0217,BLDG,Assistant Engineer,2023-02,33,32,97.0,4.4,0,0.0,1,0.385,1.069
OFF-0217,BLDG,Assistant Engineer,2023-03,28,22,78.6,3.6,0,0.0,0,0.322,1.069
OFF-0217,BLDG,Assistant Engineer,2023-04,34,28,82.4,5.2,0,0.0,1,0.423,1.069
OFF-0217,BLDG,Assistant Engineer,2023-05,34,24,70.6,5.0,0,0.0,0,0.413,1.069
OFF-0217,BLDG,Assistant Engineer,2023-06,41,37,90.2,2.7,0,0.0,1,0.375,1.069
OFF-0217,BLDG,Assistant Engineer,2023-07,48,41,85.4,3.6,0,0.0,2,0.456,1.069
OFF-0217,BLDG,Assistant Engineer,2023-08,41,29,70.7,5.6,0,0.0,1,0.484,1.069
OFF-0217,BLDG,Assistant Engineer,2023-09,43,36,83.7,3.6,0,0.0,1,0.422,1.069
OFF-0217,BLDG,Assistant Engineer,2023-10,33,32,97.0,3.1,0,0.0,0,0.338,1.069
OFF-0217,BLDG,Assistant Engineer,2023-11,24,18,75.0,3.5,0,0.0,0,0.291,1.069
OFF-0217,BLDG,Assistant Engineer,2023-12,24,20,83.3,2.4,0,0.0,0,0.249,1.069
OFF-0217,BLDG,Assistant Engineer,2024-01,32,26,81.2,5.5,0,0.0,3,0.419,1.069
OFF-0217,BLDG,Assistant Engineer,2024-02,33,28,84.8,6.1,0,0.0,1,0.448,1.069
OFF-0217,BLDG,Assistant Engineer,2024-03,34,33,97.1,3.9,0,0.0,1,0.373,1.069
OFF-0217,BLDG,Assistant Engineer,2024-04,33,29,87.9,5.0,0,0.0,1,0.408,1.069
OFF-0217,BLDG,Assistant Engineer,2024-05,29,28,96.6,2.4,0,0.0,0,0.284,1.069
OFF-0217,BLDG,Assistant Engineer,2024-06,43,31,72.1,2.3,0,0.0,0,0.371,1.069
OFF-0217,BLDG,Assistant Engineer,2024-07,35,31,88.6,4.9,0,0.0,2,0.417,1.069
OFF-0217,BLDG,Assistant Engineer,2024-08,48,47,97.9,0.5,0,0.0,1,0.339,1.069
OFF-0217,BLDG,Assistant Engineer,2024-09,38,29,76.3,0.9,0,0.0,1,0.287,1.069
OFF-0217,BLDG,Assistant Engineer,2024-10,24,23,95.8,0.6,0,0.0,1,0.183,1.069
OFF-0217,BLDG,Assistant Engineer,2024-11,33,25,75.8,6.8,0,0.0,1,0.476,1.069
OFF-0217,BLDG,Assistant Engineer,2024-12,24,21,87.5,0.5,0,0.0,0,0.179,1.069
OFF-0218,BLDG,Town Planner,2022-01,36,35,97.2,7.6,0,0.0,0,0.524,1.123
OFF-0218,BLDG,Town Planner,2022-02,32,24,75.0,0.5,0,0.0,1,0.232,1.123
OFF-0218,BLDG,Town Planner,2022-03,32,26,81.2,2.5,0,0.0,1,0.308,1.123
OFF-0218,BLDG,Town Planner,2022-04,34,32,94.1,5.4,0,0.0,0,0.429,1.123
OFF-0218,BLDG,Town Planner,2022-05,41,30,73.2,0.9,0,0.0,0,0.305,1.123
OFF-0218,BLDG,Town Planner,2022-06,52,40,76.9,4.8,0,0.0,1,0.528,1.123
OFF-0218,BLDG,Town Planner,2022-07,73,58,79.5,3.9,0,0.0,0,0.545,1.123
OFF-0218,BLDG,Town Planner,2022-08,60,54,90.0,0.5,0,0.0,0,0.419,1.123
OFF-0218,BLDG,Town Planner,2022-09,47,35,74.5,3.9,0,0.0,0,0.46,1.123
OFF-0218,BLDG,Town Planner,2022-10,33,26,78.8,2.6,0,0.0,2,0.318,1.123
OFF-0218,BLDG,Town Planner,2022-11,41,35,85.4,4.4,0,0.0,1,0.437,1.123
OFF-0218,BLDG,Town Planner,2022-12,33,32,97.0,6.2,0,0.0,3,0.453,1.123
OFF-0218,BLDG,Town Planner,2023-01,32,31,96.9,4.2,0,0.0,2,0.369,1.123
OFF-0218,BLDG,Town Planner,2023-02,34,26,76.5,6.6,0,0.0,2,0.473,1.123
OFF-0218,BLDG,Town Planner,2023-03,45,35,77.8,4.6,0,0.0,1,0.471,1.123
OFF-0218,BLDG,Town Planner,2023-04,45,35,77.8,2.8,0,0.0,1,0.405,1.123
OFF-0218,BLDG,Town Planner,2023-05,40,30,75.0,8.1,0,0.0,2,0.567,1.123
OFF-0218,BLDG,Town Planner,2023-06,72,68,94.4,2.1,0,0.0,1,0.478,1.123
OFF-0218,BLDG,Town Planner,2023-07,58,56,96.6,4.8,0,0.0,1,0.565,1.123
OFF-0218,BLDG,Town Planner,2023-08,54,39,72.2,4.8,0,0.0,1,0.541,1.123
OFF-0218,BLDG,Town Planner,2023-09,57,55,96.5,3.8,0,0.0,2,0.523,1.123
OFF-0218,BLDG,Town Planner,2023-10,38,36,94.7,7.4,0,0.0,0,0.529,1.123
OFF-0218,BLDG,Town Planner,2023-11,35,30,85.7,5.2,0,0.0,0,0.429,1.123
OFF-0218,BLDG,Town Planner,2023-12,32,31,96.9,4.7,0,0.0,1,0.388,1.123
OFF-0218,BLDG,Town Planner,2024-01,35,29,82.9,2.7,0,0.0,0,0.333,1.123
OFF-0218,BLDG,Town Planner,2024-02,46,37,80.4,7.7,0,0.0,0,0.597,1.123
OFF-0218,BLDG,Town Planner,2024-03,34,31,91.2,3.9,0,0.0,1,0.372,1.123
OFF-0218,BLDG,Town Planner,2024-04,45,37,82.2,8.2,0,0.0,0,0.6,1.123
OFF-0218,BLDG,Town Planner,2024-05,39,38,97.4,2.3,0,0.0,2,0.346,1.123
OFF-0218,BLDG,Town Planner,2024-06,63,56,88.9,3.6,0,0.0,1,0.534,1.123
OFF-0218,BLDG,Town Planner,2024-07,68,66,97.1,6.9,0,0.0,2,0.659,1.123
OFF-0218,BLDG,Town Planner,2024-08,48,47,97.9,2.2,0,0.0,0,0.402,1.123
OFF-0218,BLDG,Town Planner,2024-09,51,49,96.1,2.9,0,0.0,1,0.447,1.123
OFF-0218,BLDG,Town Planner,2024-10,40,34,85.0,1.6,0,0.0,1,0.326,1.123
OFF-0218,BLDG,Town Planner,2024-11,32,29,90.6,6.4,0,0.0,0,0.451,1.123
OFF-0218,BLDG,Town Planner,2024-12,39,35,89.7,2.3,0,0.0,1,0.344,1.123
OFF-0219,BLDG,Assistant Engineer,2022-01,35,28,80.0,2.3,0,2.0,0,0.324,0.93
OFF-0219,BLDG,Assistant Engineer,2022-02,29,21,72.4,4.8,0,0.7,1,0.375,0.93
OFF-0219,BLDG,Assistant Engineer,2022-03,40,29,72.5,3.0,0,2.3,1,0.384,0.93
OFF-0219,BLDG,Assistant Engineer,2022-04,29,21,72.4,1.4,0,2.1,4,0.251,0.93
OFF-0219,BLDG,Assistant Engineer,2022-05,37,24,64.9,0.5,0,2.4,1,0.273,0.93
OFF-0219,BLDG,Assistant Engineer,2022-06,65,39,60.0,3.4,1,2.7,1,0.535,0.93
OFF-0219,BLDG,Assistant Engineer,2022-07,48,35,72.9,6.8,0,1.8,1,0.579,0.93
OFF-0219,BLDG,Assistant Engineer,2022-08,54,34,63.0,6.0,0,1.6,1,0.591,0.93
OFF-0219,BLDG,Assistant Engineer,2022-09,45,27,60.0,4.3,0,1.6,1,0.465,0.93
OFF-0219,BLDG,Assistant Engineer,2022-10,28,20,71.4,3.9,0,2.2,0,0.341,0.93
OFF-0219,BLDG,Assistant Engineer,2022-11,33,26,78.8,3.8,0,0.9,1,0.367,0.93
OFF-0219,BLDG,Assistant Engineer,2022-12,39,24,61.5,7.3,0,1.6,1,0.539,0.93
OFF-0219,BLDG,Assistant Engineer,2023-01,34,24,70.6,5.8,0,1.5,2,0.449,0.93
OFF-0219,BLDG,Assistant Engineer,2023-02,37,28,75.7,1.9,0,1.1,1,0.322,0.93
OFF-0219,BLDG,Assistant Engineer,2023-03,29,17,58.6,4.3,0,1.9,0,0.359,0.93
OFF-0219,BLDG,Assistant Engineer,2023-04,33,28,84.8,2.6,0,2.1,1,0.324,0.93
OFF-0219,BLDG,Assistant Engineer,2023-05,41,31,75.6,2.9,1,2.5,1,0.388,0.93
OFF-0219,BLDG,Assistant Engineer,2023-06,56,45,80.4,5.3,0,1.2,0,0.576,0.93
OFF-0219,BLDG,Assistant Engineer,2023-07,43,33,76.7,3.0,1,2.6,0,0.405,0.93
OFF-0219,BLDG,Assistant Engineer,2023-08,47,34,72.3,4.7,0,1.6,1,0.493,0.93
OFF-0219,BLDG,Assistant Engineer,2023-09,48,40,83.3,5.4,0,2.0,0,0.53,0.93
OFF-0219,BLDG,Assistant Engineer,2023-10,33,20,60.6,2.4,0,2.6,1,0.318,0.93
OFF-0219,BLDG,Assistant Engineer,2023-11,34,26,76.5,5.2,0,2.7,0,0.428,0.93
OFF-0219,BLDG,Assistant Engineer,2023-12,31,25,80.6,4.1,0,2.3,2,0.368,0.93
OFF-0219,BLDG,Assistant Engineer,2024-01,38,25,65.8,5.2,0,0.9,2,0.452,0.93
OFF-0219,BLDG,Assistant Engineer,2024-02,35,27,77.1,2.2,0,2.5,2,0.325,0.93
OFF-0219,BLDG,Assistant Engineer,2024-03,28,20,71.4,5.3,0,1.4,1,0.389,0.93
OFF-0219,BLDG,Assistant Engineer,2024-04,37,26,70.3,5.7,0,2.7,2,0.469,0.93
OFF-0219,BLDG,Assistant Engineer,2024-05,34,23,67.6,6.0,0,2.5,3,0.459,0.93
OFF-0219,BLDG,Assistant Engineer,2024-06,64,53,82.8,4.2,1,1.6,4,0.561,0.93
OFF-0219,BLDG,Assistant Engineer,2024-07,53,45,84.9,3.6,0,1.2,0,0.493,0.93
OFF-0219,BLDG,Assistant Engineer,2024-08,58,48,82.8,4.6,0,1.0,0,0.561,0.93
OFF-0219,BLDG,Assistant Engineer,2024-09,55,43,78.2,8.9,1,2.6,0,0.674,0.93
OFF-0219,BLDG,Assistant Engineer,2024-10,37,27,73.0,5.2,0,1.1,0,0.446,0.93
OFF-0219,BLDG,Assistant Engineer,2024-11,41,26,63.4,3.6,0,1.3,0,0.412,0.93
OFF-0219,BLDG,Assistant Engineer,2024-12,41,28,68.3,2.2,0,2.3,1,0.363,0.93
OFF-0220,BLDG,Building Inspector,2022-01,25,17,68.0,5.4,0,1.9,2,0.374,0.929
OFF-0220,BLDG,Building Inspector,2022-02,25,19,76.0,4.6,0,1.5,1,0.343,0.929
OFF-0220,BLDG,Building Inspector,2022-03,19,11,57.9,5.4,0,1.1,1,0.33,0.929
OFF-0220,BLDG,Building Inspector,2022-04,22,17,77.3,6.4,0,2.5,0,0.394,0.929
OFF-0220,BLDG,Building Inspector,2022-05,18,14,77.8,1.5,0,2.6,0,0.183,0.929
OFF-0220,BLDG,Building Inspector,2022-06,35,22,62.9,6.0,0,1.6,2,0.462,0.929
OFF-0220,BLDG,Building Inspector,2022-07,42,36,85.7,2.8,0,1.1,1,0.388,0.929
OFF-0220,BLDG,Building Inspector,2022-08,29,22,75.9,4.6,0,2.8,3,0.374,0.929
OFF-0220,BLDG,Building Inspector,2022-09,39,28,71.8,4.2,0,1.5,0,0.423,0.929
OFF-0220,BLDG,Building Inspector,2022-10,22,18,81.8,7.2,0,0.9,1,0.419,0.929
OFF-0220,BLDG,Building Inspector,2022-11,23,14,60.9,2.7,0,2.4,3,0.262,0.929
OFF-0220,BLDG,Building Inspector,2022-12,25,18,72.0,2.0,0,2.7,2,0.252,0.929
OFF-0220,BLDG,Building Inspector,2023-01,22,14,63.6,6.8,0,2.6,0,0.409,0.929
OFF-0220,BLDG,Building Inspector,2023-02,25,20,80.0,4.5,0,1.0,1,0.338,0.929
OFF-0220,BLDG,Building Inspector,2023-03,24,14,58.3,1.7,0,1.6,0,0.23,0.929
OFF-0220,BLDG,Building Inspector,2023-04,20,14,70.0,5.6,0,1.3,1,0.347,0.929
OFF-0220,BLDG,Building Inspector,2023-05,19,14,73.7,5.6,0,1.8,2,0.342,0.929
OFF-0220,BLDG,Building Inspector,2023-06,44,37,84.1,3.7,0,1.4,0,0.438,0.929
OFF-0220,BLDG,Building Inspector,2023-07,33,28,84.8,5.3,0,1.3,1,0.422,0.929
OFF-0220,BLDG,Building Inspector,2023-08,27,16,59.3,2.7,0,1.9,4,0.286,0.929
OFF-0220,BLDG,Building Inspector,2023-09,43,36,83.7,1.2,0,1.9,3,0.338,0.929
OFF-0220,BLDG,Building Inspector,2023-10,23,14,60.9,2.4,0,1.6,1,0.247,0.929
OFF-0220,BLDG,Building Inspector,2023-11,19,13,68.4,7.5,0,2.0,1,0.412,0.929
OFF-0220,BLDG,Building Inspector,2023-12,24,18,75.0,6.2,0,2.3,1,0.401,0.929
OFF-0220,BLDG,Building Inspector,2024-01,24,17,70.8,6.8,0,1.1,1,0.417,0.929
OFF-0220,BLDG,Building Inspector,2024-02,24,20,83.3,6.0,0,1.1,1,0.388,0.929
OFF-0220,BLDG,Building Inspector,2024-03,26,16,61.5,6.7,0,1.0,0,0.427,0.929
OFF-0220,BLDG,Building Inspector,2024-04,25,17,68.0,6.3,0,1.2,1,0.405,0.929
OFF-0220,BLDG,Building Inspector,2024-05,25,19,76.0,1.6,0,1.3,2,0.229,0.929
OFF-0220,BLDG,Building Inspector,2024-06,26,21,80.8,2.0,0,1.7,3,0.253,0.929
OFF-0220,BLDG,Building Inspector,2024-07,35,27,77.1,2.1,0,1.6,0,0.316,0.929
OFF-0220,BLDG,Building Inspector,2024-08,32,28,87.5,2.8,0,2.6,2,0.326,0.929
OFF-0220,BLDG,Building Inspector,2024-09,34,20,58.8,5.0,0,2.1,0,0.421,0.929
OFF-0220,BLDG,Building Inspector,2024-10,24,16,66.7,2.4,0,2.4,1,0.258,0.929
OFF-0220,BLDG,Building Inspector,2024-11,22,16,72.7,2.2,0,1.1,1,0.232,0.929
OFF-0220,BLDG,Building Inspector,2024-12,21,15,71.4,3.6,0,1.8,1,0.281,0.929
OFF-0221,BLDG,Building Inspector,2022-01,37,30,81.1,3.5,0,0.0,1,0.376,1.158
OFF-0221,BLDG,Building Inspector,2022-02,41,40,97.6,1.9,0,0.0,0,0.345,1.158
OFF-0221,BLDG,Building Inspector,2022-03,38,37,97.4,0.5,0,0.0,2,0.272,1.158
OFF-0221,BLDG,Building Inspector,2022-04,35,30,85.7,5.3,0,0.0,1,0.434,1.158
OFF-0221,BLDG,Building Inspector,2022-05,35,31,88.6,4.7,0,0.0,0,0.408,1.158
OFF-0221,BLDG,Building Inspector,2022-06,53,51,96.2,1.8,0,0.0,0,0.422,1.158
OFF-0221,BLDG,Building Inspector,2022-07,48,37,77.1,7.5,0,0.0,2,0.6,1.158
OFF-0221,BLDG,Building Inspector,2022-08,57,53,93.0,4.0,0,0.0,1,0.529,1.158
OFF-0221,BLDG,Building Inspector,2022-09,62,60,96.8,2.6,0,0.0,2,0.497,1.158
OFF-0221,BLDG,Building Inspector,2022-10,30,22,73.3,4.6,0,0.0,1,0.372,1.158
OFF-0221,BLDG,Building Inspector,2022-11,33,32,97.0,6.8,0,0.0,3,0.474,1.158
OFF-0221,BLDG,Building Inspector,2022-12,32,26,81.2,3.2,0,0.0,0,0.334,1.158
OFF-0221,BLDG,Building Inspector,2023-01,41,37,90.2,1.3,0,0.0,2,0.322,1.158
OFF-0221,BLDG,Building Inspector,2023-02,41,35,85.4,1.5,0,0.0,0,0.331,1.158
OFF-0221,BLDG,Building Inspector,2023-03,41,37,90.2,4.6,0,0.0,0,0.446,1.158
OFF-0221,BLDG,Building Inspector,2023-04,37,35,94.6,4.2,0,0.0,0,0.406,1.158
OFF-0221,BLDG,Building Inspector,2023-05,42,41,97.6,3.3,0,0.0,1,0.404,1.158
OFF-0221,BLDG,Building Inspector,2023-06,43,37,86.0,3.8,0,0.0,4,0.428,1.158
OFF-0221,BLDG,Building Inspector,2023-07,49,48,98.0,6.2,0,0.0,1,0.557,1.158
OFF-0221,BLDG,Building Inspector,2023-08,65,51,78.5,4.2,0,0.0,1,0.557,1.158
OFF-0221,BLDG,Building Inspector,2023-09,56,54,96.4,0.8,0,0.0,1,0.402,1.158
OFF-0221,BLDG,Building Inspector,2023-10,38,34,89.5,4.5,0,0.0,0,0.421,1.158
OFF-0221,BLDG,Building Inspector,2023-11,34,26,76.5,5.2,0,0.0,1,0.422,1.158
OFF-0221,BLDG,Building Inspector,2023-12,41,37,90.2,5.5,0,0.0,3,0.48,1.158
OFF-0221,BLDG,Building Inspector,2024-01,36,35,97.2,0.5,0,0.0,0,0.259,1.158
OFF-0221,BLDG,Building Inspector,2024-02,37,32,86.5,1.5,0,0.0,1,0.305,1.158
OFF-0221,BLDG,Building Inspector,2024-03,40,36,90.0,1.6,0,0.0,0,0.326,1.158
OFF-0221,BLDG,Building Inspector,2024-04,35,26,74.3,5.5,0,0.0,1,0.438,1.158
OFF-0221,BLDG,Building Inspector,2024-05,33,27,81.8,2.6,0,0.0,1,0.318,1.158
OFF-0221,BLDG,Building Inspector,2024-06,57,55,96.5,4.9,0,0.0,0,0.562,1.158
OFF-0221,BLDG,Building Inspector,2024-07,69,67,97.1,3.9,0,0.0,1,0.545,1.158
OFF-0221,BLDG,Building Inspector,2024-08,70,54,77.1,5.8,0,0.0,2,0.619,1.158
OFF-0221,BLDG,Building Inspector,2024-09,45,40,88.9,4.3,0,0.0,0,0.463,1.158
OFF-0221,BLDG,Building Inspector,2024-10,33,32,97.0,2.3,0,0.0,0,0.306,1.158
OFF-0221,BLDG,Building Inspector,2024-11,38,35,92.1,3.9,0,0.0,4,0.4,1.158
OFF-0221,BLDG,Building Inspector,2024-12,42,41,97.6,6.6,0,0.0,1,0.528,1.158
OFF-0222,BLDG,Building Inspector,2022-01,41,26,63.4,4.0,0,1.8,0,0.429,0.951
OFF-0222,BLDG,Building Inspector,2022-02,37,26,70.3,3.8,0,1.7,2,0.396,0.951
OFF-0222,BLDG,Building Inspector,2022-03,43,32,74.4,1.9,0,0.6,0,0.361,0.951
OFF-0222,BLDG,Building Inspector,2022-04,40,30,75.0,7.5,0,0.6,0,0.549,0.951
OFF-0222,BLDG,Building Inspector,2022-05,34,22,64.7,3.5,0,1.2,2,0.361,0.951
OFF-0222,BLDG,Building Inspector,2022-06,60,37,61.7,3.9,0,0.9,2,0.55,0.951
OFF-0222,BLDG,Building Inspector,2022-07,56,44,78.6,4.2,0,0.9,0,0.532,0.951
OFF-0222,BLDG,Building Inspector,2022-08,62,45,72.6,6.4,1,1.7,1,0.645,0.951
OFF-0222,BLDG,Building Inspector,2022-09,58,38,65.5,0.5,0,0.8,1,0.408,0.951
OFF-0222,BLDG,Building Inspector,2022-10,45,32,71.1,2.6,0,1.1,2,0.401,0.951
OFF-0222,BLDG,Building Inspector,2022-11,35,30,85.7,7.2,0,1.8,0,0.508,0.951
OFF-0222,BLDG,Building Inspector,2022-12,40,31,77.5,2.4,0,1.0,2,0.36,0.951
OFF-0222,BLDG,Building Inspector,2023-01,46,36,78.3,4.8,0,1.6,2,0.491,0.951
OFF-0222,BLDG,Building Inspector,2023-02,40,33,82.5,4.5,0,1.5,1,0.44,0.951
OFF-0222,BLDG,Building Inspector,2023-03,33,25,75.8,2.2,0,0.7,2,0.304,0.951
OFF-0222,BLDG,Building Inspector,2023-04,33,25,75.8,5.7,0,1.3,1,0.439,0.951
OFF-0222,BLDG,Building Inspector,2023-05,36,23,63.9,5.7,0,1.5,4,0.46,0.951
OFF-0222,BLDG,Building Inspector,2023-06,49,37,75.5,5.3,0,0.6,2,0.527,0.951
OFF-0222,BLDG,Building Inspector,2023-07,71,44,62.0,4.2,0,0.8,1,0.561,0.951
OFF-0222,BLDG,Building Inspector,2023-08,67,50,74.6,5.3,0,0.5,2,0.601,0.951
OFF-0222,BLDG,Building Inspector,2023-09,42,29,69.0,6.1,0,1.6,0,0.512,0.951
OFF-0222,BLDG,Building Inspector,2023-10,43,33,76.7,3.3,0,1.5,4,0.415,0.951
OFF-0222,BLDG,Building Inspector,2023-11,36,24,66.7,2.6,0,1.3,0,0.34,0.951
OFF-0222,BLDG,Building Inspector,2023-12,37,24,64.9,2.1,0,1.4,1,0.331,0.951
OFF-0222,BLDG,Building Inspector,2024-01,36,28,77.8,7.0,0,1.6,0,0.509,0.951
OFF-0222,BLDG,Building Inspector,2024-02,40,26,65.0,2.3,0,1.1,4,0.358,0.951
OFF-0222,BLDG,Building Inspector,2024-03,38,23,60.5,1.1,0,0.8,1,0.297,0.951
OFF-0222,BLDG,Building Inspector,2024-04,33,23,69.7,7.4,0,1.7,2,0.501,0.951
OFF-0222,BLDG,Building Inspector,2024-05,47,35,74.5,2.2,0,1.6,1,0.399,0.951
OFF-0222,BLDG,Building Inspector,2024-06,65,47,72.3,4.7,0,0.6,2,0.576,0.951
OFF-0222,BLDG,Building Inspector,2024-07,50,35,70.0,3.2,0,1.4,0,0.456,0.951
OFF-0222,BLDG,Building Inspector,2024-08,66,50,75.8,3.2,1,1.9,0,0.526,0.951
OFF-0222,BLDG,Building Inspector,2024-09,65,47,72.3,6.4,0,0.6,2,0.641,0.951
OFF-0222,BLDG,Building Inspector,2024-10,46,36,78.3,2.9,0,1.1,3,0.418,0.951
OFF-0222,BLDG,Building Inspector,2024-11,38,23,60.5,3.6,0,1.2,2,0.391,0.951
OFF-0222,BLDG,Building Inspector,2024-12,40,30,75.0,4.9,0,0.8,0,0.453,0.951
OFF-0223,BLDG,Assistant Engineer,2022-01,36,24,66.7,5.0,2,6.1,1,0.447,0.816
OFF-0223,BLDG,Assistant Engineer,2022-02,48,32,66.7,5.5,1,3.0,4,0.533,0.816
OFF-0223,BLDG,Assistant Engineer,2022-03,35,20,57.1,0.5,1,5.2,2,0.268,0.816
OFF-0223,BLDG,Assistant Engineer,2022-04,51,35,68.6,6.1,3,6.4,0,0.586,0.816
OFF-0223,BLDG,Assistant Engineer,2022-05,34,21,61.8,8.6,1,3.4,0,0.537,0.816
OFF-0223,BLDG,Assistant Engineer,2022-06,65,49,75.4,5.6,2,3.5,0,0.619,0.816
OFF-0223,BLDG,Assistant Engineer,2022-07,65,44,67.7,3.6,4,6.5,1,0.555,0.816
OFF-0223,BLDG,Assistant Engineer,2022-08,69,49,71.0,3.4,2,3.2,2,0.539,0.816
OFF-0223,BLDG,Assistant Engineer,2022-09,64,36,56.2,7.4,3,5.2,1,0.693,0.816
OFF-0223,BLDG,Assistant Engineer,2022-10,40,26,65.0,7.3,1,2.8,2,0.55,0.816
OFF-0223,BLDG,Assistant Engineer,2022-11,38,27,71.1,6.1,2,5.7,4,0.5,0.816
OFF-0223,BLDG,Assistant Engineer,2022-12,40,28,70.0,9.3,0,2.2,0,0.573,0.816
OFF-0223,BLDG,Assistant Engineer,2023-01,38,28,73.7,8.0,0,2.5,1,0.561,0.816
OFF-0223,BLDG,Assistant Engineer,2023-02,42,28,66.7,7.8,0,2.1,2,0.579,0.816
OFF-0223,BLDG,Assistant Engineer,2023-03,44,31,70.5,7.2,2,5.8,0,0.58,0.816
OFF-0223,BLDG,Assistant Engineer,2023-04,43,30,69.8,5.4,2,4.7,3,0.503,0.816
OFF-0223,BLDG,Assistant Engineer,2023-05,44,29,65.9,0.5,2,4.6,1,0.326,0.816
OFF-0223,BLDG,Assistant Engineer,2023-06,51,29,56.9,5.9,0,1.9,4,0.566,0.816
OFF-0223,BLDG,Assistant Engineer,2023-07,50,27,54.0,7.6,2,4.2,2,0.629,0.816
OFF-0223,BLDG,Assistant Engineer,2023-08,52,39,75.0,3.3,3,6.2,2,0.489,0.816
OFF-0223,BLDG,Assistant Engineer,2023-09,65,42,64.6,5.1,4,6.9,3,0.61,0.816
OFF-0223,BLDG,Assistant Engineer,2023-10,43,31,72.1,3.3,2,5.0,1,0.426,0.816
OFF-0223,BLDG,Assistant Engineer,2023-11,40,27,67.5,2.1,2,7.1,0,0.367,0.816
OFF-0223,BLDG,Assistant Engineer,2023-12,35,22,62.9,1.0,1,3.1,0,0.281,0.816
OFF-0223,BLDG,Assistant Engineer,2024-01,47,33,70.2,5.5,1,3.4,0,0.532,0.816
OFF-0223,BLDG,Assistant Engineer,2024-02,42,25,59.5,5.7,1,2.5,1,0.5,0.816
OFF-0223,BLDG,Assistant Engineer,2024-03,43,30,69.8,3.3,2,6.8,2,0.431,0.816
OFF-0223,BLDG,Assistant Engineer,2024-04,45,32,71.1,7.0,1,3.0,1,0.572,0.816
OFF-0223,BLDG,Assistant Engineer,2024-05,42,29,69.0,0.5,2,5.2,3,0.314,0.816
OFF-0223,BLDG,Assistant Engineer,2024-06,66,38,57.6,7.6,2,3.4,2,0.695,0.816
OFF-0223,BLDG,Assistant Engineer,2024-07,50,29,58.0,6.5,2,5.3,0,0.594,0.816
OFF-0223,BLDG,Assistant Engineer,2024-08,64,40,62.5,2.1,3,5.8,3,0.497,0.816
OFF-0223,BLDG,Assistant Engineer,2024-09,68,39,57.4,4.0,1,2.1,1,0.557,0.816
OFF-0223,BLDG,Assistant Engineer,2024-10,46,29,63.0,3.3,2,5.5,0,0.446,0.816
OFF-0223,BLDG,Assistant Engineer,2024-11,37,28,75.7,5.0,1,4.4,3,0.449,0.816
OFF-0223,BLDG,Assistant Engineer,2024-12,40,24,60.0,4.4,1,2.8,4,0.439,0.816
OFF-0224,BLDG,Assistant Engineer,2022-01,32,21,65.6,2.1,0,0.9,1,0.295,0.915
OFF-0224,BLDG,Assistant Engineer,2022-02,25,20,80.0,7.5,0,3.2,0,0.457,0.915
OFF-0224,BLDG,Assistant Engineer,2022-03,36,30,83.3,0.5,0,2.0,3,0.265,0.915
OFF-0224,BLDG,Assistant Engineer,2022-04,33,27,81.8,7.3,0,1.1,1,0.496,0.915
OFF-0224,BLDG,Assistant Engineer,2022-05,36,23,63.9,2.2,0,2.6,1,0.33,0.915
OFF-0224,BLDG,Assistant Engineer,2022-06,50,43,86.0,4.3,0,1.9,1,0.5,0.915
OFF-0224,BLDG,Assistant Engineer,2022-07,51,39,76.5,0.5,1,2.4,0,0.366,0.915
OFF-0224,BLDG,Assistant Engineer,2022-08,33,20,60.6,7.7,0,2.0,3,0.514,0.915
OFF-0224,BLDG,Assistant Engineer,2022-09,52,36,69.2,5.9,0,1.0,3,0.569,0.915
OFF-0224,BLDG,Assistant Engineer,2022-10,36,26,72.2,4.1,1,3.4,0,0.405,0.915
OFF-0224,BLDG,Assistant Engineer,2022-11,35,22,62.9,4.1,0,1.7,1,0.393,0.915
OFF-0224,BLDG,Assistant Engineer,2022-12,27,17,63.0,6.3,0,1.4,1,0.422,0.915
OFF-0224,BLDG,Assistant Engineer,2023-01,32,26,81.2,7.3,0,2.0,1,0.493,0.915
OFF-0224,BLDG,Assistant Engineer,2023-02,25,19,76.0,2.7,0,2.9,0,0.277,0.915
OFF-0224,BLDG,Assistant Engineer,2023-03,28,20,71.4,4.1,0,1.1,1,0.344,0.915
OFF-0224,BLDG,Assistant Engineer,2023-04,24,15,62.5,6.9,0,0.9,2,0.421,0.915
OFF-0224,BLDG,Assistant Engineer,2023-05,33,26,78.8,3.8,0,1.3,1,0.366,0.915
OFF-0224,BLDG,Assistant Engineer,2023-06,41,28,68.3,5.7,1,3.0,1,0.495,0.915
OFF-0224,BLDG,Assistant Engineer,2023-07,47,29,61.7,4.1,0,1.2,0,0.47,0.915
OFF-0224,BLDG,Assistant Engineer,2023-08,44,37,84.1,3.9,1,2.3,4,0.447,0.915
OFF-0224,BLDG,Assistant Engineer,2023-09,44,35,79.5,2.2,1,2.9,0,0.385,0.915
OFF-0224,BLDG,Assistant Engineer,2023-10,30,24,80.0,8.5,0,1.2,2,0.504,0.915
OFF-0224,BLDG,Assistant Engineer,2023-11,27,18,66.7,6.1,0,2.5,2,0.415,0.915
OFF-0224,BLDG,Assistant Engineer,2023-12,29,22,75.9,1.0,0,2.7,2,0.239,0.915
OFF-0224,BLDG,Assistant Engineer,2024-01,33,28,84.8,7.9,1,3.1,0,0.524,0.915
OFF-0224,BLDG,Assistant Engineer,2024-02,36,25,69.4,6.9,0,2.6,2,0.506,0.915
OFF-0224,BLDG,Assistant Engineer,2024-03,27,21,77.8,3.1,0,2.8,0,0.306,0.915
OFF-0224,BLDG,Assistant Engineer,2024-04,33,28,84.8,5.8,0,2.3,2,0.443,0.915
OFF-0224,BLDG,Assistant Engineer,2024-05,32,23,71.9,4.1,0,1.1,2,0.372,0.915
OFF-0224,BLDG,Assistant Engineer,2024-06,61,43,70.5,1.9,1,2.1,0,0.477,0.915
OFF-0224,BLDG,Assistant Engineer,2024-07,36,30,83.3,3.2,0,1.8,1,0.364,0.915
OFF-0224,BLDG,Assistant Engineer,2024-08,40,26,65.0,2.0,0,1.0,2,0.343,0.915
OFF-0224,BLDG,Assistant Engineer,2024-09,43,32,74.4,4.7,1,2.9,3,0.47,0.915
OFF-0224,BLDG,Assistant Engineer,2024-10,27,22,81.5,5.4,0,1.7,1,0.388,0.915
OFF-0224,BLDG,Assistant Engineer,2024-11,31,26,83.9,4.9,0,1.4,1,0.396,0.915
OFF-0224,BLDG,Assistant Engineer,2024-12,28,22,78.6,4.5,0,1.8,1,0.361,0.915
OFF-0225,BLDG,Assistant Engineer,2022-01,33,29,87.9,2.4,0,0.0,2,0.31,1.0
OFF-0225,BLDG,Assistant Engineer,2022-02,29,24,82.8,0.7,0,0.0,1,0.219,1.0
OFF-0225,BLDG,Assistant Engineer,2022-03,27,23,85.2,2.8,0,0.0,1,0.286,1.0
OFF-0225,BLDG,Assistant Engineer,2022-04,33,23,69.7,4.4,0,0.0,3,0.384,1.0
OFF-0225,BLDG,Assistant Engineer,2022-05,31,22,71.0,4.5,0,0.0,0,0.375,1.0
OFF-0225,BLDG,Assistant Engineer,2022-06,52,34,65.4,4.5,0,0.0,0,0.515,1.0
OFF-0225,BLDG,Assistant Engineer,2022-07,48,38,79.2,5.5,0,0.0,2,0.528,1.0
OFF-0225,BLDG,Assistant Engineer,2022-08,63,58,92.1,7.3,0,0.0,1,0.673,1.0
OFF-0225,BLDG,Assistant Engineer,2022-09,37,28,75.7,5.1,0,0.0,1,0.438,1.0
OFF-0225,BLDG,Assistant Engineer,2022-10,35,33,94.3,3.4,0,0.0,2,0.36,1.0
OFF-0225,BLDG,Assistant Engineer,2022-11,34,22,64.7,1.2,0,0.0,0,0.27,1.0
OFF-0225,BLDG,Assistant Engineer,2022-12,28,25,89.3,6.6,0,0.0,0,0.433,1.0
OFF-0225,BLDG,Assistant Engineer,2023-01,36,27,75.0,5.0,0,0.0,2,0.429,1.0
OFF-0225,BLDG,Assistant Engineer,2023-02,31,29,93.5,5.0,0,0.0,0,0.396,1.0
OFF-0225,BLDG,Assistant Engineer,2023-03,26,17,65.4,6.7,0,0.0,1,0.425,1.0
OFF-0225,BLDG,Assistant Engineer,2023-04,28,20,71.4,1.9,0,0.0,2,0.257,1.0
OFF-0225,BLDG,Assistant Engineer,2023-05,29,20,69.0,4.1,0,0.0,0,0.348,1.0
OFF-0225,BLDG,Assistant Engineer,2023-06,54,48,88.9,5.3,0,0.0,2,0.56,1.0
OFF-0225,BLDG,Assistant Engineer,2023-07,45,35,77.8,0.5,0,0.0,1,0.319,1.0
OFF-0225,BLDG,Assistant Engineer,2023-08,55,40,72.7,3.8,0,0.0,3,0.507,1.0
OFF-0225,BLDG,Assistant Engineer,2023-09,38,33,86.8,2.9,0,0.0,4,0.362,1.0
OFF-0225,BLDG,Assistant Engineer,2023-10,34,28,82.4,5.3,0,0.0,4,0.427,1.0
OFF-0225,BLDG,Assistant Engineer,2023-11,35,32,91.4,6.9,0,0.0,0,0.492,1.0
OFF-0225,BLDG,Assistant Engineer,2023-12,37,29,78.4,3.4,0,0.0,1,0.375,1.0
OFF-0225,BLDG,Assistant Engineer,2024-01,30,23,76.7,5.8,0,0.0,1,0.417,1.0
OFF-0225,BLDG,Assistant Engineer,2024-02,34,31,91.2,4.5,0,0.0,2,0.396,1.0
OFF-0225,BLDG,Assistant Engineer,2024-03,32,22,68.8,1.2,0,0.0,2,0.26,1.0
OFF-0225,BLDG,Assistant Engineer,2024-04,28,23,82.1,5.1,0,0.0,0,0.378,1.0
OFF-0225,BLDG,Assistant Engineer,2024-05,34,27,79.4,4.2,0,0.0,4,0.385,1.0
OFF-0225,BLDG,Assistant Engineer,2024-06,49,32,65.3,0.5,0,0.0,0,0.345,1.0
OFF-0225,BLDG,Assistant Engineer,2024-07,65,53,81.5,1.5,0,0.0,0,0.457,1.0
OFF-0225,BLDG,Assistant Engineer,2024-08,52,42,80.8,5.6,0,0.0,0,0.555,1.0
OFF-0225,BLDG,Assistant Engineer,2024-09,46,40,87.0,6.2,0,0.0,1,0.538,1.0
OFF-0225,BLDG,Assistant Engineer,2024-10,31,23,74.2,6.7,0,0.0,1,0.456,1.0
OFF-0225,BLDG,Assistant Engineer,2024-11,36,23,63.9,4.8,0,0.0,1,0.42,1.0
OFF-0225,BLDG,Assistant Engineer,2024-12,36,23,63.9,4.5,0,0.0,0,0.41,1.0
OFF-0226,BLDG,Assistant Engineer,2022-01,47,39,83.0,4.7,0,0.3,3,0.492,0.976
OFF-0226,BLDG,Assistant Engineer,2022-02,45,41,91.1,3.4,0,0.3,0,0.427,0.976
OFF-0226,BLDG,Assistant Engineer,2022-03,40,31,77.5,5.3,0,0.9,1,0.467,0.976
OFF-0226,BLDG,Assistant Engineer,2022-04,38,30,78.9,4.1,0,0.9,2,0.411,0.976
OFF-0226,BLDG,Assistant Engineer,2022-05,48,37,77.1,5.6,0,0.4,0,0.531,0.976
OFF-0226,BLDG,Assistant Engineer,2022-06,78,51,65.4,5.6,0,0.4,3,0.61,0.976
OFF-0226,BLDG,Assistant Engineer,2022-07,74,50,67.6,2.3,0,0.5,2,0.49,0.976
OFF-0226,BLDG,Assistant Engineer,2022-08,71,60,84.5,2.3,0,0.7,1,0.489,0.976
OFF-0226,BLDG,Assistant Engineer,2022-09,76,58,76.3,5.2,0,0.6,3,0.597,0.976
OFF-0226,BLDG,Assistant Engineer,2022-10,51,43,84.3,3.7,0,0.7,1,0.482,0.976
OFF-0226,BLDG,Assistant Engineer,2022-11,40,36,90.0,3.0,0,0.4,2,0.381,0.976
OFF-0226,BLDG,Assistant Engineer,2022-12,47,38,80.9,2.1,0,0.6,2,0.395,0.976
OFF-0226,BLDG,Assistant Engineer,2023-01,38,28,73.7,3.7,0,0.6,1,0.392,0.976
OFF-0226,BLDG,Assistant Engineer,2023-02,44,28,63.6,5.0,0,0.9,1,0.482,0.976
OFF-0226,BLDG,Assistant Engineer,2023-03,49,35,71.4,0.5,0,0.3,1,0.346,0.976
OFF-0226,BLDG,Assistant Engineer,2023-04,49,32,65.3,1.3,0,0.6,0,0.376,0.976
OFF-0226,BLDG,Assistant Engineer,2023-05,39,25,64.1,6.5,0,0.8,0,0.508,0.976
OFF-0226,BLDG,Assistant Engineer,2023-06,86,64,74.4,3.1,0,0.5,2,0.518,0.976
OFF-0226,BLDG,Assistant Engineer,2023-07,88,79,89.8,6.6,0,0.7,0,0.65,0.976
OFF-0226,BLDG,Assistant Engineer,2023-08,88,73,83.0,2.1,0,0.8,3,0.482,0.976
OFF-0226,BLDG,Assistant Engineer,2023-09,57,40,70.2,4.3,0,0.5,2,0.543,0.976
OFF-0226,BLDG,Assistant Engineer,2023-10,52,41,78.8,3.7,0,0.3,0,0.487,0.976
OFF-0226,BLDG,Assistant Engineer,2023-11,42,34,81.0,0.8,0,0.4,1,0.311,0.976
OFF-0226,BLDG,Assistant Engineer,2023-12,40,29,72.5,5.6,0,0.6,2,0.479,0.976
OFF-0226,BLDG,Assistant Engineer,2024-01,36,32,88.9,1.5,0,0.3,2,0.297,0.976
OFF-0226,BLDG,Assistant Engineer,2024-02,49,44,89.8,2.3,0,0.3,3,0.414,0.976
OFF-0226,BLDG,Assistant Engineer,2024-03,42,37,88.1,4.2,0,0.5,3,0.44,0.976
OFF-0226,BLDG,Assistant Engineer,2024-04,50,35,70.0,0.7,0,0.4,1,0.36,0.976
OFF-0226,BLDG,Assistant Engineer,2024-05,44,30,68.2,5.7,0,0.6,0,0.509,0.976
OFF-0226,BLDG,Assistant Engineer,2024-06,92,70,76.1,5.4,0,1.0,1,0.606,0.976
OFF-0226,BLDG,Assistant Engineer,2024-07,72,55,76.4,4.9,0,0.8,1,0.585,0.976
OFF-0226,BLDG,Assistant Engineer,2024-08,57,48,84.2,0.5,0,0.6,0,0.401,0.976
OFF-0226,BLDG,Assistant Engineer,2024-09,84,67,79.8,5.1,0,0.5,1,0.593,0.976
OFF-0226,BLDG,Assistant Engineer,2024-10,41,27,65.9,8.4,0,0.4,4,0.575,0.976
OFF-0226,BLDG,Assistant Engineer,2024-11,53,40,75.5,3.3,0,0.4,0,0.479,0.976
OFF-0226,BLDG,Assistant Engineer,2024-12,36,32,88.9,5.7,0,0.4,1,0.456,0.976
OFF-0227,BLDG,Assistant Engineer,2022-01,33,29,87.9,1.4,0,0.0,3,0.273,1.035
OFF-0227,BLDG,Assistant Engineer,2022-02,39,31,79.5,3.3,0,0.0,1,0.382,1.035
OFF-0227,BLDG,Assistant Engineer,2022-03,41,33,80.5,6.8,0,0.0,1,0.528,1.035
OFF-0227,BLDG,Assistant Engineer,2022-04,41,37,90.2,1.7,0,0.0,1,0.337,1.035
OFF-0227,BLDG,Assistant Engineer,2022-05,32,26,81.2,5.2,0,0.0,2,0.41,1.035
OFF-0227,BLDG,Assistant Engineer,2022-06,43,37,86.0,6.5,0,0.0,1,0.529,1.035
OFF-0227,BLDG,Assistant Engineer,2022-07,50,44,88.0,6.6,0,0.0,1,0.58,1.035
OFF-0227,BLDG,Assistant Engineer,2022-08,53,47,88.7,5.9,0,0.0,1,0.576,1.035
OFF-0227,BLDG,Assistant Engineer,2022-09,63,56,88.9,3.9,0,0.0,2,0.546,1.035
OFF-0227,BLDG,Assistant Engineer,2022-10,36,28,77.8,6.2,0,0.0,0,0.473,1.035
OFF-0227,BLDG,Assistant Engineer,2022-11,32,26,81.2,3.1,0,0.0,1,0.329,1.035
OFF-0227,BLDG,Assistant Engineer,2022-12,28,22,78.6,4.2,0,0.0,1,0.345,1.035
OFF-0227,BLDG,Assistant Engineer,2023-01,36,28,77.8,2.2,0,0.0,1,0.324,1.035
OFF-0227,BLDG,Assistant Engineer,2023-02,34,25,73.5,5.6,0,0.0,0,0.436,1.035
OFF-0227,BLDG,Assistant Engineer,2023-03,33,31,93.9,2.0,0,0.0,1,0.296,1.035
OFF-0227,BLDG,Assistant Engineer,2023-04,38,27,71.1,5.3,0,0.0,1,0.45,1.035
OFF-0227,BLDG,Assistant Engineer,2023-05,32,27,84.4,7.4,0,0.0,2,0.491,1.035
OFF-0227,BLDG,Assistant Engineer,2023-06,39,29,74.4,2.3,0,0.0,0,0.347,1.035
OFF-0227,BLDG,Assistant Engineer,2023-07,54,47,87.0,4.9,0,0.0,2,0.545,1.035
OFF-0227,BLDG,Assistant Engineer,2023-08,49,48,98.0,4.0,0,0.0,1,0.478,1.035
OFF-0227,BLDG,Assistant Engineer,2023-09,45,39,86.7,4.1,0,0.0,1,0.453,1.035
OFF-0227,BLDG,Assistant Engineer,2023-10,34,25,73.5,6.5,0,0.0,3,0.471,1.035
OFF-0227,BLDG,Assistant Engineer,2023-11,33,27,81.8,8.3,0,0.0,4,0.52,1.035
OFF-0227,BLDG,Assistant Engineer,2023-12,36,30,83.3,2.9,0,0.0,1,0.348,1.035
OFF-0227,BLDG,Assistant Engineer,2024-01,41,31,75.6,2.8,0,0.0,0,0.378,1.035
OFF-0227,BLDG,Assistant Engineer,2024-02,36,28,77.8,5.3,0,0.0,0,0.44,1.035
OFF-0227,BLDG,Assistant Engineer,2024-03,34,23,67.6,0.9,0,0.0,1,0.259,1.035
OFF-0227,BLDG,Assistant Engineer,2024-04,35,27,77.1,3.0,0,0.0,0,0.347,1.035
OFF-0227,BLDG,Assistant Engineer,2024-05,41,37,90.2,3.7,0,0.0,0,0.41,1.035
OFF-0227,BLDG,Assistant Engineer,2024-06,41,33,80.5,0.5,0,0.0,2,0.292,1.035
OFF-0227,BLDG,Assistant Engineer,2024-07,46,35,76.1,3.5,0,0.0,2,0.437,1.035
OFF-0227,BLDG,Assistant Engineer,2024-08,49,46,93.9,3.5,0,0.0,0,0.457,1.035
OFF-0227,BLDG,Assistant Engineer,2024-09,60,51,85.0,2.0,0,0.0,3,0.474,1.035
OFF-0227,BLDG,Assistant Engineer,2024-10,38,34,89.5,0.5,0,0.0,1,0.272,1.035
OFF-0227,BLDG,Assistant Engineer,2024-11,38,28,73.7,6.3,0,0.0,0,0.489,1.035
OFF-0227,BLDG,Assistant Engineer,2024-12,38,27,71.1,2.9,0,0.0,1,0.361,1.035
OFF-0228,BLDG,Assistant Engineer,2022-01,25,24,96.0,5.9,0,0.0,1,0.389,1.157
OFF-0228,BLDG,Assistant Engineer,2022-02,32,29,90.6,2.7,0,0.0,2,0.314,1.157
OFF-0228,BLDG,Assistant Engineer,2022-03,28,27,96.4,6.3,0,0.0,3,0.424,1.157
OFF-0228,BLDG,Assistant Engineer,2022-04,26,20,76.9,4.7,0,0.0,0,0.35,1.157
OFF-0228,BLDG,Assistant Engineer,2022-05,35,28,80.0,3.1,0,0.0,1,0.348,1.157
OFF-0228,BLDG,Assistant Engineer,2022-06,43,40,93.0,4.3,0,0.0,0,0.446,1.157
OFF-0228,BLDG,Assistant Engineer,2022-07,39,32,82.1,3.9,0,0.0,3,0.406,1.157
OFF-0228,BLDG,Assistant Engineer,2022-08,44,43,97.7,4.3,0,0.0,0,0.455,1.157
OFF-0228,BLDG,Assistant Engineer,2022-09,54,51,94.4,4.7,0,0.0,3,0.535,1.157
OFF-0228,BLDG,Assistant Engineer,2022-10,35,34,97.1,2.4,0,0.0,3,0.323,1.157
OFF-0228,BLDG,Assistant Engineer,2022-11,34,33,97.1,2.7,0,0.0,2,0.327,1.157
OFF-0228,BLDG,Assistant Engineer,2022-12,26,24,92.3,1.9,0,0.0,0,0.245,1.157
OFF-0228,BLDG,Assistant Engineer,2023-01,34,33,97.1,3.3,0,0.0,1,0.352,1.157
OFF-0228,BLDG,Assistant Engineer,2023-02,25,24,96.0,1.3,0,0.0,2,0.217,1.157
OFF-0228,BLDG,Assistant Engineer,2023-03,30,26,86.7,3.9,0,0.0,0,0.348,1.157
OFF-0228,BLDG,Assistant Engineer,2023-04,25,24,96.0,7.4,0,0.0,1,0.443,1.157
OFF-0228,BLDG,Assistant Engineer,2023-05,35,34,97.1,3.4,0,0.0,0,0.362,1.157
OFF-0228,BLDG,Assistant Engineer,2023-06,47,45,95.7,3.1,0,0.0,2,0.429,1.157
OFF-0228,BLDG,Assistant Engineer,2023-07,62,55,88.7,1.6,0,0.0,1,0.459,1.157
OFF-0228,BLDG,Assistant Engineer,2023-08,33,25,75.8,4.7,0,0.0,0,0.397,1.157
OFF-0228,BLDG,Assistant Engineer,2023-09,55,53,96.4,3.0,0,0.0,0,0.48,1.157
OFF-0228,BLDG,Assistant Engineer,2023-10,33,26,78.8,5.4,0,0.0,3,0.421,1.157
OFF-0228,BLDG,Assistant Engineer,2023-11,35,34,97.1,3.6,0,0.0,0,0.367,1.157
OFF-0228,BLDG,Assistant Engineer,2023-12,31,26,83.9,2.6,0,0.0,3,0.304,1.157
OFF-0228,BLDG,Assistant Engineer,2024-01,29,27,93.1,3.4,0,0.0,1,0.321,1.157
OFF-0228,BLDG,Assistant Engineer,2024-02,32,30,93.8,2.6,0,0.0,0,0.312,1.157
OFF-0228,BLDG,Assistant Engineer,2024-03,33,30,90.9,1.8,0,0.0,0,0.289,1.157
OFF-0228,BLDG,Assistant Engineer,2024-04,32,29,90.6,3.4,0,0.0,0,0.341,1.157
OFF-0228,BLDG,Assistant Engineer,2024-05,25,19,76.0,2.7,0,0.0,0,0.269,1.157
OFF-0228,BLDG,Assistant Engineer,2024-06,50,45,90.0,5.6,0,0.0,1,0.542,1.157
OFF-0228,BLDG,Assistant Engineer,2024-07,44,38,86.4,2.8,0,0.0,4,0.397,1.157
OFF-0228,BLDG,Assistant Engineer,2024-08,49,48,98.0,4.2,0,0.0,0,0.483,1.157
OFF-0228,BLDG,Assistant Engineer,2024-09,53,45,84.9,1.3,0,0.0,3,0.402,1.157
OFF-0228,BLDG,Assistant Engineer,2024-10,29,27,93.1,3.7,0,0.0,1,0.333,1.157
OFF-0228,BLDG,Assistant Engineer,2024-11,24,22,91.7,3.5,0,0.0,3,0.292,1.157
OFF-0228,BLDG,Assistant Engineer,2024-12,35,29,82.9,2.3,0,0.0,2,0.32,1.157
OFF-0229,BLDG,Building Inspector,2022-01,33,32,97.0,2.8,0,0.0,1,0.326,1.166
OFF-0229,BLDG,Building Inspector,2022-02,43,38,88.4,1.0,0,0.0,0,0.326,1.166
OFF-0229,BLDG,Building Inspector,2022-03,45,44,97.8,3.1,0,0.0,0,0.418,1.166
OFF-0229,BLDG,Building Inspector,2022-04,34,31,91.2,2.9,0,0.0,2,0.335,1.166
OFF-0229,BLDG,Building Inspector,2022-05,32,31,96.9,5.1,0,0.0,2,0.403,1.166
OFF-0229,BLDG,Building Inspector,2022-06,73,65,89.0,0.8,0,0.0,0,0.43,1.166
OFF-0229,BLDG,Building Inspector,2022-07,75,64,85.3,3.4,0,0.0,1,0.527,1.166
OFF-0229,BLDG,Building Inspector,2022-08,70,68,97.1,2.1,0,0.0,3,0.479,1.166
OFF-0229,BLDG,Building Inspector,2022-09,66,50,75.8,5.4,0,0.0,4,0.602,1.166
OFF-0229,BLDG,Building Inspector,2022-10,40,34,85.0,5.3,0,0.0,1,0.466,1.166
OFF-0229,BLDG,Building Inspector,2022-11,40,39,97.5,2.7,0,0.0,1,0.369,1.166
OFF-0229,BLDG,Building Inspector,2022-12,31,29,93.5,0.8,0,0.0,0,0.238,1.166
OFF-0229,BLDG,Building Inspector,2023-01,35,34,97.1,4.2,0,0.0,0,0.392,1.166
OFF-0229,BLDG,Building Inspector,2023-02,46,39,84.8,6.6,0,0.0,3,0.554,1.166
OFF-0229,BLDG,Building Inspector,2023-03,32,30,93.8,6.1,0,0.0,3,0.443,1.166
OFF-0229,BLDG,Building Inspector,2023-04,32,30,93.8,3.9,0,0.0,1,0.358,1.166
OFF-0229,BLDG,Building Inspector,2023-05,43,35,81.4,2.2,0,0.0,2,0.369,1.166
OFF-0229,BLDG,Building Inspector,2023-06,64,54,84.4,0.5,0,0.0,0,0.419,1.166
OFF-0229,BLDG,Building Inspector,2023-07,52,48,92.3,7.6,0,0.0,2,0.633,1.166
OFF-0229,BLDG,Building Inspector,2023-08,53,51,96.2,3.7,0,0.0,0,0.49,1.166
OFF-0229,BLDG,Building Inspector,2023-09,63,60,95.2,4.6,0,0.0,2,0.574,1.166
OFF-0229,BLDG,Building Inspector,2023-10,31,30,96.8,5.0,0,0.0,4,0.394,1.166
OFF-0229,BLDG,Building Inspector,2023-11,40,39,97.5,3.6,0,0.0,1,0.402,1.166
OFF-0229,BLDG,Building Inspector,2023-12,31,30,96.8,3.5,0,0.0,0,0.338,1.166
OFF-0229,BLDG,Building Inspector,2024-01,41,40,97.6,1.8,0,0.0,0,0.342,1.166
OFF-0229,BLDG,Building Inspector,2024-02,40,31,77.5,3.7,0,0.0,1,0.406,1.166
OFF-0229,BLDG,Building Inspector,2024-03,39,32,82.1,4.9,0,0.0,0,0.444,1.166
OFF-0229,BLDG,Building Inspector,2024-04,32,27,84.4,1.7,0,0.0,1,0.278,1.166
OFF-0229,BLDG,Building Inspector,2024-05,39,35,89.7,2.6,0,0.0,3,0.358,1.166
OFF-0229,BLDG,Building Inspector,2024-06,79,61,77.2,1.7,0,0.0,0,0.462,1.166
OFF-0229,BLDG,Building Inspector,2024-07,52,50,96.2,0.5,0,0.0,0,0.365,1.166
OFF-0229,BLDG,Building Inspector,2024-08,50,49,98.0,3.7,0,0.0,3,0.473,1.166
OFF-0229,BLDG,Building Inspector,2024-09,71,62,87.3,5.9,0,0.0,1,0.62,1.166
OFF-0229,BLDG,Building Inspector,2024-10,40,33,82.5,1.8,0,0.0,0,0.333,1.166
OFF-0229,BLDG,Building Inspector,2024-11,45,38,84.4,5.1,0,0.0,1,0.49,1.166
OFF-0229,BLDG,Building Inspector,2024-12,31,30,96.8,0.5,0,0.0,1,0.225,1.166
OFF-0230,SWM,Coordinator,2022-01,31,17,54.8,1.6,0,2.9,1,0.449,0.867
OFF-0230,SWM,Coordinator,2022-02,31,19,61.3,1.6,0,3.0,2,0.454,0.867
OFF-0230,SWM,Coordinator,2022-03,30,24,80.0,1.0,0,1.7,0,0.354,0.867
OFF-0230,SWM,Coordinator,2022-04,32,21,65.6,0.9,1,4.0,2,0.359,0.867
OFF-0230,SWM,Coordinator,2022-05,30,22,73.3,1.9,1,4.3,0,0.502,0.867
OFF-0230,SWM,Coordinator,2022-06,42,27,64.3,1.1,1,3.0,1,0.46,0.867
OFF-0230,SWM,Coordinator,2022-07,48,36,75.0,1.4,2,4.6,0,0.545,0.867
OFF-0230,SWM,Coordinator,2022-08,45,30,66.7,0.8,1,2.6,1,0.426,0.867
OFF-0230,SWM,Coordinator,2022-09,54,44,81.5,1.0,2,3.9,0,0.523,0.867
OFF-0230,SWM,Coordinator,2022-10,24,16,66.7,1.4,0,1.8,2,0.379,0.867
OFF-0230,SWM,Coordinator,2022-11,26,14,53.8,0.7,0,3.4,0,0.29,0.867
OFF-0230,SWM,Coordinator,2022-12,31,19,61.3,1.0,0,2.8,2,0.359,0.867
OFF-0230,SWM,Coordinator,2023-01,29,19,65.5,0.8,0,3.3,3,0.323,0.867
OFF-0230,SWM,Coordinator,2023-02,25,16,64.0,0.8,0,2.6,1,0.293,0.867
OFF-0230,SWM,Coordinator,2023-03,25,16,64.0,0.5,0,2.6,0,0.249,0.867
OFF-0230,SWM,Coordinator,2023-04,32,24,75.0,1.4,1,4.4,0,0.435,0.867
OFF-0230,SWM,Coordinator,2023-05,25,15,60.0,1.0,0,3.0,0,0.324,0.867
OFF-0230,SWM,Coordinator,2023-06,35,27,77.1,0.6,0,2.6,2,0.329,0.867
OFF-0230,SWM,Coordinator,2023-07,41,26,63.4,1.1,1,3.8,0,0.45,0.867
OFF-0230,SWM,Coordinator,2023-08,35,25,71.4,0.6,1,3.3,2,0.33,0.867
OFF-0230,SWM,Coordinator,2023-09,39,31,79.5,1.5,0,2.1,0,0.485,0.867
OFF-0230,SWM,Coordinator,2023-10,31,18,58.1,1.1,0,1.9,0,0.38,0.867
OFF-0230,SWM,Coordinator,2023-11,30,17,56.7,1.3,1,4.0,0,0.401,0.867
OFF-0230,SWM,Coordinator,2023-12,28,22,78.6,0.9,1,3.9,1,0.333,0.867
OFF-0230,SWM,Coordinator,2024-01,33,18,54.5,1.9,0,2.0,3,0.508,0.867
OFF-0230,SWM,Coordinator,2024-02,28,18,64.3,1.2,0,1.9,0,0.37,0.867
OFF-0230,SWM,Coordinator,2024-03,30,17,56.7,0.5,1,4.9,1,0.29,0.867
OFF-0230,SWM,Coordinator,2024-04,33,22,66.7,1.2,1,5.3,1,0.415,0.867
OFF-0230,SWM,Coordinator,2024-05,22,14,63.6,1.1,1,5.0,1,0.321,0.867
OFF-0230,SWM,Coordinator,2024-06,48,36,75.0,1.0,0,1.9,2,0.476,0.867
OFF-0230,SWM,Coordinator,2024-07,57,40,70.2,1.4,2,4.1,4,0.6,0.867
OFF-0230,SWM,Coordinator,2024-08,35,22,62.9,0.7,1,4.9,2,0.354,0.867
OFF-0230,SWM,Coordinator,2024-09,50,32,64.0,1.1,2,4.1,2,0.511,0.867
OFF-0230,SWM,Coordinator,2024-10,27,16,59.3,1.5,1,4.5,0,0.418,0.867
OFF-0230,SWM,Coordinator,2024-11,24,17,70.8,1.1,0,3.9,1,0.342,0.867
OFF-0230,SWM,Coordinator,2024-12,30,18,60.0,2.3,1,4.0,1,0.512,0.867
OFF-0231,SWM,Sanitary Inspector,2022-01,17,8,47.1,2.0,1,6.9,0,0.434,0.722
OFF-0231,SWM,Sanitary Inspector,2022-02,17,10,58.8,1.5,1,10.6,0,0.363,0.722
OFF-0231,SWM,Sanitary Inspector,2022-03,19,12,63.2,0.5,1,8.6,0,0.228,0.722
OFF-0231,SWM,Sanitary Inspector,2022-04,15,9,60.0,1.6,0,6.1,2,0.355,0.722
OFF-0231,SWM,Sanitary Inspector,2022-05,16,9,56.2,2.0,1,10.6,2,0.433,0.722
OFF-0231,SWM,Sanitary Inspector,2022-06,20,9,45.0,1.6,0,3.7,1,0.385,0.722
OFF-0231,SWM,Sanitary Inspector,2022-07,26,15,57.7,1.7,1,3.9,1,0.442,0.722
OFF-0231,SWM,Sanitary Inspector,2022-08,21,10,47.6,1.1,1,5.3,0,0.317,0.722
OFF-0231,SWM,Sanitary Inspector,2022-09,24,12,50.0,1.0,2,8.9,1,0.337,0.722
OFF-0231,SWM,Sanitary Inspector,2022-10,12,6,50.0,1.6,1,9.3,1,0.353,0.722
OFF-0231,SWM,Sanitary Inspector,2022-11,15,10,66.7,1.3,0,3.3,0,0.298,0.722
OFF-0231,SWM,Sanitary Inspector,2022-12,17,8,47.1,1.3,1,10.0,1,0.341,0.722
OFF-0231,SWM,Sanitary Inspector,2023-01,17,9,52.9,1.2,1,9.5,1,0.317,0.722
OFF-0231,SWM,Sanitary Inspector,2023-02,18,10,55.6,1.2,0,4.4,0,0.319,0.722
OFF-0231,SWM,Sanitary Inspector,2023-03,13,8,61.5,0.6,1,9.1,4,0.2,0.722
OFF-0231,SWM,Sanitary Inspector,2023-04,15,9,60.0,1.9,1,7.5,0,0.401,0.722
OFF-0231,SWM,Sanitary Inspector,2023-05,18,11,61.1,1.1,1,6.9,1,0.307,0.722
OFF-0231,SWM,Sanitary Inspector,2023-06,21,10,47.6,0.8,2,10.8,1,0.299,0.722
OFF-0231,SWM,Sanitary Inspector,2023-07,26,13,50.0,0.9,2,10.2,1,0.337,0.722
OFF-0231,SWM,Sanitary Inspector,2023-08,20,12,60.0,0.9,0,4.8,0,0.279,0.722
OFF-0231,SWM,Sanitary Inspector,2023-09,27,18,66.7,1.6,1,3.8,0,0.426,0.722
OFF-0231,SWM,Sanitary Inspector,2023-10,16,8,50.0,1.3,0,2.9,3,0.315,0.722
OFF-0231,SWM,Sanitary Inspector,2023-11,15,8,53.3,1.0,1,9.7,1,0.282,0.722
OFF-0231,SWM,Sanitary Inspector,2023-12,13,8,61.5,2.1,0,3.6,1,0.398,0.722
OFF-0231,SWM,Sanitary Inspector,2024-01,19,10,52.6,1.0,1,5.7,0,0.294,0.722
OFF-0231,SWM,Sanitary Inspector,2024-02,18,9,50.0,0.5,0,2.9,0,0.204,0.722
OFF-0231,SWM,Sanitary Inspector,2024-03,14,7,50.0,1.3,1,8.0,1,0.305,0.722
OFF-0231,SWM,Sanitary Inspector,2024-04,14,6,42.9,0.5,1,9.6,2,0.197,0.722
OFF-0231,SWM,Sanitary Inspector,2024-05,13,7,53.8,1.5,0,4.8,0,0.33,0.722
OFF-0231,SWM,Sanitary Inspector,2024-06,27,17,63.0,1.2,0,3.3,0,0.377,0.722
OFF-0231,SWM,Sanitary Inspector,2024-07,23,11,47.8,1.3,2,9.6,2,0.379,0.722
OFF-0231,SWM,Sanitary Inspector,2024-08,19,12,63.2,2.2,2,10.9,0,0.459,0.722
OFF-0231,SWM,Sanitary Inspector,2024-09,18,9,50.0,2.5,0,3.4,0,0.43,0.722
OFF-0231,SWM,Sanitary Inspector,2024-10,18,9,50.0,1.2,0,3.1,0,0.304,0.722
OFF-0231,SWM,Sanitary Inspector,2024-11,16,9,56.2,1.4,1,6.4,0,0.335,0.722
OFF-0231,SWM,Sanitary Inspector,2024-12,19,12,63.2,0.9,1,6.1,2,0.278,0.722
OFF-0232,SWM,Sanitary Inspector,2022-01,20,19,95.0,0.6,0,0.0,1,0.225,1.252
OFF-0232,SWM,Sanitary Inspector,2022-02,15,13,86.7,0.6,0,0.0,0,0.194,1.252
OFF-0232,SWM,Sanitary Inspector,2022-03,19,17,89.5,0.8,0,0.0,3,0.247,1.252
OFF-0232,SWM,Sanitary Inspector,2022-04,16,15,93.8,0.5,0,0.0,1,0.182,1.252
OFF-0232,SWM,Sanitary Inspector,2022-05,17,16,94.1,0.9,0,0.0,0,0.25,1.252
OFF-0232,SWM,Sanitary Inspector,2022-06,23,22,95.7,0.5,0,0.0,1,0.228,1.252
OFF-0232,SWM,Sanitary Inspector,2022-07,35,31,88.6,1.2,0,0.0,2,0.408,1.252
OFF-0232,SWM,Sanitary Inspector,2022-08,25,24,96.0,0.5,0,0.0,1,0.242,1.252
OFF-0232,SWM,Sanitary Inspector,2022-09,28,27,96.4,0.5,0,0.0,3,0.262,1.252
OFF-0232,SWM,Sanitary Inspector,2022-10,18,16,88.9,0.9,0,0.0,0,0.253,1.252
OFF-0232,SWM,Sanitary Inspector,2022-11,18,17,94.4,0.5,0,0.0,0,0.195,1.252
OFF-0232,SWM,Sanitary Inspector,2022-12,16,15,93.8,0.9,0,0.0,0,0.245,1.252
OFF-0232,SWM,Sanitary Inspector,2023-01,20,19,95.0,0.8,0,0.0,1,0.254,1.252
OFF-0232,SWM,Sanitary Inspector,2023-02,21,20,95.2,0.7,0,0.0,2,0.248,1.252
OFF-0232,SWM,Sanitary Inspector,2023-03,20,19,95.0,0.5,0,0.0,1,0.208,1.252
OFF-0232,SWM,Sanitary Inspector,2023-04,17,16,94.1,0.6,0,0.0,1,0.204,1.252
OFF-0232,SWM,Sanitary Inspector,2023-05,20,19,95.0,0.8,0,0.0,1,0.26,1.252
OFF-0232,SWM,Sanitary Inspector,2023-06,30,29,96.7,0.9,0,0.0,0,0.337,1.252
OFF-0232,SWM,Sanitary Inspector,2023-07,26,25,96.2,0.5,0,0.0,0,0.248,1.252
OFF-0232,SWM,Sanitary Inspector,2023-08,32,30,93.8,1.0,0,0.0,1,0.371,1.252
OFF-0232,SWM,Sanitary Inspector,2023-09,27,22,81.5,0.5,0,0.0,1,0.255,1.252
OFF-0232,SWM,Sanitary Inspector,2023-10,20,18,90.0,0.5,0,0.0,0,0.208,1.252
OFF-0232,SWM,Sanitary Inspector,2023-11,18,14,77.8,0.5,0,0.0,0,0.195,1.252
OFF-0232,SWM,Sanitary Inspector,2023-12,19,18,94.7,0.6,0,0.0,1,0.213,1.252
OFF-0232,SWM,Sanitary Inspector,2024-01,18,17,94.4,0.9,0,0.0,1,0.254,1.252
OFF-0232,SWM,Sanitary Inspector,2024-02,18,17,94.4,1.7,0,0.0,3,0.376,1.252
OFF-0232,SWM,Sanitary Inspector,2024-03,18,17,94.4,0.5,0,0.0,3,0.195,1.252
OFF-0232,SWM,Sanitary Inspector,2024-04,21,17,81.0,0.5,0,0.0,0,0.215,1.252
OFF-0232,SWM,Sanitary Inspector,2024-05,16,15,93.8,1.3,0,0.0,3,0.306,1.252
OFF-0232,SWM,Sanitary Inspector,2024-06,28,27,96.4,1.9,0,0.0,3,0.471,1.252
OFF-0232,SWM,Sanitary Inspector,2024-07,29,28,96.6,0.9,0,0.0,0,0.334,1.252
OFF-0232,SWM,Sanitary Inspector,2024-08,30,28,93.3,1.0,0,0.0,0,0.348,1.252
OFF-0232,SWM,Sanitary Inspector,2024-09,21,20,95.2,0.7,0,0.0,2,0.244,1.252
OFF-0232,SWM,Sanitary Inspector,2024-10,14,12,85.7,1.1,0,0.0,2,0.261,1.252
OFF-0232,SWM,Sanitary Inspector,2024-11,17,14,82.4,0.7,0,0.0,2,0.221,1.252
OFF-0232,SWM,Sanitary Inspector,2024-12,14,13,92.9,1.2,0,0.0,1,0.266,1.252
OFF-0233,SWM,Sanitary Inspector,2022-01,39,33,84.6,0.6,0,0.0,3,0.349,1.149
OFF-0233,SWM,Sanitary Inspector,2022-02,44,43,97.7,0.9,0,0.0,0,0.433,1.149
OFF-0233,SWM,Sanitary Inspector,2022-03,48,38,79.2,1.1,0,0.0,2,0.49,1.149
OFF-0233,SWM,Sanitary Inspector,2022-04,41,40,97.6,0.9,0,0.0,1,0.415,1.149
OFF-0233,SWM,Sanitary Inspector,2022-05,45,43,95.6,0.5,0,0.0,2,0.375,1.149
OFF-0233,SWM,Sanitary Inspector,2022-06,69,67,97.1,1.1,0,0.0,0,0.563,1.149
OFF-0233,SWM,Sanitary Inspector,2022-07,72,55,76.4,1.2,0,0.0,1,0.575,1.149
OFF-0233,SWM,Sanitary Inspector,2022-08,68,66,97.1,0.8,0,0.0,3,0.513,1.149
OFF-0233,SWM,Sanitary Inspector,2022-09,51,42,82.4,1.2,0,0.0,1,0.519,1.149
OFF-0233,SWM,Sanitary Inspector,2022-10,52,47,90.4,0.7,0,0.0,0,0.452,1.149
OFF-0233,SWM,Sanitary Inspector,2022-11,38,34,89.5,1.7,0,0.0,1,0.502,1.149
OFF-0233,SWM,Sanitary Inspector,2022-12,40,32,80.0,0.9,0,0.0,0,0.401,1.149
OFF-0233,SWM,Sanitary Inspector,2023-01,39,34,87.2,1.6,0,0.0,3,0.494,1.149
OFF-0233,SWM,Sanitary Inspector,2023-02,44,43,97.7,0.5,0,0.0,3,0.368,1.149
OFF-0233,SWM,Sanitary Inspector,2023-03,38,37,97.4,1.5,0,0.0,1,0.486,1.149
OFF-0233,SWM,Sanitary Inspector,2023-04,35,32,91.4,1.2,0,0.0,2,0.408,1.149
OFF-0233,SWM,Sanitary Inspector,2023-05,45,43,95.6,1.3,0,0.0,0,0.502,1.149
OFF-0233,SWM,Sanitary Inspector,2023-06,67,65,97.0,0.5,0,0.0,1,0.475,1.149
OFF-0233,SWM,Sanitary Inspector,2023-07,74,57,77.0,0.9,0,0.0,2,0.531,1.149
OFF-0233,SWM,Sanitary Inspector,2023-08,64,62,96.9,1.0,0,0.0,0,0.547,1.149
OFF-0233,SWM,Sanitary Inspector,2023-09,67,54,80.6,0.7,0,0.0,1,0.505,1.149
OFF-0233,SWM,Sanitary Inspector,2023-10,37,35,94.6,0.6,0,0.0,3,0.331,1.149
OFF-0233,SWM,Sanitary Inspector,2023-11,39,32,82.1,0.9,0,0.0,1,0.4,1.149
OFF-0233,SWM,Sanitary Inspector,2023-12,48,46,95.8,0.7,0,0.0,1,0.423,1.149
OFF-0233,SWM,Sanitary Inspector,2024-01,41,31,75.6,1.1,0,0.0,0,0.444,1.149
OFF-0233,SWM,Sanitary Inspector,2024-02,37,29,78.4,0.9,0,0.0,1,0.38,1.149
OFF-0233,SWM,Sanitary Inspector,2024-03,47,36,76.6,1.1,0,0.0,3,0.478,1.149
OFF-0233,SWM,Sanitary Inspector,2024-04,36,34,94.4,0.7,0,0.0,1,0.341,1.149
OFF-0233,SWM,Sanitary Inspector,2024-05,36,35,97.2,0.5,0,0.0,3,0.315,1.149
OFF-0233,SWM,Sanitary Inspector,2024-06,67,65,97.0,1.5,0,0.0,0,0.627,1.149
OFF-0233,SWM,Sanitary Inspector,2024-07,69,64,92.8,1.2,0,0.0,2,0.586,1.149
OFF-0233,SWM,Sanitary Inspector,2024-08,59,53,89.8,0.5,0,0.0,1,0.468,1.149
OFF-0233,SWM,Sanitary Inspector,2024-09,64,49,76.6,0.5,0,0.0,0,0.475,1.149
OFF-0233,SWM,Sanitary Inspector,2024-10,43,33,76.7,1.4,0,0.0,0,0.498,1.149
OFF-0233,SWM,Sanitary Inspector,2024-11,44,39,88.6,0.9,0,0.0,0,0.436,1.149
OFF-0233,SWM,Sanitary Inspector,2024-12,42,41,97.6,0.7,0,0.0,0,0.389,1.149
OFF-0234,SWM,Coordinator,2022-01,43,18,41.9,0.9,5,13.9,0,0.459,0.6
OFF-0234,SWM,Coordinator,2022-02,41,17,41.5,1.9,1,4.1,1,0.565,0.6
OFF-0234,SWM,Coordinator,2022-03,34,14,41.2,1.8,2,7.5,2,0.516,0.6
OFF-0234,SWM,Coordinator,2022-04,44,20,45.5,2.6,3,8.4,0,0.619,0.6
OFF-0234,SWM,Coordinator,2022-05,39,20,51.3,2.1,2,6.3,0,0.579,0.6
OFF-0234,SWM,Coordinator,2022-06,45,21,46.7,1.5,6,13.9,1,0.56,0.6
OFF-0234,SWM,Coordinator,2022-07,49,19,38.8,2.1,6,13.7,2,0.668,0.6
OFF-0234,SWM,Coordinator,2022-08,66,30,45.5,2.4,9,14.8,1,0.744,0.6
OFF-0234,SWM,Coordinator,2022-09,48,26,54.2,1.8,5,10.5,1,0.622,0.6
OFF-0234,SWM,Coordinator,2022-10,45,23,51.1,1.5,6,14.1,1,0.574,0.6
OFF-0234,SWM,Coordinator,2022-11,43,17,39.5,1.6,4,9.9,2,0.563,0.6
OFF-0234,SWM,Coordinator,2022-12,38,18,47.4,0.7,3,9.6,2,0.382,0.6
OFF-0234,SWM,Coordinator,2023-01,35,18,51.4,1.4,3,10.7,1,0.476,0.6
OFF-0234,SWM,Coordinator,2023-02,48,20,41.7,1.1,7,15.2,2,0.527,0.6
OFF-0234,SWM,Coordinator,2023-03,36,18,50.0,2.6,3,8.9,0,0.567,0.6
OFF-0234,SWM,Coordinator,2023-04,35,17,48.6,2.2,1,4.1,4,0.546,0.6
OFF-0234,SWM,Coordinator,2023-05,40,18,45.0,2.1,5,14.5,3,0.61,0.6
OFF-0234,SWM,Coordinator,2023-06,58,27,46.6,1.6,5,8.7,2,0.648,0.6
OFF-0234,SWM,Coordinator,2023-07,71,36,50.7,1.8,9,13.9,2,0.714,0.6
OFF-0234,SWM,Coordinator,2023-08,65,35,53.8,2.5,9,15.4,0,0.746,0.6
OFF-0234,SWM,Coordinator,2023-09,72,31,43.1,1.8,6,8.9,0,0.692,0.6
OFF-0234,SWM,Coordinator,2023-10,33,14,42.4,1.8,4,14.7,0,0.533,0.6
OFF-0234,SWM,Coordinator,2023-11,41,16,39.0,1.4,3,9.5,4,0.505,0.6
OFF-0234,SWM,Coordinator,2023-12,37,20,54.1,1.5,2,8.0,3,0.498,0.6
OFF-0234,SWM,Coordinator,2024-01,46,25,54.3,2.2,3,7.2,1,0.628,0.6
OFF-0234,SWM,Coordinator,2024-02,44,20,45.5,1.7,6,14.1,1,0.589,0.6
OFF-0234,SWM,Coordinator,2024-03,46,25,54.3,1.5,1,4.1,0,0.537,0.6
OFF-0234,SWM,Coordinator,2024-04,42,18,42.9,1.6,6,15.1,1,0.568,0.6
OFF-0234,SWM,Coordinator,2024-05,34,14,41.2,2.2,4,13.9,2,0.568,0.6
OFF-0234,SWM,Coordinator,2024-06,66,30,45.5,1.5,5,8.0,1,0.656,0.6
OFF-0234,SWM,Coordinator,2024-07,49,24,49.0,0.5,3,7.8,2,0.432,0.6
OFF-0234,SWM,Coordinator,2024-08,83,33,39.8,2.0,8,10.4,3,0.726,0.6
OFF-0234,SWM,Coordinator,2024-09,66,33,50.0,1.2,4,6.7,1,0.602,0.6
OFF-0234,SWM,Coordinator,2024-10,46,18,39.1,1.0,2,6.4,3,0.481,0.6
OFF-0234,SWM,Coordinator,2024-11,48,23,47.9,2.2,2,4.2,2,0.633,0.6
OFF-0234,SWM,Coordinator,2024-12,34,18,52.9,2.2,5,14.8,0,0.571,0.6
OFF-0235,SWM,Field Officer,2022-01,16,11,68.8,0.8,0,0.0,2,0.226,1.107
OFF-0235,SWM,Field Officer,2022-02,14,10,71.4,0.9,0,0.0,2,0.226,1.107
OFF-0235,SWM,Field Officer,2022-03,16,13,81.2,2.0,0,0.0,2,0.407,1.107
OFF-0235,SWM,Field Officer,2022-04,12,11,91.7,0.6,0,0.0,0,0.177,1.107
OFF-0235,SWM,Field Officer,2022-05,17,13,76.5,0.6,0,0.0,1,0.203,1.107
OFF-0235,SWM,Field Officer,2022-06,26,22,84.6,0.5,0,0.0,0,0.248,1.107
OFF-0235,SWM,Field Officer,2022-07,24,20,83.3,0.5,0,0.0,0,0.235,1.107
OFF-0235,SWM,Field Officer,2022-08,21,18,85.7,0.9,0,0.0,2,0.268,1.107
OFF-0235,SWM,Field Officer,2022-09,24,21,87.5,1.2,0,0.0,2,0.337,1.107
OFF-0235,SWM,Field Officer,2022-10,15,12,80.0,0.8,0,0.0,1,0.227,1.107
OFF-0235,SWM,Field Officer,2022-11,13,11,84.6,0.5,0,0.0,2,0.162,1.107
OFF-0235,SWM,Field Officer,2022-12,12,11,91.7,1.0,0,0.0,2,0.226,1.107
OFF-0235,SWM,Field Officer,2023-01,12,9,75.0,0.8,0,0.0,3,0.197,1.107
OFF-0235,SWM,Field Officer,2023-02,12,11,91.7,0.5,0,0.0,2,0.155,1.107
OFF-0235,SWM,Field Officer,2023-03,15,12,80.0,1.5,0,0.0,1,0.33,1.107
OFF-0235,SWM,Field Officer,2023-04,13,12,92.3,1.9,0,0.0,1,0.368,1.107
OFF-0235,SWM,Field Officer,2023-05,15,13,86.7,1.2,0,0.0,0,0.282,1.107
OFF-0235,SWM,Field Officer,2023-06,23,22,95.7,1.8,0,0.0,4,0.429,1.107
OFF-0235,SWM,Field Officer,2023-07,18,17,94.4,0.6,0,0.0,1,0.216,1.107
OFF-0235,SWM,Field Officer,2023-08,27,20,74.1,0.6,0,0.0,3,0.27,1.107
OFF-0235,SWM,Field Officer,2023-09,26,23,88.5,0.5,0,0.0,2,0.248,1.107
OFF-0235,SWM,Field Officer,2023-10,12,11,91.7,0.5,0,0.0,0,0.155,1.107
OFF-0235,SWM,Field Officer,2023-11,14,11,78.6,1.1,0,0.0,2,0.262,1.107
OFF-0235,SWM,Field Officer,2023-12,15,12,80.0,1.3,0,0.0,4,0.302,1.107
OFF-0235,SWM,Field Officer,2024-01,15,11,73.3,0.5,0,0.0,1,0.175,1.107
OFF-0235,SWM,Field Officer,2024-02,16,14,87.5,0.9,0,0.0,1,0.244,1.107
OFF-0235,SWM,Field Officer,2024-03,17,14,82.4,0.8,0,0.0,4,0.236,1.107
OFF-0235,SWM,Field Officer,2024-04,12,9,75.0,0.7,0,0.0,0,0.182,1.107
OFF-0235,SWM,Field Officer,2024-05,15,12,80.0,0.7,0,0.0,0,0.203,1.107
OFF-0235,SWM,Field Officer,2024-06,20,19,95.0,1.0,0,0.0,0,0.285,1.107
OFF-0235,SWM,Field Officer,2024-07,24,23,95.8,1.0,0,0.0,1,0.313,1.107
OFF-0235,SWM,Field Officer,2024-08,18,17,94.4,0.8,0,0.0,1,0.245,1.107
OFF-0235,SWM,Field Officer,2024-09,24,17,70.8,1.0,0,0.0,3,0.311,1.107
OFF-0235,SWM,Field Officer,2024-10,14,13,92.9,0.5,0,0.0,0,0.168,1.107
OFF-0235,SWM,Field Officer,2024-11,16,15,93.8,0.5,0,0.0,3,0.185,1.107
OFF-0235,SWM,Field Officer,2024-12,16,15,93.8,0.6,0,0.0,2,0.197,1.107
OFF-0236,SWM,Field Officer,2022-01,30,23,76.7,1.5,0,0.0,2,0.418,1.009
OFF-0236,SWM,Field Officer,2022-02,31,28,90.3,0.5,0,0.0,3,0.282,1.009
OFF-0236,SWM,Field Officer,2022-03,27,20,74.1,0.9,0,0.0,1,0.308,1.009
OFF-0236,SWM,Field Officer,2022-04,26,24,92.3,1.2,0,0.0,0,0.358,1.009
OFF-0236,SWM,Field Officer,2022-05,32,22,68.8,1.5,0,0.0,2,0.443,1.009
OFF-0236,SWM,Field Officer,2022-06,35,33,94.3,0.5,0,0.0,1,0.308,1.009
OFF-0236,SWM,Field Officer,2022-07,50,42,84.0,2.1,0,0.0,0,0.633,1.009
OFF-0236,SWM,Field Officer,2022-08,51,42,82.4,1.7,0,0.0,0,0.597,1.009
OFF-0236,SWM,Field Officer,2022-09,55,39,70.9,0.9,0,0.0,2,0.508,1.009
OFF-0236,SWM,Field Officer,2022-10,35,33,94.3,0.6,0,0.0,1,0.33,1.009
OFF-0236,SWM,Field Officer,2022-11,32,24,75.0,0.7,0,0.0,0,0.312,1.009
OFF-0236,SWM,Field Officer,2022-12,31,26,83.9,1.0,0,0.0,0,0.351,1.009
OFF-0236,SWM,Field Officer,2023-01,31,23,74.2,0.5,0,0.0,2,0.282,1.009
OFF-0236,SWM,Field Officer,2023-02,26,23,88.5,0.9,0,0.0,2,0.308,1.009
OFF-0236,SWM,Field Officer,2023-03,35,25,71.4,0.6,0,0.0,3,0.321,1.009
OFF-0236,SWM,Field Officer,2023-04,26,22,84.6,1.6,0,0.0,1,0.42,1.009
OFF-0236,SWM,Field Officer,2023-05,31,21,67.7,0.8,0,0.0,1,0.329,1.009
OFF-0236,SWM,Field Officer,2023-06,36,26,72.2,1.5,0,0.0,0,0.466,1.009
OFF-0236,SWM,Field Officer,2023-07,34,24,70.6,1.1,0,0.0,3,0.395,1.009
OFF-0236,SWM,Field Officer,2023-08,35,25,71.4,1.1,0,0.0,2,0.398,1.009
OFF-0236,SWM,Field Officer,2023-09,34,30,88.2,0.7,0,0.0,0,0.335,1.009
OFF-0236,SWM,Field Officer,2023-10,32,30,93.8,0.7,0,0.0,1,0.314,1.009
OFF-0236,SWM,Field Officer,2023-11,29,20,69.0,1.2,0,0.0,1,0.379,1.009
OFF-0236,SWM,Field Officer,2023-12,25,20,80.0,1.0,0,0.0,1,0.317,1.009
OFF-0236,SWM,Field Officer,2024-01,29,21,72.4,1.2,0,0.0,3,0.377,1.009
OFF-0236,SWM,Field Officer,2024-02,35,24,68.6,0.6,0,0.0,0,0.319,1.009
OFF-0236,SWM,Field Officer,2024-03,34,29,85.3,1.3,0,0.0,1,0.424,1.009
OFF-0236,SWM,Field Officer,2024-04,28,24,85.7,1.2,0,0.0,1,0.362,1.009
OFF-0236,SWM,Field Officer,2024-05,34,23,67.6,1.2,0,0.0,1,0.405,1.009
OFF-0236,SWM,Field Officer,2024-06,38,26,68.4,0.5,0,0.0,2,0.328,1.009
OFF-0236,SWM,Field Officer,2024-07,56,45,80.4,2.0,0,0.0,2,0.666,1.009
OFF-0236,SWM,Field Officer,2024-08,40,33,82.5,1.1,0,0.0,1,0.427,1.009
OFF-0236,SWM,Field Officer,2024-09,40,35,87.5,0.6,0,0.0,3,0.352,1.009
OFF-0236,SWM,Field Officer,2024-10,25,17,68.0,1.0,0,0.0,1,0.322,1.009
OFF-0236,SWM,Field Officer,2024-11,25,18,72.0,1.8,0,0.0,3,0.441,1.009
OFF-0236,SWM,Field Officer,2024-12,29,22,75.9,0.5,0,0.0,2,0.268,1.009
OFF-0237,SWM,Coordinator,2022-01,39,31,79.5,0.5,0,0.0,2,0.335,1.154
OFF-0237,SWM,Coordinator,2022-02,50,43,86.0,0.5,0,0.0,0,0.408,1.154
OFF-0237,SWM,Coordinator,2022-03,40,39,97.5,0.5,0,0.0,2,0.342,1.154
OFF-0237,SWM,Coordinator,2022-04,44,39,88.6,0.6,0,0.0,1,0.383,1.154
OFF-0237,SWM,Coordinator,2022-05,52,45,86.5,0.8,0,0.0,1,0.468,1.154
OFF-0237,SWM,Coordinator,2022-06,68,61,89.7,1.3,0,0.0,3,0.597,1.154
OFF-0237,SWM,Coordinator,2022-07,83,65,78.3,1.3,0,0.0,2,0.597,1.154
OFF-0237,SWM,Coordinator,2022-08,91,89,97.8,0.5,0,0.0,4,0.475,1.154
OFF-0237,SWM,Coordinator,2022-09,84,82,97.6,0.6,0,0.0,2,0.488,1.154
OFF-0237,SWM,Coordinator,2022-10,51,38,74.5,0.5,0,0.0,1,0.415,1.154
OFF-0237,SWM,Coordinator,2022-11,42,31,73.8,0.9,0,0.0,0,0.408,1.154
OFF-0237,SWM,Coordinator,2022-12,45,39,86.7,0.8,0,0.0,3,0.425,1.154
OFF-0237,SWM,Coordinator,2023-01,50,48,96.0,0.7,0,0.0,0,0.44,1.154
OFF-0237,SWM,Coordinator,2023-02,52,50,96.2,0.9,0,0.0,0,0.477,1.154
OFF-0237,SWM,Coordinator,2023-03,40,32,80.0,0.7,0,0.0,2,0.369,1.154
OFF-0237,SWM,Coordinator,2023-04,47,38,80.9,1.7,0,0.0,1,0.564,1.154
OFF-0237,SWM,Coordinator,2023-05,52,42,80.8,1.7,0,0.0,3,0.608,1.154
OFF-0237,SWM,Coordinator,2023-06,61,51,83.6,1.7,0,0.0,2,0.653,1.154
OFF-0237,SWM,Coordinator,2023-07,69,63,91.3,0.5,0,0.0,0,0.475,1.154
OFF-0237,SWM,Coordinator,2023-08,54,52,96.3,1.7,0,0.0,2,0.613,1.154
OFF-0237,SWM,Coordinator,2023-09,51,49,96.1,0.5,0,0.0,3,0.415,1.154
OFF-0237,SWM,Coordinator,2023-10,50,42,84.0,1.1,0,0.0,3,0.504,1.154
OFF-0237,SWM,Coordinator,2023-11,36,29,80.6,0.9,0,0.0,1,0.37,1.154
OFF-0237,SWM,Coordinator,2023-12,44,43,97.7,0.6,0,0.0,1,0.379,1.154
OFF-0237,SWM,Coordinator,2024-01,42,31,73.8,1.9,0,0.0,2,0.568,1.154
OFF-0237,SWM,Coordinator,2024-02,44,43,97.7,0.5,0,0.0,2,0.368,1.154
OFF-0237,SWM,Coordinator,2024-03,38,37,97.4,1.1,0,0.0,2,0.412,1.154
OFF-0237,SWM,Coordinator,2024-04,36,32,88.9,1.1,0,0.0,2,0.407,1.154
OFF-0237,SWM,Coordinator,2024-05,37,36,97.3,0.5,0,0.0,1,0.322,1.154
OFF-0237,SWM,Coordinator,2024-06,64,62,96.9,1.1,0,0.0,0,0.567,1.154
OFF-0237,SWM,Coordinator,2024-07,90,82,91.1,1.0,0,0.0,4,0.551,1.154
OFF-0237,SWM,Coordinator,2024-08,76,74,97.4,0.7,0,0.0,0,0.508,1.154
OFF-0237,SWM,Coordinator,2024-09,73,71,97.3,0.6,0,0.0,1,0.484,1.154
OFF-0237,SWM,Coordinator,2024-10,37,36,97.3,0.6,0,0.0,1,0.333,1.154
OFF-0237,SWM,Coordinator,2024-11,45,35,77.8,0.5,0,0.0,0,0.375,1.154
OFF-0237,SWM,Coordinator,2024-12,45,37,82.2,0.5,0,0.0,0,0.375,1.154
OFF-0238,SWM,Sanitary Inspector,2022-01,18,14,77.8,0.7,0,0.6,0,0.232,0.97
OFF-0238,SWM,Sanitary Inspector,2022-02,15,9,60.0,0.5,0,1.0,0,0.178,0.97
OFF-0238,SWM,Sanitary Inspector,2022-03,19,14,73.7,0.9,0,1.0,2,0.27,0.97
OFF-0238,SWM,Sanitary Inspector,2022-04,18,15,83.3,1.1,0,0.7,0,0.287,0.97
OFF-0238,SWM,Sanitary Inspector,2022-05,14,8,57.1,1.2,0,0.9,2,0.282,0.97
OFF-0238,SWM,Sanitary Inspector,2022-06,24,21,87.5,1.0,0,1.1,4,0.316,0.97
OFF-0238,SWM,Sanitary Inspector,2022-07,32,26,81.2,1.8,0,0.9,1,0.491,0.97
OFF-0238,SWM,Sanitary Inspector,2022-08,26,16,61.5,1.7,0,0.6,0,0.433,0.97
OFF-0238,SWM,Sanitary Inspector,2022-09,33,24,72.7,1.2,0,0.6,1,0.402,0.97
OFF-0238,SWM,Sanitary Inspector,2022-10,19,12,63.2,1.1,0,0.9,2,0.298,0.97
OFF-0238,SWM,Sanitary Inspector,2022-11,17,13,76.5,1.1,0,0.6,2,0.287,0.97
OFF-0238,SWM,Sanitary Inspector,2022-12,17,12,70.6,0.8,0,0.9,3,0.23,0.97
OFF-0238,SWM,Sanitary Inspector,2023-01,17,12,70.6,1.4,0,0.7,2,0.325,0.97
OFF-0238,SWM,Sanitary Inspector,2023-02,17,12,70.6,1.1,0,1.1,0,0.288,0.97
OFF-0238,SWM,Sanitary Inspector,2023-03,19,15,78.9,2.0,0,1.0,0,0.43,0.97
OFF-0238,SWM,Sanitary Inspector,2023-04,21,16,76.2,0.6,0,1.0,1,0.237,0.97
OFF-0238,SWM,Sanitary Inspector,2023-05,15,11,73.3,0.5,0,0.7,1,0.177,0.97
OFF-0238,SWM,Sanitary Inspector,2023-06,30,20,66.7,1.4,0,1.0,1,0.418,0.97
OFF-0238,SWM,Sanitary Inspector,2023-07,30,23,76.7,0.8,0,0.6,3,0.316,0.97
OFF-0238,SWM,Sanitary Inspector,2023-08,28,21,75.0,1.2,0,0.7,1,0.369,0.97
OFF-0238,SWM,Sanitary Inspector,2023-09,23,19,82.6,0.5,0,0.6,0,0.23,0.97
OFF-0238,SWM,Sanitary Inspector,2023-10,20,17,85.0,1.7,0,0.6,0,0.383,0.97
OFF-0238,SWM,Sanitary Inspector,2023-11,18,13,72.2,1.3,0,1.0,0,0.316,0.97
OFF-0238,SWM,Sanitary Inspector,2023-12,20,15,75.0,1.9,0,1.1,2,0.421,0.97
OFF-0238,SWM,Sanitary Inspector,2024-01,14,9,64.3,0.8,0,0.6,1,0.211,0.97
OFF-0238,SWM,Sanitary Inspector,2024-02,18,16,88.9,0.6,0,1.2,0,0.219,0.97
OFF-0238,SWM,Sanitary Inspector,2024-03,18,14,77.8,1.2,0,0.6,0,0.296,0.97
OFF-0238,SWM,Sanitary Inspector,2024-04,18,13,72.2,0.7,0,0.3,2,0.22,0.97
OFF-0238,SWM,Sanitary Inspector,2024-05,16,10,62.5,0.5,0,0.9,0,0.184,0.97
OFF-0238,SWM,Sanitary Inspector,2024-06,28,19,67.9,1.7,0,1.1,1,0.441,0.97
OFF-0238,SWM,Sanitary Inspector,2024-07,22,14,63.6,0.9,0,1.2,1,0.278,0.97
OFF-0238,SWM,Sanitary Inspector,2024-08,34,26,76.5,0.7,0,1.0,3,0.335,0.97
OFF-0238,SWM,Sanitary Inspector,2024-09,19,16,84.2,0.8,0,0.6,3,0.255,0.97
OFF-0238,SWM,Sanitary Inspector,2024-10,16,11,68.8,1.2,0,1.0,2,0.286,0.97
OFF-0238,SWM,Sanitary Inspector,2024-11,16,12,75.0,0.8,0,0.4,1,0.221,0.97
OFF-0238,SWM,Sanitary Inspector,2024-12,14,10,71.4,1.0,0,0.4,0,0.239,0.97
OFF-0239,SWM,Coordinator,2022-01,23,17,73.9,1.7,0,0.0,1,0.413,1.02
OFF-0239,SWM,Coordinator,2022-02,30,22,73.3,1.1,0,0.0,2,0.371,1.02
OFF-0239,SWM,Coordinator,2022-03,31,26,83.9,0.5,0,0.0,0,0.287,1.02
OFF-0239,SWM,Coordinator,2022-04,33,23,69.7,1.0,0,0.0,3,0.377,1.02
OFF-0239,SWM,Coordinator,2022-05,28,24,85.7,1.8,0,0.0,1,0.452,1.02
OFF-0239,SWM,Coordinator,2022-06,37,29,78.4,1.6,0,0.0,2,0.48,1.02
OFF-0239,SWM,Coordinator,2022-07,52,43,82.7,0.5,0,0.0,1,0.422,1.02
OFF-0239,SWM,Coordinator,2022-08,50,48,96.0,1.0,0,0.0,1,0.477,1.02
OFF-0239,SWM,Coordinator,2022-09,44,31,70.5,1.9,0,0.0,3,0.576,1.02
OFF-0239,SWM,Coordinator,2022-10,23,19,82.6,1.3,0,0.0,0,0.348,1.02
OFF-0239,SWM,Coordinator,2022-11,29,24,82.8,1.3,0,0.0,0,0.386,1.02
OFF-0239,SWM,Coordinator,2022-12,26,24,92.3,1.3,0,0.0,0,0.373,1.02
OFF-0239,SWM,Coordinator,2023-01,26,22,84.6,1.5,0,0.0,0,0.4,1.02
OFF-0239,SWM,Coordinator,2023-02,30,28,93.3,1.4,0,0.0,4,0.403,1.02
OFF-0239,SWM,Coordinator,2023-03,29,22,75.9,1.5,0,0.0,3,0.421,1.02
OFF-0239,SWM,Coordinator,2023-04,34,25,73.5,0.5,0,0.0,2,0.302,1.02
OFF-0239,SWM,Coordinator,2023-05,33,25,75.8,0.6,0,0.0,2,0.311,1.02
OFF-0239,SWM,Coordinator,2023-06,49,34,69.4,1.0,0,0.0,2,0.475,1.02
OFF-0239,SWM,Coordinator,2023-07,55,44,80.0,0.5,0,0.0,3,0.442,1.02
OFF-0239,SWM,Coordinator,2023-08,52,46,88.5,0.7,0,0.0,2,0.458,1.02
OFF-0239,SWM,Coordinator,2023-09,48,43,89.6,0.5,0,0.0,1,0.4,1.02
OFF-0239,SWM,Coordinator,2023-10,33,26,78.8,0.7,0,0.0,2,0.32,1.02
OFF-0239,SWM,Coordinator,2023-11,33,23,69.7,1.1,0,0.0,1,0.381,1.02
OFF-0239,SWM,Coordinator,2023-12,26,23,88.5,0.5,0,0.0,0,0.248,1.02
OFF-0239,SWM,Coordinator,2024-01,27,20,74.1,0.5,0,0.0,0,0.255,1.02
OFF-0239,SWM,Coordinator,2024-02,25,18,72.0,1.0,0,0.0,1,0.324,1.02
OFF-0239,SWM,Coordinator,2024-03,27,23,85.2,0.8,0,0.0,2,0.294,1.02
OFF-0239,SWM,Coordinator,2024-04,30,21,70.0,0.9,0,0.0,2,0.339,1.02
OFF-0239,SWM,Coordinator,2024-05,27,18,66.7,1.0,0,0.0,3,0.331,1.02
OFF-0239,SWM,Coordinator,2024-06,32,26,81.2,1.1,0,0.0,3,0.376,1.02
OFF-0239,SWM,Coordinator,2024-07,43,32,74.4,1.1,0,0.0,0,0.458,1.02
OFF-0239,SWM,Coordinator,2024-08,36,29,80.6,1.4,0,0.0,2,0.453,1.02
OFF-0239,SWM,Coordinator,2024-09,46,38,82.6,1.1,0,0.0,1,0.472,1.02
OFF-0239,SWM,Coordinator,2024-10,24,16,66.7,1.1,0,0.0,1,0.331,1.02
OFF-0239,SWM,Coordinator,2024-11,23,20,87.0,0.9,0,0.0,4,0.281,1.02
OFF-0239,SWM,Coordinator,2024-12,33,27,81.8,0.5,0,0.0,3,0.296,1.02
OFF-0240,SWM,Coordinator,2022-01,27,26,96.3,0.5,0,0.0,1,0.255,1.253
OFF-0240,SWM,Coordinator,2022-02,24,20,83.3,0.5,0,0.0,0,0.235,1.253
OFF-0240,SWM,Coordinator,2022-03,32,31,96.9,0.5,0,0.0,3,0.288,1.253
OFF-0240,SWM,Coordinator,2022-04,26,22,84.6,0.9,0,0.0,2,0.307,1.253
OFF-0240,SWM,Coordinator,2022-05,25,24,96.0,1.2,0,0.0,3,0.342,1.253
OFF-0240,SWM,Coordinator,2022-06,46,45,97.8,1.1,0,0.0,0,0.465,1.253
OFF-0240,SWM,Coordinator,2022-07,54,47,87.0,0.6,0,0.0,1,0.455,1.253
OFF-0240,SWM,Coordinator,2022-08,33,32,97.0,1.8,0,0.0,0,0.49,1.253
OFF-0240,SWM,Coordinator,2022-09,31,25,80.6,0.5,0,0.0,4,0.282,1.253
OFF-0240,SWM,Coordinator,2022-10,33,32,97.0,0.5,0,0.0,3,0.295,1.253
OFF-0240,SWM,Coordinator,2022-11,33,32,97.0,1.3,0,0.0,2,0.408,1.253
OFF-0240,SWM,Coordinator,2022-12,28,27,96.4,1.2,0,0.0,0,0.365,1.253
OFF-0240,SWM,Coordinator,2023-01,31,30,96.8,1.0,0,0.0,0,0.352,1.253
OFF-0240,SWM,Coordinator,2023-02,27,22,81.5,0.5,0,0.0,1,0.255,1.253
OFF-0240,SWM,Coordinator,2023-03,24,23,95.8,1.3,0,0.0,2,0.354,1.253
OFF-0240,SWM,Coordinator,2023-04,25,24,96.0,0.8,0,0.0,3,0.283,1.253
OFF-0240,SWM,Coordinator,2023-05,23,22,95.7,0.9,0,0.0,2,0.289,1.253
OFF-0240,SWM,Coordinator,2023-06,35,31,88.6,0.5,0,0.0,4,0.308,1.253
OFF-0240,SWM,Coordinator,2023-07,44,43,97.7,1.6,0,0.0,2,0.535,1.253
OFF-0240,SWM,Coordinator,2023-08,34,33,97.1,0.9,0,0.0,1,0.362,1.253
OFF-0240,SWM,Coordinator,2023-09,58,54,93.1,0.7,0,0.0,1,0.493,1.253
OFF-0240,SWM,Coordinator,2023-10,24,23,95.8,1.5,0,0.0,2,0.383,1.253
OFF-0240,SWM,Coordinator,2023-11,32,31,96.9,0.5,0,0.0,2,0.288,1.253
OFF-0240,SWM,Coordinator,2023-12,32,31,96.9,1.0,0,0.0,0,0.361,1.253
OFF-0240,SWM,Coordinator,2024-01,32,31,96.9,0.5,0,0.0,0,0.288,1.253
OFF-0240,SWM,Coordinator,2024-02,33,31,93.9,1.7,0,0.0,0,0.48,1.253
OFF-0240,SWM,Coordinator,2024-03,33,30,90.9,0.5,0,0.0,1,0.295,1.253
OFF-0240,SWM,Coordinator,2024-04,33,31,93.9,1.4,0,0.0,4,0.423,1.253
OFF-0240,SWM,Coordinator,2024-05,26,23,88.5,1.4,0,0.0,0,0.389,1.253
OFF-0240,SWM,Coordinator,2024-06,33,32,97.0,1.6,0,0.0,0,0.457,1.253
OFF-0240,SWM,Coordinator,2024-07,36,32,88.9,0.5,0,0.0,1,0.315,1.253
OFF-0240,SWM,Coordinator,2024-08,40,39,97.5,1.3,0,0.0,1,0.464,1.253
OFF-0240,SWM,Coordinator,2024-09,39,38,97.4,1.0,0,0.0,0,0.404,1.253
OFF-0240,SWM,Coordinator,2024-10,34,33,97.1,0.5,0,0.0,1,0.302,1.253
OFF-0240,SWM,Coordinator,2024-11,29,28,96.6,0.7,0,0.0,3,0.298,1.253
OFF-0240,SWM,Coordinator,2024-12,24,23,95.8,0.5,0,0.0,1,0.235,1.253
OFF-0241,SWM,Coordinator,2022-01,22,21,95.5,0.7,0,0.0,2,0.25,1.37
OFF-0241,SWM,Coordinator,2022-02,22,21,95.5,0.5,0,0.0,1,0.222,1.37
OFF-0241,SWM,Coordinator,2022-03,20,19,95.0,0.5,0,0.0,0,0.208,1.37
OFF-0241,SWM,Coordinator,2022-04,19,17,89.5,0.5,0,0.0,1,0.207,1.37
OFF-0241,SWM,Coordinator,2022-05,23,22,95.7,0.6,0,0.0,3,0.246,1.37
OFF-0241,SWM,Coordinator,2022-06,26,25,96.2,1.0,0,0.0,1,0.326,1.37
OFF-0241,SWM,Coordinator,2022-07,29,28,96.6,0.5,0,0.0,0,0.268,1.37
OFF-0241,SWM,Coordinator,2022-08,29,28,96.6,0.6,0,0.0,1,0.285,1.37
OFF-0241,SWM,Coordinator,2022-09,38,37,97.4,1.0,0,0.0,1,0.396,1.37
OFF-0241,SWM,Coordinator,2022-10,19,18,94.7,0.8,0,0.0,1,0.252,1.37
OFF-0241,SWM,Coordinator,2022-11,24,22,91.7,0.7,0,0.0,2,0.259,1.37
OFF-0241,SWM,Coordinator,2022-12,17,16,94.1,0.8,0,0.0,1,0.238,1.37
OFF-0241,SWM,Coordinator,2023-01,21,20,95.2,0.5,0,0.0,2,0.215,1.37
OFF-0241,SWM,Coordinator,2023-02,23,22,95.7,0.8,0,0.0,2,0.281,1.37
OFF-0241,SWM,Coordinator,2023-03,20,19,95.0,0.8,0,0.0,1,0.259,1.37
OFF-0241,SWM,Coordinator,2023-04,22,20,90.9,0.5,0,0.0,1,0.222,1.37
OFF-0241,SWM,Coordinator,2023-05,23,22,95.7,0.8,0,0.0,0,0.275,1.37
OFF-0241,SWM,Coordinator,2023-06,33,32,97.0,0.5,0,0.0,0,0.295,1.37
OFF-0241,SWM,Coordinator,2023-07,35,34,97.1,1.4,0,0.0,3,0.443,1.37
OFF-0241,SWM,Coordinator,2023-08,31,30,96.8,0.5,0,0.0,3,0.282,1.37
OFF-0241,SWM,Coordinator,2023-09,31,27,87.1,0.6,0,0.0,2,0.296,1.37
OFF-0241,SWM,Coordinator,2023-10,23,22,95.7,0.7,0,0.0,4,0.257,1.37
OFF-0241,SWM,Coordinator,2023-11,22,21,95.5,0.9,0,0.0,3,0.286,1.37
OFF-0241,SWM,Coordinator,2023-12,24,22,91.7,0.8,0,0.0,4,0.284,1.37
OFF-0241,SWM,Coordinator,2024-01,21,20,95.2,0.7,0,0.0,1,0.25,1.37
OFF-0241,SWM,Coordinator,2024-02,19,18,94.7,0.9,0,0.0,2,0.257,1.37
OFF-0241,SWM,Coordinator,2024-03,21,19,90.5,1.2,0,0.0,2,0.326,1.37
OFF-0241,SWM,Coordinator,2024-04,23,21,91.3,0.8,0,0.0,1,0.274,1.37
OFF-0241,SWM,Coordinator,2024-05,20,19,95.0,0.8,0,0.0,0,0.255,1.37
OFF-0241,SWM,Coordinator,2024-06,27,24,88.9,1.4,0,0.0,3,0.391,1.37
OFF-0241,SWM,Coordinator,2024-07,29,28,96.6,1.4,0,0.0,1,0.407,1.37
OFF-0241,SWM,Coordinator,2024-08,25,24,96.0,0.5,0,0.0,1,0.242,1.37
OFF-0241,SWM,Coordinator,2024-09,30,29,96.7,0.5,0,0.0,0,0.275,1.37
OFF-0241,SWM,Coordinator,2024-10,23,22,95.7,0.5,0,0.0,3,0.228,1.37
OFF-0241,SWM,Coordinator,2024-11,23,22,95.7,1.3,0,0.0,1,0.354,1.37
OFF-0241,SWM,Coordinator,2024-12,21,20,95.2,1.5,0,0.0,1,0.37,1.37
OFF-0242,SWM,Sanitary Inspector,2022-01,36,32,88.9,1.2,0,0.2,1,0.423,0.991
OFF-0242,SWM,Sanitary Inspector,2022-02,34,27,79.4,1.3,0,0.3,1,0.415,0.991
OFF-0242,SWM,Sanitary Inspector,2022-03,30,21,70.0,1.2,0,0.3,1,0.382,0.991
OFF-0242,SWM,Sanitary Inspector,2022-04,37,26,70.3,1.0,0,0.3,2,0.403,0.991
OFF-0242,SWM,Sanitary Inspector,2022-05,33,24,72.7,0.5,0,0.3,2,0.296,0.991
OFF-0242,SWM,Sanitary Inspector,2022-06,56,42,75.0,0.5,0,0.2,1,0.449,0.991
OFF-0242,SWM,Sanitary Inspector,2022-07,54,39,72.2,0.7,0,0.1,1,0.467,0.991
OFF-0242,SWM,Sanitary Inspector,2022-08,47,33,70.2,0.7,0,0.2,4,0.424,0.991
OFF-0242,SWM,Sanitary Inspector,2022-09,36,28,77.8,1.2,0,0.3,3,0.427,0.991
OFF-0242,SWM,Sanitary Inspector,2022-10,38,26,68.4,1.1,0,0.3,3,0.426,0.991
OFF-0242,SWM,Sanitary Inspector,2022-11,37,25,67.6,0.5,0,0.3,3,0.323,0.991
OFF-0242,SWM,Sanitary Inspector,2022-12,32,27,84.4,1.3,0,0.1,4,0.416,0.991
OFF-0242,SWM,Sanitary Inspector,2023-01,29,23,79.3,0.5,0,0.3,1,0.269,0.991
OFF-0242,SWM,Sanitary Inspector,2023-02,25,18,72.0,1.3,0,0.2,0,0.36,0.991
OFF-0242,SWM,Sanitary Inspector,2023-03,31,26,83.9,1.1,0,0.3,0,0.369,0.991
OFF-0242,SWM,Sanitary Inspector,2023-04,27,25,92.6,0.9,0,0.3,2,0.318,0.991
OFF-0242,SWM,Sanitary Inspector,2023-05,38,25,65.8,0.5,0,0.3,1,0.329,0.991
OFF-0242,SWM,Sanitary Inspector,2023-06,57,43,75.4,1.5,0,0.1,2,0.603,0.991
OFF-0242,SWM,Sanitary Inspector,2023-07,41,29,70.7,1.1,0,0.4,0,0.434,0.991
OFF-0242,SWM,Sanitary Inspector,2023-08,53,39,73.6,0.5,0,0.4,0,0.433,0.991
OFF-0242,SWM,Sanitary Inspector,2023-09,43,32,74.4,1.0,0,0.3,0,0.441,0.991
OFF-0242,SWM,Sanitary Inspector,2023-10,34,29,85.3,1.5,0,0.1,0,0.449,0.991
OFF-0242,SWM,Sanitary Inspector,2023-11,27,20,74.1,0.8,0,0.3,0,0.307,0.991
OFF-0242,SWM,Sanitary Inspector,2023-12,31,29,93.5,1.0,0,0.3,0,0.357,0.991
OFF-0242,SWM,Sanitary Inspector,2024-01,29,26,89.7,0.5,0,0.1,2,0.269,0.991
OFF-0242,SWM,Sanitary Inspector,2024-02,34,23,67.6,1.2,0,0.3,1,0.414,0.991
OFF-0242,SWM,Sanitary Inspector,2024-03,32,24,75.0,1.5,0,0.2,1,0.442,0.991
OFF-0242,SWM,Sanitary Inspector,2024-04,35,29,82.9,1.2,0,0.2,1,0.409,0.991
OFF-0242,SWM,Sanitary Inspector,2024-05,27,23,85.2,1.7,0,0.3,0,0.436,0.991
OFF-0242,SWM,Sanitary Inspector,2024-06,54,42,77.8,0.5,0,0.2,1,0.436,0.991
OFF-0242,SWM,Sanitary Inspector,2024-07,46,29,63.0,1.1,0,0.2,3,0.472,0.991
OFF-0242,SWM,Sanitary Inspector,2024-08,50,40,80.0,0.9,0,0.2,1,0.467,0.991
OFF-0242,SWM,Sanitary Inspector,2024-09,57,45,78.9,1.6,0,0.1,0,0.617,0.991
OFF-0242,SWM,Sanitary Inspector,2024-10,31,20,64.5,0.5,0,0.3,2,0.282,0.991
OFF-0242,SWM,Sanitary Inspector,2024-11,29,25,86.2,0.7,0,0.1,1,0.295,0.991
OFF-0242,SWM,Sanitary Inspector,2024-12,30,23,76.7,2.1,0,0.2,2,0.501,0.991
OFF-0243,SWM,Coordinator,2022-01,24,20,83.3,1.5,0,3.9,2,0.395,0.901
OFF-0243,SWM,Coordinator,2022-02,26,16,61.5,0.9,0,3.7,2,0.317,0.901
OFF-0243,SWM,Coordinator,2022-03,26,20,76.9,0.7,0,2.4,0,0.28,0.901
OFF-0243,SWM,Coordinator,2022-04,31,22,71.0,1.5,1,3.9,2,0.445,0.901
OFF-0243,SWM,Coordinator,2022-05,26,21,80.8,0.5,0,3.6,1,0.259,0.901
OFF-0243,SWM,Coordinator,2022-06,37,25,67.6,0.8,0,1.4,1,0.368,0.901
OFF-0243,SWM,Coordinator,2022-07,45,36,80.0,1.8,1,2.7,0,0.576,0.901
OFF-0243,SWM,Coordinator,2022-08,31,21,67.7,1.4,0,2.5,1,0.425,0.901
OFF-0243,SWM,Coordinator,2022-09,41,27,65.9,2.0,0,1.6,4,0.574,0.901
OFF-0243,SWM,Coordinator,2022-10,27,16,59.3,0.6,0,1.8,4,0.277,0.901
OFF-0243,SWM,Coordinator,2022-11,32,22,68.8,1.1,1,3.8,0,0.383,0.901
OFF-0243,SWM,Coordinator,2022-12,28,20,71.4,0.7,0,3.1,1,0.3,0.901
OFF-0243,SWM,Coordinator,2023-01,28,18,64.3,1.6,0,2.0,1,0.429,0.901
OFF-0243,SWM,Coordinator,2023-02,23,17,73.9,0.5,0,3.6,0,0.239,0.901
OFF-0243,SWM,Coordinator,2023-03,27,19,70.4,1.8,0,1.9,0,0.453,0.901
OFF-0243,SWM,Coordinator,2023-04,26,20,76.9,0.8,0,3.5,3,0.308,0.901
OFF-0243,SWM,Coordinator,2023-05,31,25,80.6,1.7,0,2.9,3,0.469,0.901
OFF-0243,SWM,Coordinator,2023-06,46,27,58.7,1.3,0,1.2,3,0.505,0.901
OFF-0243,SWM,Coordinator,2023-07,44,30,68.2,2.0,1,3.4,3,0.603,0.901
OFF-0243,SWM,Coordinator,2023-08,55,34,61.8,1.3,1,2.2,0,0.575,0.901
OFF-0243,SWM,Coordinator,2023-09,46,32,69.6,1.1,1,2.6,0,0.476,0.901
OFF-0243,SWM,Coordinator,2023-10,24,16,66.7,0.9,0,1.4,1,0.301,0.901
OFF-0243,SWM,Coordinator,2023-11,29,23,79.3,0.5,0,2.8,1,0.277,0.901
OFF-0243,SWM,Coordinator,2023-12,29,17,58.6,0.5,0,3.2,1,0.283,0.901
OFF-0243,SWM,Coordinator,2024-01,28,16,57.1,1.6,0,2.1,0,0.427,0.901
OFF-0243,SWM,Coordinator,2024-02,25,17,68.0,0.5,0,3.3,1,0.251,0.901
OFF-0243,SWM,Coordinator,2024-03,30,24,80.0,0.7,0,1.6,0,0.316,0.901
OFF-0243,SWM,Coordinator,2024-04,24,20,83.3,0.9,0,3.4,1,0.308,0.901
OFF-0243,SWM,Coordinator,2024-05,25,16,64.0,1.5,0,2.2,4,0.397,0.901
OFF-0243,SWM,Coordinator,2024-06,35,29,82.9,1.1,0,1.3,1,0.408,0.901
OFF-0243,SWM,Coordinator,2024-07,31,18,58.1,1.0,0,1.9,0,0.367,0.901
OFF-0243,SWM,Coordinator,2024-08,48,28,58.3,1.4,1,3.6,2,0.543,0.901
OFF-0243,SWM,Coordinator,2024-09,47,34,72.3,0.5,0,1.1,1,0.392,0.901
OFF-0243,SWM,Coordinator,2024-10,31,21,67.7,1.5,0,2.7,0,0.446,0.901
OFF-0243,SWM,Coordinator,2024-11,23,14,60.9,1.9,0,3.0,1,0.452,0.901
OFF-0243,SWM,Coordinator,2024-12,25,17,68.0,0.9,0,1.4,2,0.308,0.901
OFF-0244,SWM,Sanitary Inspector,2022-01,39,36,92.3,0.5,0,0.0,0,0.335,1.022
OFF-0244,SWM,Sanitary Inspector,2022-02,31,24,77.4,0.5,0,0.0,2,0.282,1.022
OFF-0244,SWM,Sanitary Inspector,2022-03,28,24,85.7,1.1,0,0.0,0,0.351,1.022
OFF-0244,SWM,Sanitary Inspector,2022-04,37,30,81.1,1.5,0,0.0,1,0.478,1.022
OFF-0244,SWM,Sanitary Inspector,2022-05,38,36,94.7,0.5,0,0.0,1,0.328,1.022
OFF-0244,SWM,Sanitary Inspector,2022-06,56,53,94.6,1.2,0,0.0,1,0.546,1.022
OFF-0244,SWM,Sanitary Inspector,2022-07,53,51,96.2,1.1,0,0.0,0,0.518,1.022
OFF-0244,SWM,Sanitary Inspector,2022-08,56,46,82.1,0.5,0,0.0,0,0.448,1.022
OFF-0244,SWM,Sanitary Inspector,2022-09,60,50,83.3,1.2,0,0.0,2,0.584,1.022
OFF-0244,SWM,Sanitary Inspector,2022-10,38,27,71.1,0.5,0,0.0,0,0.328,1.022
OFF-0244,SWM,Sanitary Inspector,2022-11,32,26,81.2,0.7,0,0.0,0,0.311,1.022
OFF-0244,SWM,Sanitary Inspector,2022-12,32,25,78.1,1.4,0,0.0,1,0.429,1.022
OFF-0244,SWM,Sanitary Inspector,2023-01,40,31,77.5,0.8,0,0.0,0,0.385,1.022
OFF-0244,SWM,Sanitary Inspector,2023-02,28,20,71.4,0.5,0,0.0,0,0.262,1.022
OFF-0244,SWM,Sanitary Inspector,2023-03,28,24,85.7,2.7,0,0.0,1,0.487,1.022
OFF-0244,SWM,Sanitary Inspector,2023-04,28,21,75.0,1.2,0,0.0,0,0.362,1.022
OFF-0244,SWM,Sanitary Inspector,2023-05,32,27,84.4,1.0,0,0.0,2,0.361,1.022
OFF-0244,SWM,Sanitary Inspector,2023-06,52,39,75.0,0.8,0,0.0,0,0.463,1.022
OFF-0244,SWM,Sanitary Inspector,2023-07,51,37,72.5,1.4,0,0.0,4,0.549,1.022
OFF-0244,SWM,Sanitary Inspector,2023-08,66,52,78.8,1.0,0,0.0,2,0.557,1.022
OFF-0244,SWM,Sanitary Inspector,2023-09,58,47,81.0,1.1,0,0.0,0,0.548,1.022
OFF-0244,SWM,Sanitary Inspector,2023-10,28,20,71.4,0.7,0,0.0,2,0.291,1.022
OFF-0244,SWM,Sanitary Inspector,2023-11,33,22,66.7,1.3,0,0.0,0,0.411,1.022
OFF-0244,SWM,Sanitary Inspector,2023-12,36,33,91.7,1.0,0,0.0,4,0.383,1.022
OFF-0244,SWM,Sanitary Inspector,2024-01,39,36,92.3,0.7,0,0.0,1,0.363,1.022
OFF-0244,SWM,Sanitary Inspector,2024-02,37,33,89.2,0.5,0,0.0,0,0.322,1.022
OFF-0244,SWM,Sanitary Inspector,2024-03,40,38,95.0,1.3,0,0.0,3,0.46,1.022
OFF-0244,SWM,Sanitary Inspector,2024-04,33,26,78.8,1.5,0,0.0,2,0.446,1.022
OFF-0244,SWM,Sanitary Inspector,2024-05,27,20,74.1,1.6,0,0.0,0,0.414,1.022
OFF-0244,SWM,Sanitary Inspector,2024-06,65,59,90.8,2.1,0,0.0,2,0.7,1.022
OFF-0244,SWM,Sanitary Inspector,2024-07,58,47,81.0,1.5,0,0.0,1,0.608,1.022
OFF-0244,SWM,Sanitary Inspector,2024-08,63,52,82.5,1.3,0,0.0,0,0.597,1.022
OFF-0244,SWM,Sanitary Inspector,2024-09,48,36,75.0,0.5,0,0.0,2,0.395,1.022
OFF-0244,SWM,Sanitary Inspector,2024-10,32,29,90.6,0.6,0,0.0,1,0.3,1.022
OFF-0244,SWM,Sanitary Inspector,2024-11,36,33,91.7,0.6,0,0.0,1,0.337,1.022
OFF-0244,SWM,Sanitary Inspector,2024-12,28,19,67.9,0.5,0,0.0,0,0.265,1.022
OFF-0245,SWM,Sanitary Inspector,2022-01,45,34,75.6,0.8,0,2.1,2,0.431,0.841
OFF-0245,SWM,Sanitary Inspector,2022-02,40,28,70.0,0.9,0,2.3,4,0.414,0.841
OFF-0245,SWM,Sanitary Inspector,2022-03,37,23,62.2,0.5,1,3.7,2,0.333,0.841
OFF-0245,SWM,Sanitary Inspector,2022-04,34,23,67.6,1.6,1,3.4,1,0.471,0.841
OFF-0245,SWM,Sanitary Inspector,2022-05,48,34,70.8,1.3,2,5.4,4,0.536,0.841
OFF-0245,SWM,Sanitary Inspector,2022-06,72,46,63.9,1.1,2,3.3,0,0.578,0.841
OFF-0245,SWM,Sanitary Inspector,2022-07,53,30,56.6,1.4,1,2.4,0,0.569,0.841
OFF-0245,SWM,Sanitary Inspector,2022-08,64,48,75.0,1.3,3,5.9,1,0.616,0.841
OFF-0245,SWM,Sanitary Inspector,2022-09,82,48,58.5,0.9,3,3.9,1,0.549,0.841
OFF-0245,SWM,Sanitary Inspector,2022-10,46,31,67.4,1.4,2,5.1,2,0.535,0.841
OFF-0245,SWM,Sanitary Inspector,2022-11,34,21,61.8,1.2,0,2.7,0,0.412,0.841
OFF-0245,SWM,Sanitary Inspector,2022-12,48,26,54.2,0.9,0,1.7,1,0.454,0.841
OFF-0245,SWM,Sanitary Inspector,2023-01,38,21,55.3,1.6,0,2.5,0,0.499,0.841
OFF-0245,SWM,Sanitary Inspector,2023-02,33,22,66.7,1.0,1,3.9,1,0.381,0.841
OFF-0245,SWM,Sanitary Inspector,2023-03,36,26,72.2,1.3,1,5.4,2,0.456,0.841
OFF-0245,SWM,Sanitary Inspector,2023-04,40,30,75.0,1.3,1,3.3,1,0.467,0.841
OFF-0245,SWM,Sanitary Inspector,2023-05,45,27,60.0,1.7,0,2.0,2,0.567,0.841
OFF-0245,SWM,Sanitary Inspector,2023-06,54,33,61.1,1.5,1,2.8,0,0.591,0.841
OFF-0245,SWM,Sanitary Inspector,2023-07,84,57,67.9,0.8,2,3.4,0,0.527,0.841
OFF-0245,SWM,Sanitary Inspector,2023-08,48,29,60.4,0.5,3,6.3,0,0.414,0.841
OFF-0245,SWM,Sanitary Inspector,2023-09,68,47,69.1,0.5,3,5.6,2,0.492,0.841
OFF-0245,SWM,Sanitary Inspector,2023-10,40,22,55.0,1.8,1,3.8,2,0.544,0.841
OFF-0245,SWM,Sanitary Inspector,2023-11,45,32,71.1,1.1,2,5.1,0,0.483,0.841
OFF-0245,SWM,Sanitary Inspector,2023-12,35,21,60.0,1.7,1,5.3,3,0.505,0.841
OFF-0245,SWM,Sanitary Inspector,2024-01,33,19,57.6,1.1,1,5.2,1,0.395,0.841
OFF-0245,SWM,Sanitary Inspector,2024-02,46,27,58.7,1.6,1,4.0,2,0.565,0.841
OFF-0245,SWM,Sanitary Inspector,2024-03,35,25,71.4,0.5,1,3.9,4,0.32,0.841
OFF-0245,SWM,Sanitary Inspector,2024-04,46,34,73.9,0.5,1,4.3,2,0.395,0.841
OFF-0245,SWM,Sanitary Inspector,2024-05,36,28,77.8,0.8,1,2.8,1,0.362,0.841
OFF-0245,SWM,Sanitary Inspector,2024-06,61,43,70.5,0.9,1,3.2,1,0.55,0.841
OFF-0245,SWM,Sanitary Inspector,2024-07,47,33,70.2,0.5,1,3.3,0,0.398,0.841
OFF-0245,SWM,Sanitary Inspector,2024-08,46,33,71.7,1.4,0,1.9,2,0.524,0.841
OFF-0245,SWM,Sanitary Inspector,2024-09,72,40,55.6,0.5,3,4.7,2,0.489,0.841
OFF-0245,SWM,Sanitary Inspector,2024-10,37,22,59.5,0.7,1,4.1,0,0.358,0.841
OFF-0245,SWM,Sanitary Inspector,2024-11,38,23,60.5,2.2,0,1.8,0,0.559,0.841
OFF-0245,SWM,Sanitary Inspector,2024-12,43,27,62.8,0.5,1,4.4,1,0.375,0.841
OFF-0246,SWM,Coordinator,2022-01,21,14,66.7,1.3,0,3.7,0,0.339,0.887
OFF-0246,SWM,Coordinator,2022-02,19,11,57.9,1.7,0,3.5,0,0.392,0.887
OFF-0246,SWM,Coordinator,2022-03,27,17,63.0,1.7,0,1.5,0,0.44,0.887
OFF-0246,SWM,Coordinator,2022-04,25,21,84.0,1.3,0,2.3,1,0.368,0.887
OFF-0246,SWM,Coordinator,2022-05,24,18,75.0,0.7,0,1.8,1,0.274,0.887
OFF-0246,SWM,Coordinator,2022-06,36,25,69.4,1.0,1,4.4,0,0.402,0.887
OFF-0246,SWM,Coordinator,2022-07,28,17,60.7,0.9,1,3.6,1,0.331,0.887
OFF-0246,SWM,Coordinator,2022-08,43,32,74.4,1.2,1,4.5,2,0.477,0.887
OFF-0246,SWM,Coordinator,2022-09,31,19,61.3,0.5,0,1.3,1,0.286,0.887
OFF-0246,SWM,Coordinator,2022-10,22,14,63.6,1.2,0,3.8,2,0.333,0.887
OFF-0246,SWM,Coordinator,2022-11,22,16,72.7,1.5,0,2.6,3,0.373,0.887
OFF-0246,SWM,Coordinator,2022-12,28,16,57.1,1.5,1,3.7,2,0.423,0.887
OFF-0246,SWM,Coordinator,2023-01,25,15,60.0,1.5,0,1.2,0,0.393,0.887
OFF-0246,SWM,Coordinator,2023-02,24,17,70.8,1.1,0,3.1,1,0.327,0.887
OFF-0246,SWM,Coordinator,2023-03,21,14,66.7,1.6,0,1.7,2,0.388,0.887
OFF-0246,SWM,Coordinator,2023-04,22,14,63.6,0.7,0,2.0,3,0.258,0.887
OFF-0246,SWM,Coordinator,2023-05,25,17,68.0,0.7,0,1.5,1,0.282,0.887
OFF-0246,SWM,Coordinator,2023-06,43,25,58.1,0.5,1,3.8,1,0.373,0.887
OFF-0246,SWM,Coordinator,2023-07,44,28,63.6,0.8,1,3.3,0,0.428,0.887
OFF-0246,SWM,Coordinator,2023-08,36,21,58.3,1.1,0,2.7,2,0.412,0.887
OFF-0246,SWM,Coordinator,2023-09,27,21,77.8,0.8,0,1.1,2,0.31,0.887
OFF-0246,SWM,Coordinator,2023-10,20,15,75.0,1.1,0,4.2,1,0.311,0.887
OFF-0246,SWM,Coordinator,2023-11,26,18,69.2,0.8,1,4.3,2,0.299,0.887
OFF-0246,SWM,Coordinator,2023-12,27,17,63.0,1.1,1,4.0,0,0.36,0.887
OFF-0246,SWM,Coordinator,2024-01,23,17,73.9,1.0,1,4.4,1,0.316,0.887
OFF-0246,SWM,Coordinator,2024-02,26,19,73.1,1.4,1,3.9,1,0.396,0.887
OFF-0246,SWM,Coordinator,2024-03,28,20,71.4,1.3,1,4.1,2,0.39,0.887
OFF-0246,SWM,Coordinator,2024-04,20,15,75.0,1.1,0,1.2,1,0.309,0.887
OFF-0246,SWM,Coordinator,2024-05,27,21,77.8,1.6,1,4.0,0,0.43,0.887
OFF-0246,SWM,Coordinator,2024-06,36,21,58.3,0.7,0,2.4,2,0.356,0.887
OFF-0246,SWM,Coordinator,2024-07,31,23,74.2,0.9,0,1.6,4,0.34,0.887
OFF-0246,SWM,Coordinator,2024-08,32,22,68.8,0.7,1,4.3,0,0.335,0.887
OFF-0246,SWM,Coordinator,2024-09,36,21,58.3,0.7,1,3.7,0,0.349,0.887
OFF-0246,SWM,Coordinator,2024-10,23,18,78.3,0.6,0,1.5,0,0.25,0.887
OFF-0246,SWM,Coordinator,2024-11,26,21,80.8,0.5,0,3.2,4,0.258,0.887
OFF-0246,SWM,Coordinator,2024-12,22,17,77.3,1.6,0,4.2,4,0.401,0.887
OFF-0247,SWM,Field Officer,2022-01,16,14,87.5,0.8,0,0.0,2,0.228,1.151
OFF-0247,SWM,Field Officer,2022-02,18,17,94.4,1.6,0,0.0,1,0.353,1.151
OFF-0247,SWM,Field Officer,2022-03,19,17,89.5,1.1,0,0.0,1,0.292,1.151
OFF-0247,SWM,Field Officer,2022-04,17,14,82.4,1.1,0,0.0,2,0.273,1.151
OFF-0247,SWM,Field Officer,2022-05,17,13,76.5,0.8,0,0.0,1,0.231,1.151
OFF-0247,SWM,Field Officer,2022-06,25,24,96.0,0.9,0,0.0,0,0.295,1.151
OFF-0247,SWM,Field Officer,2022-07,28,26,92.9,1.3,0,0.0,4,0.375,1.151
OFF-0247,SWM,Field Officer,2022-08,23,19,82.6,0.8,0,0.0,2,0.268,1.151
OFF-0247,SWM,Field Officer,2022-09,19,15,78.9,1.0,0,0.0,0,0.274,1.151
OFF-0247,SWM,Field Officer,2022-10,15,11,73.3,0.6,0,0.0,3,0.185,1.151
OFF-0247,SWM,Field Officer,2022-11,14,13,92.9,0.5,0,0.0,1,0.168,1.151
OFF-0247,SWM,Field Officer,2022-12,15,12,80.0,0.5,0,0.0,3,0.175,1.151
OFF-0247,SWM,Field Officer,2023-01,14,10,71.4,0.5,0,0.0,0,0.168,1.151
OFF-0247,SWM,Field Officer,2023-02,14,13,92.9,0.8,0,0.0,1,0.206,1.151
OFF-0247,SWM,Field Officer,2023-03,17,14,82.4,0.5,0,0.0,1,0.188,1.151
OFF-0247,SWM,Field Officer,2023-04,16,15,93.8,0.8,0,0.0,2,0.234,1.151
OFF-0247,SWM,Field Officer,2023-05,14,12,85.7,1.0,0,0.0,0,0.237,1.151
OFF-0247,SWM,Field Officer,2023-06,25,24,96.0,1.8,0,0.0,3,0.444,1.151
OFF-0247,SWM,Field Officer,2023-07,19,15,78.9,1.2,0,0.0,1,0.312,1.151
OFF-0247,SWM,Field Officer,2023-08,20,19,95.0,0.9,0,0.0,2,0.262,1.151
OFF-0247,SWM,Field Officer,2023-09,25,19,76.0,0.5,0,0.0,0,0.246,1.151
OFF-0247,SWM,Field Officer,2023-10,17,15,88.2,0.6,0,0.0,1,0.21,1.151
OFF-0247,SWM,Field Officer,2023-11,14,10,71.4,1.0,0,0.0,0,0.244,1.151
OFF-0247,SWM,Field Officer,2023-12,17,14,82.4,0.6,0,0.0,4,0.207,1.151
OFF-0247,SWM,Field Officer,2024-01,16,13,81.2,1.0,0,0.0,1,0.251,1.151
OFF-0247,SWM,Field Officer,2024-02,19,18,94.7,0.6,0,0.0,0,0.221,1.151
OFF-0247,SWM,Field Officer,2024-03,17,14,82.4,0.8,0,0.0,2,0.231,1.151
OFF-0247,SWM,Field Officer,2024-04,13,12,92.3,1.3,0,0.0,1,0.282,1.151
OFF-0247,SWM,Field Officer,2024-05,18,17,94.4,0.5,0,0.0,3,0.195,1.151
OFF-0247,SWM,Field Officer,2024-06,19,15,78.9,0.5,0,0.0,0,0.202,1.151
OFF-0247,SWM,Field Officer,2024-07,29,25,86.2,1.0,0,0.0,0,0.346,1.151
OFF-0247,SWM,Field Officer,2024-08,22,21,95.5,1.1,0,0.0,0,0.309,1.151
OFF-0247,SWM,Field Officer,2024-09,22,18,81.8,0.5,0,0.0,0,0.222,1.151
OFF-0247,SWM,Field Officer,2024-10,17,16,94.1,1.3,0,0.0,0,0.313,1.151
OFF-0247,SWM,Field Officer,2024-11,17,16,94.1,1.2,0,0.0,1,0.287,1.151
OFF-0247,SWM,Field Officer,2024-12,15,12,80.0,1.7,0,0.0,4,0.352,1.151
OFF-0248,SWM,Field Officer,2022-01,34,22,64.7,1.2,0,0.0,0,0.412,1.026
OFF-0248,SWM,Field Officer,2022-02,35,26,74.3,1.3,0,0.0,1,0.423,1.026
OFF-0248,SWM,Field Officer,2022-03,45,38,84.4,1.8,0,0.0,1,0.565,1.026
OFF-0248,SWM,Field Officer,2022-04,38,26,68.4,1.0,0,0.0,2,0.398,1.026
OFF-0248,SWM,Field Officer,2022-05,32,24,75.0,1.3,0,0.0,2,0.412,1.026
OFF-0248,SWM,Field Officer,2022-06,48,36,75.0,0.7,0,0.0,2,0.429,1.026
OFF-0248,SWM,Field Officer,2022-07,53,46,86.8,0.5,0,0.0,3,0.428,1.026
OFF-0248,SWM,Field Officer,2022-08,68,65,95.6,0.6,0,0.0,1,0.49,1.026
OFF-0248,SWM,Field Officer,2022-09,63,59,93.7,0.5,0,0.0,1,0.475,1.026
OFF-0248,SWM,Field Officer,2022-10,38,29,76.3,1.5,0,0.0,1,0.483,1.026
OFF-0248,SWM,Field Officer,2022-11,37,33,89.2,1.3,0,0.0,2,0.434,1.026
OFF-0248,SWM,Field Officer,2022-12,36,28,77.8,0.9,0,0.0,2,0.371,1.026
OFF-0248,SWM,Field Officer,2023-01,47,31,66.0,1.7,0,0.0,1,0.572,1.026
OFF-0248,SWM,Field Officer,2023-02,45,39,86.7,0.8,0,0.0,2,0.414,1.026
OFF-0248,SWM,Field Officer,2023-03,35,28,80.0,1.1,0,0.0,1,0.393,1.026
OFF-0248,SWM,Field Officer,2023-04,45,36,80.0,1.1,0,0.0,1,0.467,1.026
OFF-0248,SWM,Field Officer,2023-05,44,40,90.9,0.5,0,0.0,0,0.368,1.026
OFF-0248,SWM,Field Officer,2023-06,62,54,87.1,0.5,0,0.0,0,0.475,1.026
OFF-0248,SWM,Field Officer,2023-07,53,48,90.6,0.9,0,0.0,4,0.482,1.026
OFF-0248,SWM,Field Officer,2023-08,62,53,85.5,0.6,0,0.0,0,0.488,1.026
OFF-0248,SWM,Field Officer,2023-09,69,46,66.7,0.5,0,0.0,0,0.475,1.026
OFF-0248,SWM,Field Officer,2023-10,34,31,91.2,0.5,0,0.0,1,0.304,1.026
OFF-0248,SWM,Field Officer,2023-11,36,25,69.4,0.5,0,0.0,0,0.315,1.026
OFF-0248,SWM,Field Officer,2023-12,46,40,87.0,1.1,0,0.0,1,0.475,1.026
OFF-0248,SWM,Field Officer,2024-01,44,30,68.2,0.5,0,0.0,0,0.368,1.026
OFF-0248,SWM,Field Officer,2024-02,39,28,71.8,0.8,0,0.0,2,0.373,1.026
OFF-0248,SWM,Field Officer,2024-03,40,30,75.0,0.7,0,0.0,2,0.364,1.026
OFF-0248,SWM,Field Officer,2024-04,36,33,91.7,1.9,0,0.0,0,0.528,1.026
OFF-0248,SWM,Field Officer,2024-05,37,34,91.9,0.9,0,0.0,2,0.375,1.026
OFF-0248,SWM,Field Officer,2024-06,71,64,90.1,1.1,0,0.0,0,0.559,1.026
OFF-0248,SWM,Field Officer,2024-07,70,49,70.0,1.1,0,0.0,0,0.558,1.026
OFF-0248,SWM,Field Officer,2024-08,68,53,77.9,0.7,0,0.0,2,0.503,1.026
OFF-0248,SWM,Field Officer,2024-09,57,45,78.9,0.7,0,0.0,0,0.488,1.026
OFF-0248,SWM,Field Officer,2024-10,33,23,69.7,0.8,0,0.0,1,0.338,1.026
OFF-0248,SWM,Field Officer,2024-11,32,24,75.0,1.1,0,0.0,4,0.377,1.026
OFF-0248,SWM,Field Officer,2024-12,33,26,78.8,1.4,0,0.0,2,0.428,1.026
OFF-0249,SWM,Coordinator,2022-01,21,20,95.2,0.5,0,0.0,0,0.215,1.215
OFF-0249,SWM,Coordinator,2022-02,24,23,95.8,0.9,0,0.0,3,0.297,1.215
OFF-0249,SWM,Coordinator,2022-03,20,19,95.0,0.9,0,0.0,1,0.271,1.215
OFF-0249,SWM,Coordinator,2022-04,23,21,91.3,0.5,0,0.0,3,0.228,1.215
OFF-0249,SWM,Coordinator,2022-05,21,16,76.2,0.5,0,0.0,2,0.215,1.215
OFF-0249,SWM,Coordinator,2022-06,31,30,96.8,1.9,0,0.0,0,0.498,1.215
OFF-0249,SWM,Coordinator,2022-07,30,29,96.7,0.5,0,0.0,1,0.277,1.215
OFF-0249,SWM,Coordinator,2022-08,34,32,94.1,1.0,0,0.0,1,0.378,1.215
OFF-0249,SWM,Coordinator,2022-09,27,26,96.3,1.0,0,0.0,3,0.325,1.215
OFF-0249,SWM,Coordinator,2022-10,23,19,82.6,0.5,0,0.0,0,0.228,1.215
OFF-0249,SWM,Coordinator,2022-11,23,19,82.6,0.5,0,0.0,2,0.228,1.215
OFF-0249,SWM,Coordinator,2022-12,22,17,77.3,1.0,0,0.0,1,0.3,1.215
OFF-0249,SWM,Coordinator,2023-01,22,21,95.5,0.6,0,0.0,0,0.241,1.215
OFF-0249,SWM,Coordinator,2023-02,22,17,77.3,0.5,0,0.0,1,0.222,1.215
OFF-0249,SWM,Coordinator,2023-03,23,18,78.3,0.8,0,0.0,1,0.267,1.215
OFF-0249,SWM,Coordinator,2023-04,24,21,87.5,1.2,0,0.0,1,0.333,1.215
OFF-0249,SWM,Coordinator,2023-05,20,19,95.0,1.2,0,0.0,0,0.314,1.215
OFF-0249,SWM,Coordinator,2023-06,33,32,97.0,0.5,0,0.0,1,0.295,1.215
OFF-0249,SWM,Coordinator,2023-07,35,28,80.0,2.0,0,0.0,0,0.533,1.215
OFF-0249,SWM,Coordinator,2023-08,31,30,96.8,0.6,0,0.0,0,0.303,1.215
OFF-0249,SWM,Coordinator,2023-09,37,36,97.3,0.6,0,0.0,1,0.343,1.215
OFF-0249,SWM,Coordinator,2023-10,21,20,95.2,0.5,0,0.0,0,0.215,1.215
OFF-0249,SWM,Coordinator,2023-11,25,24,96.0,0.5,0,0.0,3,0.242,1.215
OFF-0249,SWM,Coordinator,2023-12,18,17,94.4,1.2,0,0.0,1,0.293,1.215
OFF-0249,SWM,Coordinator,2024-01,23,22,95.7,1.4,0,0.0,1,0.356,1.215
OFF-0249,SWM,Coordinator,2024-02,18,17,94.4,0.5,0,0.0,2,0.195,1.215
OFF-0249,SWM,Coordinator,2024-03,18,17,94.4,0.5,0,0.0,0,0.196,1.215
OFF-0249,SWM,Coordinator,2024-04,24,22,91.7,0.5,0,0.0,0,0.235,1.215
OFF-0249,SWM,Coordinator,2024-05,23,22,95.7,1.3,0,0.0,0,0.342,1.215
OFF-0249,SWM,Coordinator,2024-06,32,31,96.9,0.6,0,0.0,0,0.309,1.215
OFF-0249,SWM,Coordinator,2024-07,46,43,93.5,0.5,0,0.0,0,0.382,1.215
OFF-0249,SWM,Coordinator,2024-08,43,42,97.7,0.9,0,0.0,2,0.427,1.215
OFF-0249,SWM,Coordinator,2024-09,37,34,91.9,1.1,0,0.0,1,0.408,1.215
OFF-0249,SWM,Coordinator,2024-10,22,20,90.9,0.5,0,0.0,4,0.222,1.215
OFF-0249,SWM,Coordinator,2024-11,26,25,96.2,1.1,0,0.0,1,0.344,1.215
OFF-0249,SWM,Coordinator,2024-12,23,18,78.3,0.6,0,0.0,1,0.241,1.215
